unit_id,source_pdf,journal,doi,title,topic_tags,gate,char_len,abstract_signal,raw_text_stored
001_Nature_s41586-024-07547-1_peer_review_file__u0001,001_Nature_s41586-024-07547-1_peer_review_file.pdf,Nature,10.1038/s41586-024-07547-1,Global variability in atmospheric new particle formation mechanisms,aerosol chemistry; new particle formation; chemistry-climate model,aerosol_cloud_radiation_microphysics,1101,sensitivity,no
001_Nature_s41586-024-07547-1_peer_review_file__u0002,001_Nature_s41586-024-07547-1_peer_review_file.pdf,Nature,10.1038/s41586-024-07547-1,Global variability in atmospheric new particle formation mechanisms,aerosol chemistry; new particle formation; chemistry-climate model,scale_resolution_boundary_consistency,91,recommend,no
001_Nature_s41586-024-07547-1_peer_review_file__u0004,001_Nature_s41586-024-07547-1_peer_review_file.pdf,Nature,10.1038/s41586-024-07547-1,Global variability in atmospheric new particle formation mechanisms,aerosol chemistry; new particle formation; chemistry-climate model,scale_resolution_boundary_consistency,492,however; missing,no
001_Nature_s41586-024-07547-1_peer_review_file__u0006,001_Nature_s41586-024-07547-1_peer_review_file.pdf,Nature,10.1038/s41586-024-07547-1,Global variability in atmospheric new particle formation mechanisms,aerosol chemistry; new particle formation; chemistry-climate model,detail_audit,189,need; needs,no
001_Nature_s41586-024-07547-1_peer_review_file__u0010,001_Nature_s41586-024-07547-1_peer_review_file.pdf,Nature,10.1038/s41586-024-07547-1,Global variability in atmospheric new particle formation mechanisms,aerosol chemistry; new particle formation; chemistry-climate model,atmospheric_claim_evidence_calibration,384,not clear,no
001_Nature_s41586-024-07547-1_peer_review_file__u0012,001_Nature_s41586-024-07547-1_peer_review_file.pdf,Nature,10.1038/s41586-024-07547-1,Global variability in atmospheric new particle formation mechanisms,aerosol chemistry; new particle formation; chemistry-climate model,aerosol_cloud_radiation_microphysics,1816,major; lack,no
001_Nature_s41586-024-07547-1_peer_review_file__u0013,001_Nature_s41586-024-07547-1_peer_review_file.pdf,Nature,10.1038/s41586-024-07547-1,Global variability in atmospheric new particle formation mechanisms,aerosol chemistry; new particle formation; chemistry-climate model,model_physics_assumption_sensitivity,871,however; major; sensitivity,no
001_Nature_s41586-024-07547-1_peer_review_file__u0015,001_Nature_s41586-024-07547-1_peer_review_file.pdf,Nature,10.1038/s41586-024-07547-1,Global variability in atmospheric new particle formation mechanisms,aerosol chemistry; new particle formation; chemistry-climate model,model_physics_assumption_sensitivity,446,sensitivity,no
001_Nature_s41586-024-07547-1_peer_review_file__u0017,001_Nature_s41586-024-07547-1_peer_review_file.pdf,Nature,10.1038/s41586-024-07547-1,Global variability in atmospheric new particle formation mechanisms,aerosol chemistry; new particle formation; chemistry-climate model,model_physics_assumption_sensitivity,1382,however; major,no
001_Nature_s41586-024-07547-1_peer_review_file__u0018,001_Nature_s41586-024-07547-1_peer_review_file.pdf,Nature,10.1038/s41586-024-07547-1,Global variability in atmospheric new particle formation mechanisms,aerosol chemistry; new particle formation; chemistry-climate model,model_physics_assumption_sensitivity,404,however,no
001_Nature_s41586-024-07547-1_peer_review_file__u0020,001_Nature_s41586-024-07547-1_peer_review_file.pdf,Nature,10.1038/s41586-024-07547-1,Global variability in atmospheric new particle formation mechanisms,aerosol chemistry; new particle formation; chemistry-climate model,chemistry_emissions_budget,503,however; lack; sensitivity,no
001_Nature_s41586-024-07547-1_peer_review_file__u0021,001_Nature_s41586-024-07547-1_peer_review_file.pdf,Nature,10.1038/s41586-024-07547-1,Global variability in atmospheric new particle formation mechanisms,aerosol chemistry; new particle formation; chemistry-climate model,aerosol_cloud_radiation_microphysics,1101,sensitivity,no
001_Nature_s41586-024-07547-1_peer_review_file__u0022,001_Nature_s41586-024-07547-1_peer_review_file.pdf,Nature,10.1038/s41586-024-07547-1,Global variability in atmospheric new particle formation mechanisms,aerosol chemistry; new particle formation; chemistry-climate model,scale_resolution_boundary_consistency,91,recommend,no
001_Nature_s41586-024-07547-1_peer_review_file__u0023,001_Nature_s41586-024-07547-1_peer_review_file.pdf,Nature,10.1038/s41586-024-07547-1,Global variability in atmospheric new particle formation mechanisms,aerosol chemistry; new particle formation; chemistry-climate model,atmospheric_claim_evidence_calibration,416,lack,no
001_Nature_s41586-024-07547-1_peer_review_file__u0025,001_Nature_s41586-024-07547-1_peer_review_file.pdf,Nature,10.1038/s41586-024-07547-1,Global variability in atmospheric new particle formation mechanisms,aerosol chemistry; new particle formation; chemistry-climate model,scale_resolution_boundary_consistency,535,however; missing,no
001_Nature_s41586-024-07547-1_peer_review_file__u0026,001_Nature_s41586-024-07547-1_peer_review_file.pdf,Nature,10.1038/s41586-024-07547-1,Global variability in atmospheric new particle formation mechanisms,aerosol chemistry; new particle formation; chemistry-climate model,scale_resolution_boundary_consistency,1438,sensitivity,no
001_Nature_s41586-024-07547-1_peer_review_file__u0027,001_Nature_s41586-024-07547-1_peer_review_file.pdf,Nature,10.1038/s41586-024-07547-1,Global variability in atmospheric new particle formation mechanisms,aerosol chemistry; new particle formation; chemistry-climate model,scale_resolution_boundary_consistency,489,sensitivity,no
001_Nature_s41586-024-07547-1_peer_review_file__u0034,001_Nature_s41586-024-07547-1_peer_review_file.pdf,Nature,10.1038/s41586-024-07547-1,Global variability in atmospheric new particle formation mechanisms,aerosol chemistry; new particle formation; chemistry-climate model,detail_audit,189,need; needs,no
001_Nature_s41586-024-07547-1_peer_review_file__u0044,001_Nature_s41586-024-07547-1_peer_review_file.pdf,Nature,10.1038/s41586-024-07547-1,Global variability in atmospheric new particle formation mechanisms,aerosol chemistry; new particle formation; chemistry-climate model,model_physics_assumption_sensitivity,2014,should,no
001_Nature_s41586-024-07547-1_peer_review_file__u0047,001_Nature_s41586-024-07547-1_peer_review_file.pdf,Nature,10.1038/s41586-024-07547-1,Global variability in atmospheric new particle formation mechanisms,aerosol chemistry; new particle formation; chemistry-climate model,detail_audit,177,should,no
001_Nature_s41586-024-07547-1_peer_review_file__u0048,001_Nature_s41586-024-07547-1_peer_review_file.pdf,Nature,10.1038/s41586-024-07547-1,Global variability in atmospheric new particle formation mechanisms,aerosol chemistry; new particle formation; chemistry-climate model,atmospheric_claim_evidence_calibration,384,not clear,no
001_Nature_s41586-024-07547-1_peer_review_file__u0056,001_Nature_s41586-024-07547-1_peer_review_file.pdf,Nature,10.1038/s41586-024-07547-1,Global variability in atmospheric new particle formation mechanisms,aerosol chemistry; new particle formation; chemistry-climate model,aerosol_cloud_radiation_microphysics,1816,major; lack,no
001_Nature_s41586-024-07547-1_peer_review_file__u0057,001_Nature_s41586-024-07547-1_peer_review_file.pdf,Nature,10.1038/s41586-024-07547-1,Global variability in atmospheric new particle formation mechanisms,aerosol chemistry; new particle formation; chemistry-climate model,model_physics_assumption_sensitivity,871,however; major; sensitivity,no
001_Nature_s41586-024-07547-1_peer_review_file__u0059,001_Nature_s41586-024-07547-1_peer_review_file.pdf,Nature,10.1038/s41586-024-07547-1,Global variability in atmospheric new particle formation mechanisms,aerosol chemistry; new particle formation; chemistry-climate model,model_physics_assumption_sensitivity,446,sensitivity,no
001_Nature_s41586-024-07547-1_peer_review_file__u0061,001_Nature_s41586-024-07547-1_peer_review_file.pdf,Nature,10.1038/s41586-024-07547-1,Global variability in atmospheric new particle formation mechanisms,aerosol chemistry; new particle formation; chemistry-climate model,model_physics_assumption_sensitivity,1382,however; major,no
001_Nature_s41586-024-07547-1_peer_review_file__u0062,001_Nature_s41586-024-07547-1_peer_review_file.pdf,Nature,10.1038/s41586-024-07547-1,Global variability in atmospheric new particle formation mechanisms,aerosol chemistry; new particle formation; chemistry-climate model,model_physics_assumption_sensitivity,404,however,no
001_Nature_s41586-024-07547-1_peer_review_file__u0064,001_Nature_s41586-024-07547-1_peer_review_file.pdf,Nature,10.1038/s41586-024-07547-1,Global variability in atmospheric new particle formation mechanisms,aerosol chemistry; new particle formation; chemistry-climate model,atmospheric_claim_evidence_calibration,407,lack,no
001_Nature_s41586-024-07547-1_peer_review_file__u0067,001_Nature_s41586-024-07547-1_peer_review_file.pdf,Nature,10.1038/s41586-024-07547-1,Global variability in atmospheric new particle formation mechanisms,aerosol chemistry; new particle formation; chemistry-climate model,atmospheric_claim_evidence_calibration,175,insufficient,no
001_Nature_s41586-024-07547-1_peer_review_file__u0068,001_Nature_s41586-024-07547-1_peer_review_file.pdf,Nature,10.1038/s41586-024-07547-1,Global variability in atmospheric new particle formation mechanisms,aerosol chemistry; new particle formation; chemistry-climate model,model_physics_assumption_sensitivity,493,need,no
001_Nature_s41586-024-07547-1_peer_review_file__u0069,001_Nature_s41586-024-07547-1_peer_review_file.pdf,Nature,10.1038/s41586-024-07547-1,Global variability in atmospheric new particle formation mechanisms,aerosol chemistry; new particle formation; chemistry-climate model,model_physics_assumption_sensitivity,284,clarify,no
001_Nature_s41586-024-07547-1_peer_review_file__u0076,001_Nature_s41586-024-07547-1_peer_review_file.pdf,Nature,10.1038/s41586-024-07547-1,Global variability in atmospheric new particle formation mechanisms,aerosol chemistry; new particle formation; chemistry-climate model,model_physics_assumption_sensitivity,586,explain,no
001_Nature_s41586-024-07547-1_peer_review_file__u0079,001_Nature_s41586-024-07547-1_peer_review_file.pdf,Nature,10.1038/s41586-024-07547-1,Global variability in atmospheric new particle formation mechanisms,aerosol chemistry; new particle formation; chemistry-climate model,sampling_event_representativeness,415,however,no
001_Nature_s41586-024-07547-1_peer_review_file__u0083,001_Nature_s41586-024-07547-1_peer_review_file.pdf,Nature,10.1038/s41586-024-07547-1,Global variability in atmospheric new particle formation mechanisms,aerosol chemistry; new particle formation; chemistry-climate model,observational_product_reanalysis_validity,516,however,no
001_Nature_s41586-024-07547-1_peer_review_file__u0085,001_Nature_s41586-024-07547-1_peer_review_file.pdf,Nature,10.1038/s41586-024-07547-1,Global variability in atmospheric new particle formation mechanisms,aerosol chemistry; new particle formation; chemistry-climate model,aerosol_cloud_radiation_microphysics,865,major; clarify,no
001_Nature_s41586-024-07547-1_peer_review_file__u0086,001_Nature_s41586-024-07547-1_peer_review_file.pdf,Nature,10.1038/s41586-024-07547-1,Global variability in atmospheric new particle formation mechanisms,aerosol chemistry; new particle formation; chemistry-climate model,aerosol_cloud_radiation_microphysics,1431,however,no
001_Nature_s41586-024-07547-1_peer_review_file__u0088,001_Nature_s41586-024-07547-1_peer_review_file.pdf,Nature,10.1038/s41586-024-07547-1,Global variability in atmospheric new particle formation mechanisms,aerosol chemistry; new particle formation; chemistry-climate model,aerosol_cloud_radiation_microphysics,849,sensitivity,no
001_Nature_s41586-024-07547-1_peer_review_file__u0089,001_Nature_s41586-024-07547-1_peer_review_file.pdf,Nature,10.1038/s41586-024-07547-1,Global variability in atmospheric new particle formation mechanisms,aerosol chemistry; new particle formation; chemistry-climate model,chemistry_emissions_budget,501,however; lack; sensitivity,no
001_Nature_s41586-024-07547-1_peer_review_file__u0090,001_Nature_s41586-024-07547-1_peer_review_file.pdf,Nature,10.1038/s41586-024-07547-1,Global variability in atmospheric new particle formation mechanisms,aerosol chemistry; new particle formation; chemistry-climate model,model_physics_assumption_sensitivity,958,sensitivity,no
001_Nature_s41586-024-07547-1_peer_review_file__u0091,001_Nature_s41586-024-07547-1_peer_review_file.pdf,Nature,10.1038/s41586-024-07547-1,Global variability in atmospheric new particle formation mechanisms,aerosol chemistry; new particle formation; chemistry-climate model,model_physics_assumption_sensitivity,1154,sensitivity,no
001_Nature_s41586-024-07547-1_peer_review_file__u0092,001_Nature_s41586-024-07547-1_peer_review_file.pdf,Nature,10.1038/s41586-024-07547-1,Global variability in atmospheric new particle formation mechanisms,aerosol chemistry; new particle formation; chemistry-climate model,detail_audit,163,sensitivity,no
001_Nature_s41586-024-07547-1_peer_review_file__u0093,001_Nature_s41586-024-07547-1_peer_review_file.pdf,Nature,10.1038/s41586-024-07547-1,Global variability in atmospheric new particle formation mechanisms,aerosol chemistry; new particle formation; chemistry-climate model,model_physics_assumption_sensitivity,845,sensitivity,no
001_Nature_s41586-024-07547-1_peer_review_file__u0094,001_Nature_s41586-024-07547-1_peer_review_file.pdf,Nature,10.1038/s41586-024-07547-1,Global variability in atmospheric new particle formation mechanisms,aerosol chemistry; new particle formation; chemistry-climate model,scale_resolution_boundary_consistency,1352,should,no
001_Nature_s41586-024-07547-1_peer_review_file__u0096,001_Nature_s41586-024-07547-1_peer_review_file.pdf,Nature,10.1038/s41586-024-07547-1,Global variability in atmospheric new particle formation mechanisms,aerosol chemistry; new particle formation; chemistry-climate model,model_physics_assumption_sensitivity,1434,should; sensitivity,no
001_Nature_s41586-024-07547-1_peer_review_file__u0098,001_Nature_s41586-024-07547-1_peer_review_file.pdf,Nature,10.1038/s41586-024-07547-1,Global variability in atmospheric new particle formation mechanisms,aerosol chemistry; new particle formation; chemistry-climate model,model_physics_assumption_sensitivity,770,sensitivity,no
001_Nature_s41586-024-07547-1_peer_review_file__u0099,001_Nature_s41586-024-07547-1_peer_review_file.pdf,Nature,10.1038/s41586-024-07547-1,Global variability in atmospheric new particle formation mechanisms,aerosol chemistry; new particle formation; chemistry-climate model,chemistry_emissions_budget,963,sensitivity,no
001_Nature_s41586-024-07547-1_peer_review_file__u0100,001_Nature_s41586-024-07547-1_peer_review_file.pdf,Nature,10.1038/s41586-024-07547-1,Global variability in atmospheric new particle formation mechanisms,aerosol chemistry; new particle formation; chemistry-climate model,model_physics_assumption_sensitivity,905,sensitivity,no
001_Nature_s41586-024-07547-1_peer_review_file__u0102,001_Nature_s41586-024-07547-1_peer_review_file.pdf,Nature,10.1038/s41586-024-07547-1,Global variability in atmospheric new particle formation mechanisms,aerosol chemistry; new particle formation; chemistry-climate model,scale_resolution_boundary_consistency,1273,should; sensitivity,no
001_Nature_s41586-024-07547-1_peer_review_file__u0104,001_Nature_s41586-024-07547-1_peer_review_file.pdf,Nature,10.1038/s41586-024-07547-1,Global variability in atmospheric new particle formation mechanisms,aerosol chemistry; new particle formation; chemistry-climate model,model_physics_assumption_sensitivity,413,sensitivity,no
001_Nature_s41586-024-07547-1_peer_review_file__u0105,001_Nature_s41586-024-07547-1_peer_review_file.pdf,Nature,10.1038/s41586-024-07547-1,Global variability in atmospheric new particle formation mechanisms,aerosol chemistry; new particle formation; chemistry-climate model,mechanism_causality_circulation_dynamics,545,sensitivity,no
001_Nature_s41586-024-07547-1_peer_review_file__u0107,001_Nature_s41586-024-07547-1_peer_review_file.pdf,Nature,10.1038/s41586-024-07547-1,Global variability in atmospheric new particle formation mechanisms,aerosol chemistry; new particle formation; chemistry-climate model,model_physics_assumption_sensitivity,575,sensitivity,no
001_Nature_s41586-024-07547-1_peer_review_file__u0108,001_Nature_s41586-024-07547-1_peer_review_file.pdf,Nature,10.1038/s41586-024-07547-1,Global variability in atmospheric new particle formation mechanisms,aerosol chemistry; new particle formation; chemistry-climate model,model_physics_assumption_sensitivity,824,clarify; limitation; sensitivity,no
001_Nature_s41586-024-07547-1_peer_review_file__u0113,001_Nature_s41586-024-07547-1_peer_review_file.pdf,Nature,10.1038/s41586-024-07547-1,Global variability in atmospheric new particle formation mechanisms,aerosol chemistry; new particle formation; chemistry-climate model,model_physics_assumption_sensitivity,153,sensitivity,no
001_Nature_s41586-024-07547-1_peer_review_file__u0126,001_Nature_s41586-024-07547-1_peer_review_file.pdf,Nature,10.1038/s41586-024-07547-1,Global variability in atmospheric new particle formation mechanisms,aerosol chemistry; new particle formation; chemistry-climate model,detail_audit,388,sensitivity,no
001_Nature_s41586-024-07547-1_peer_review_file__u0127,001_Nature_s41586-024-07547-1_peer_review_file.pdf,Nature,10.1038/s41586-024-07547-1,Global variability in atmospheric new particle formation mechanisms,aerosol chemistry; new particle formation; chemistry-climate model,model_physics_assumption_sensitivity,488,sensitivity,no
001_Nature_s41586-024-07547-1_peer_review_file__u0128,001_Nature_s41586-024-07547-1_peer_review_file.pdf,Nature,10.1038/s41586-024-07547-1,Global variability in atmospheric new particle formation mechanisms,aerosol chemistry; new particle formation; chemistry-climate model,detail_audit,97,sensitivity,no
001_Nature_s41586-024-07547-1_peer_review_file__u0129,001_Nature_s41586-024-07547-1_peer_review_file.pdf,Nature,10.1038/s41586-024-07547-1,Global variability in atmospheric new particle formation mechanisms,aerosol chemistry; new particle formation; chemistry-climate model,detail_audit,807,sensitivity,no
001_Nature_s41586-024-07547-1_peer_review_file__u0130,001_Nature_s41586-024-07547-1_peer_review_file.pdf,Nature,10.1038/s41586-024-07547-1,Global variability in atmospheric new particle formation mechanisms,aerosol chemistry; new particle formation; chemistry-climate model,detail_audit,528,sensitivity,no
001_Nature_s41586-024-07547-1_peer_review_file__u0131,001_Nature_s41586-024-07547-1_peer_review_file.pdf,Nature,10.1038/s41586-024-07547-1,Global variability in atmospheric new particle formation mechanisms,aerosol chemistry; new particle formation; chemistry-climate model,model_physics_assumption_sensitivity,155,sensitivity,no
001_Nature_s41586-024-07547-1_peer_review_file__u0132,001_Nature_s41586-024-07547-1_peer_review_file.pdf,Nature,10.1038/s41586-024-07547-1,Global variability in atmospheric new particle formation mechanisms,aerosol chemistry; new particle formation; chemistry-climate model,mechanism_causality_circulation_dynamics,194,sensitivity,no
001_Nature_s41586-024-07547-1_peer_review_file__u0137,001_Nature_s41586-024-07547-1_peer_review_file.pdf,Nature,10.1038/s41586-024-07547-1,Global variability in atmospheric new particle formation mechanisms,aerosol chemistry; new particle formation; chemistry-climate model,aerosol_cloud_radiation_microphysics,1384,explain,no
001_Nature_s41586-024-07547-1_peer_review_file__u0143,001_Nature_s41586-024-07547-1_peer_review_file.pdf,Nature,10.1038/s41586-024-07547-1,Global variability in atmospheric new particle formation mechanisms,aerosol chemistry; new particle formation; chemistry-climate model,aerosol_cloud_radiation_microphysics,925,missing,no
001_Nature_s41586-024-07547-1_peer_review_file__u0146,001_Nature_s41586-024-07547-1_peer_review_file.pdf,Nature,10.1038/s41586-024-07547-1,Global variability in atmospheric new particle formation mechanisms,aerosol chemistry; new particle formation; chemistry-climate model,model_physics_assumption_sensitivity,465,need; recommend; sensitivity,no
001_Nature_s41586-024-07547-1_peer_review_file__u0147,001_Nature_s41586-024-07547-1_peer_review_file.pdf,Nature,10.1038/s41586-024-07547-1,Global variability in atmospheric new particle formation mechanisms,aerosol chemistry; new particle formation; chemistry-climate model,ai_weather_climate_model_fidelity,92,concern,no
001_Nature_s41586-024-07547-1_peer_review_file__u0148,001_Nature_s41586-024-07547-1_peer_review_file.pdf,Nature,10.1038/s41586-024-07547-1,Global variability in atmospheric new particle formation mechanisms,aerosol chemistry; new particle formation; chemistry-climate model,chemistry_emissions_budget,299,concern; sensitivity,no
001_Nature_s41586-024-07547-1_peer_review_file__u0149,001_Nature_s41586-024-07547-1_peer_review_file.pdf,Nature,10.1038/s41586-024-07547-1,Global variability in atmospheric new particle formation mechanisms,aerosol chemistry; new particle formation; chemistry-climate model,chemistry_emissions_budget,402,concern; sensitivity,no
001_Nature_s41586-024-07547-1_peer_review_file__u0150,001_Nature_s41586-024-07547-1_peer_review_file.pdf,Nature,10.1038/s41586-024-07547-1,Global variability in atmospheric new particle formation mechanisms,aerosol chemistry; new particle formation; chemistry-climate model,model_physics_assumption_sensitivity,444,sensitivity,no
001_Nature_s41586-024-07547-1_peer_review_file__u0151,001_Nature_s41586-024-07547-1_peer_review_file.pdf,Nature,10.1038/s41586-024-07547-1,Global variability in atmospheric new particle formation mechanisms,aerosol chemistry; new particle formation; chemistry-climate model,atmospheric_claim_evidence_calibration,305,why; sensitivity,no
001_Nature_s41586-024-07547-1_peer_review_file__u0152,001_Nature_s41586-024-07547-1_peer_review_file.pdf,Nature,10.1038/s41586-024-07547-1,Global variability in atmospheric new particle formation mechanisms,aerosol chemistry; new particle formation; chemistry-climate model,observational_product_reanalysis_validity,419,need,no
001_Nature_s41586-024-07547-1_peer_review_file__u0153,001_Nature_s41586-024-07547-1_peer_review_file.pdf,Nature,10.1038/s41586-024-07547-1,Global variability in atmospheric new particle formation mechanisms,aerosol chemistry; new particle formation; chemistry-climate model,model_physics_assumption_sensitivity,479,recommend; sensitivity,no
001_Nature_s41586-024-07547-1_peer_review_file__u0156,001_Nature_s41586-024-07547-1_peer_review_file.pdf,Nature,10.1038/s41586-024-07547-1,Global variability in atmospheric new particle formation mechanisms,aerosol chemistry; new particle formation; chemistry-climate model,chemistry_emissions_budget,1898,concern; need; lack; recommend; sensitivity,no
001_Nature_s41586-024-07547-1_peer_review_file__u0157,001_Nature_s41586-024-07547-1_peer_review_file.pdf,Nature,10.1038/s41586-024-07547-1,Global variability in atmospheric new particle formation mechanisms,aerosol chemistry; new particle formation; chemistry-climate model,atmospheric_claim_evidence_calibration,975,why; sensitivity,no
001_Nature_s41586-024-07547-1_peer_review_file__u0158,001_Nature_s41586-024-07547-1_peer_review_file.pdf,Nature,10.1038/s41586-024-07547-1,Global variability in atmospheric new particle formation mechanisms,aerosol chemistry; new particle formation; chemistry-climate model,observational_product_reanalysis_validity,1117,should,no
001_Nature_s41586-024-07547-1_peer_review_file__u0159,001_Nature_s41586-024-07547-1_peer_review_file.pdf,Nature,10.1038/s41586-024-07547-1,Global variability in atmospheric new particle formation mechanisms,aerosol chemistry; new particle formation; chemistry-climate model,observational_product_reanalysis_validity,1375,however; need,no
001_Nature_s41586-024-07547-1_peer_review_file__u0160,001_Nature_s41586-024-07547-1_peer_review_file.pdf,Nature,10.1038/s41586-024-07547-1,Global variability in atmospheric new particle formation mechanisms,aerosol chemistry; new particle formation; chemistry-climate model,atmospheric_claim_evidence_calibration,1568,should; need; recommend; sensitivity,no
001_Nature_s41586-024-07547-1_peer_review_file__u0161,001_Nature_s41586-024-07547-1_peer_review_file.pdf,Nature,10.1038/s41586-024-07547-1,Global variability in atmospheric new particle formation mechanisms,aerosol chemistry; new particle formation; chemistry-climate model,observational_product_reanalysis_validity,5425,however; concern; major; should; limitation,no
001_Nature_s41586-024-07547-1_peer_review_file__u0164,001_Nature_s41586-024-07547-1_peer_review_file.pdf,Nature,10.1038/s41586-024-07547-1,Global variability in atmospheric new particle formation mechanisms,aerosol chemistry; new particle formation; chemistry-climate model,model_physics_assumption_sensitivity,2736,concern; clarify; limitation; would like; sensitivity,no
001_Nature_s41586-024-07547-1_peer_review_file__u0165,001_Nature_s41586-024-07547-1_peer_review_file.pdf,Nature,10.1038/s41586-024-07547-1,Global variability in atmospheric new particle formation mechanisms,aerosol chemistry; new particle formation; chemistry-climate model,model_physics_assumption_sensitivity,219,sensitivity,no
001_Nature_s41586-024-07547-1_peer_review_file__u0166,001_Nature_s41586-024-07547-1_peer_review_file.pdf,Nature,10.1038/s41586-024-07547-1,Global variability in atmospheric new particle formation mechanisms,aerosol chemistry; new particle formation; chemistry-climate model,observational_product_reanalysis_validity,2342,however; concern; should; need; validation,no
001_Nature_s41586-024-07547-1_peer_review_file__u0167,001_Nature_s41586-024-07547-1_peer_review_file.pdf,Nature,10.1038/s41586-024-07547-1,Global variability in atmospheric new particle formation mechanisms,aerosol chemistry; new particle formation; chemistry-climate model,mechanism_causality_circulation_dynamics,3124,major; should; must; explain; recommend,no
001_Nature_s41586-024-07547-1_peer_review_file__u0169,001_Nature_s41586-024-07547-1_peer_review_file.pdf,Nature,10.1038/s41586-024-07547-1,Global variability in atmospheric new particle formation mechanisms,aerosol chemistry; new particle formation; chemistry-climate model,model_physics_assumption_sensitivity,3084,concern; limitation; sensitivity,no
001_Nature_s41586-024-07547-1_peer_review_file__u0170,001_Nature_s41586-024-07547-1_peer_review_file.pdf,Nature,10.1038/s41586-024-07547-1,Global variability in atmospheric new particle formation mechanisms,aerosol chemistry; new particle formation; chemistry-climate model,observational_product_reanalysis_validity,820,need; sensitivity,no
001_Nature_s41586-024-07547-1_peer_review_file__u0171,001_Nature_s41586-024-07547-1_peer_review_file.pdf,Nature,10.1038/s41586-024-07547-1,Global variability in atmospheric new particle formation mechanisms,aerosol chemistry; new particle formation; chemistry-climate model,detail_audit,584,sensitivity,no
001_Nature_s41586-024-07547-1_peer_review_file__u0173,001_Nature_s41586-024-07547-1_peer_review_file.pdf,Nature,10.1038/s41586-024-07547-1,Global variability in atmospheric new particle formation mechanisms,aerosol chemistry; new particle formation; chemistry-climate model,model_physics_assumption_sensitivity,231,sensitivity,no
001_Nature_s41586-024-07547-1_peer_review_file__u0174,001_Nature_s41586-024-07547-1_peer_review_file.pdf,Nature,10.1038/s41586-024-07547-1,Global variability in atmospheric new particle formation mechanisms,aerosol chemistry; new particle formation; chemistry-climate model,mechanism_causality_circulation_dynamics,196,sensitivity,no
001_Nature_s41586-024-07547-1_peer_review_file__u0176,001_Nature_s41586-024-07547-1_peer_review_file.pdf,Nature,10.1038/s41586-024-07547-1,Global variability in atmospheric new particle formation mechanisms,aerosol chemistry; new particle formation; chemistry-climate model,model_physics_assumption_sensitivity,1901,sensitivity,no
001_Nature_s41586-024-07547-1_peer_review_file__u0177,001_Nature_s41586-024-07547-1_peer_review_file.pdf,Nature,10.1038/s41586-024-07547-1,Global variability in atmospheric new particle formation mechanisms,aerosol chemistry; new particle formation; chemistry-climate model,model_physics_assumption_sensitivity,407,sensitivity,no
001_Nature_s41586-024-07547-1_peer_review_file__u0180,001_Nature_s41586-024-07547-1_peer_review_file.pdf,Nature,10.1038/s41586-024-07547-1,Global variability in atmospheric new particle formation mechanisms,aerosol chemistry; new particle formation; chemistry-climate model,atmospheric_claim_evidence_calibration,769,however; overstate,no
001_Nature_s41586-024-07547-1_peer_review_file__u0181,001_Nature_s41586-024-07547-1_peer_review_file.pdf,Nature,10.1038/s41586-024-07547-1,Global variability in atmospheric new particle formation mechanisms,aerosol chemistry; new particle formation; chemistry-climate model,chemistry_emissions_budget,1272,should; sensitivity,no
001_Nature_s41586-024-07547-1_peer_review_file__u0183,001_Nature_s41586-024-07547-1_peer_review_file.pdf,Nature,10.1038/s41586-024-07547-1,Global variability in atmospheric new particle formation mechanisms,aerosol chemistry; new particle formation; chemistry-climate model,sampling_event_representativeness,346,not clear; why,no
001_Nature_s41586-024-07547-1_peer_review_file__u0184,001_Nature_s41586-024-07547-1_peer_review_file.pdf,Nature,10.1038/s41586-024-07547-1,Global variability in atmospheric new particle formation mechanisms,aerosol chemistry; new particle formation; chemistry-climate model,atmospheric_claim_evidence_calibration,601,why; limitation,no
001_Nature_s41586-024-07547-1_peer_review_file__u0186,001_Nature_s41586-024-07547-1_peer_review_file.pdf,Nature,10.1038/s41586-024-07547-1,Global variability in atmospheric new particle formation mechanisms,aerosol chemistry; new particle formation; chemistry-climate model,aerosol_cloud_radiation_microphysics,494,should; explain,no
001_Nature_s41586-024-07547-1_peer_review_file__u0188,001_Nature_s41586-024-07547-1_peer_review_file.pdf,Nature,10.1038/s41586-024-07547-1,Global variability in atmospheric new particle formation mechanisms,aerosol chemistry; new particle formation; chemistry-climate model,aerosol_cloud_radiation_microphysics,837,need; needs; not clear; explain,no
001_Nature_s41586-024-07547-1_peer_review_file__u0191,001_Nature_s41586-024-07547-1_peer_review_file.pdf,Nature,10.1038/s41586-024-07547-1,Global variability in atmospheric new particle formation mechanisms,aerosol chemistry; new particle formation; chemistry-climate model,atmospheric_claim_evidence_calibration,769,however; overstate,no
001_Nature_s41586-024-07547-1_peer_review_file__u0192,001_Nature_s41586-024-07547-1_peer_review_file.pdf,Nature,10.1038/s41586-024-07547-1,Global variability in atmospheric new particle formation mechanisms,aerosol chemistry; new particle formation; chemistry-climate model,chemistry_emissions_budget,1272,should; sensitivity,no
001_Nature_s41586-024-07547-1_peer_review_file__u0194,001_Nature_s41586-024-07547-1_peer_review_file.pdf,Nature,10.1038/s41586-024-07547-1,Global variability in atmospheric new particle formation mechanisms,aerosol chemistry; new particle formation; chemistry-climate model,scale_resolution_boundary_consistency,2641,however; major; need; lack; justify,no
001_Nature_s41586-024-07547-1_peer_review_file__u0195,001_Nature_s41586-024-07547-1_peer_review_file.pdf,Nature,10.1038/s41586-024-07547-1,Global variability in atmospheric new particle formation mechanisms,aerosol chemistry; new particle formation; chemistry-climate model,sampling_event_representativeness,1402,however; should; sensitivity,no
001_Nature_s41586-024-07547-1_peer_review_file__u0197,001_Nature_s41586-024-07547-1_peer_review_file.pdf,Nature,10.1038/s41586-024-07547-1,Global variability in atmospheric new particle formation mechanisms,aerosol chemistry; new particle formation; chemistry-climate model,scale_resolution_boundary_consistency,466,explain,no
001_Nature_s41586-024-07547-1_peer_review_file__u0198,001_Nature_s41586-024-07547-1_peer_review_file.pdf,Nature,10.1038/s41586-024-07547-1,Global variability in atmospheric new particle formation mechanisms,aerosol chemistry; new particle formation; chemistry-climate model,sampling_event_representativeness,382,however; need; explain; why,no
001_Nature_s41586-024-07547-1_peer_review_file__u0199,001_Nature_s41586-024-07547-1_peer_review_file.pdf,Nature,10.1038/s41586-024-07547-1,Global variability in atmospheric new particle formation mechanisms,aerosol chemistry; new particle formation; chemistry-climate model,observational_product_reanalysis_validity,534,should; recommend,no
001_Nature_s41586-024-07547-1_peer_review_file__u0201,001_Nature_s41586-024-07547-1_peer_review_file.pdf,Nature,10.1038/s41586-024-07547-1,Global variability in atmospheric new particle formation mechanisms,aerosol chemistry; new particle formation; chemistry-climate model,sampling_event_representativeness,346,not clear; why,no
001_Nature_s41586-024-07547-1_peer_review_file__u0204,001_Nature_s41586-024-07547-1_peer_review_file.pdf,Nature,10.1038/s41586-024-07547-1,Global variability in atmospheric new particle formation mechanisms,aerosol chemistry; new particle formation; chemistry-climate model,model_physics_assumption_sensitivity,757,however; sensitivity,no
001_Nature_s41586-024-07547-1_peer_review_file__u0208,001_Nature_s41586-024-07547-1_peer_review_file.pdf,Nature,10.1038/s41586-024-07547-1,Global variability in atmospheric new particle formation mechanisms,aerosol chemistry; new particle formation; chemistry-climate model,mechanism_causality_circulation_dynamics,636,however,no
001_Nature_s41586-024-07547-1_peer_review_file__u0209,001_Nature_s41586-024-07547-1_peer_review_file.pdf,Nature,10.1038/s41586-024-07547-1,Global variability in atmospheric new particle formation mechanisms,aerosol chemistry; new particle formation; chemistry-climate model,atmospheric_claim_evidence_calibration,601,why; limitation,no
001_Nature_s41586-024-07547-1_peer_review_file__u0218,001_Nature_s41586-024-07547-1_peer_review_file.pdf,Nature,10.1038/s41586-024-07547-1,Global variability in atmospheric new particle formation mechanisms,aerosol chemistry; new particle formation; chemistry-climate model,model_physics_assumption_sensitivity,612,sensitivity,no
001_Nature_s41586-024-07547-1_peer_review_file__u0219,001_Nature_s41586-024-07547-1_peer_review_file.pdf,Nature,10.1038/s41586-024-07547-1,Global variability in atmospheric new particle formation mechanisms,aerosol chemistry; new particle formation; chemistry-climate model,aerosol_cloud_radiation_microphysics,494,should; explain,no
001_Nature_s41586-024-07547-1_peer_review_file__u0222,001_Nature_s41586-024-07547-1_peer_review_file.pdf,Nature,10.1038/s41586-024-07547-1,Global variability in atmospheric new particle formation mechanisms,aerosol chemistry; new particle formation; chemistry-climate model,observational_product_reanalysis_validity,1264,however,no
001_Nature_s41586-024-07547-1_peer_review_file__u0225,001_Nature_s41586-024-07547-1_peer_review_file.pdf,Nature,10.1038/s41586-024-07547-1,Global variability in atmospheric new particle formation mechanisms,aerosol chemistry; new particle formation; chemistry-climate model,model_physics_assumption_sensitivity,575,lack; sensitivity,no
001_Nature_s41586-024-07547-1_peer_review_file__u0227,001_Nature_s41586-024-07547-1_peer_review_file.pdf,Nature,10.1038/s41586-024-07547-1,Global variability in atmospheric new particle formation mechanisms,aerosol chemistry; new particle formation; chemistry-climate model,aerosol_cloud_radiation_microphysics,800,need; needs; not clear; explain,no
001_Nature_s41586-024-07547-1_peer_review_file__u0228,001_Nature_s41586-024-07547-1_peer_review_file.pdf,Nature,10.1038/s41586-024-07547-1,Global variability in atmospheric new particle formation mechanisms,aerosol chemistry; new particle formation; chemistry-climate model,aerosol_cloud_radiation_microphysics,414,concern; major,no
001_Nature_s41586-024-07547-1_peer_review_file__u0235,001_Nature_s41586-024-07547-1_peer_review_file.pdf,Nature,10.1038/s41586-024-07547-1,Global variability in atmospheric new particle formation mechanisms,aerosol chemistry; new particle formation; chemistry-climate model,aerosol_cloud_radiation_microphysics,1110,missing,no
002_Nature_s41586-024-07744-y_peer_review_file__u0000,002_Nature_s41586-024-07744-y_peer_review_file.pdf,Nature,10.1038/s41586-024-07744-y,Neural general circulation models for weather and climate,AI weather; neural GCM; atmospheric model evaluation,model_physics_assumption_sensitivity,623,concern; recommend,no
002_Nature_s41586-024-07744-y_peer_review_file__u0006,002_Nature_s41586-024-07744-y_peer_review_file.pdf,Nature,10.1038/s41586-024-07744-y,Neural general circulation models for weather and climate,AI weather; neural GCM; atmospheric model evaluation,model_physics_assumption_sensitivity,254,however,no
002_Nature_s41586-024-07744-y_peer_review_file__u0009,002_Nature_s41586-024-07744-y_peer_review_file.pdf,Nature,10.1038/s41586-024-07744-y,Neural general circulation models for weather and climate,AI weather; neural GCM; atmospheric model evaluation,ai_weather_climate_model_fidelity,949,justify,no
002_Nature_s41586-024-07744-y_peer_review_file__u0010,002_Nature_s41586-024-07744-y_peer_review_file.pdf,Nature,10.1038/s41586-024-07744-y,Neural general circulation models for weather and climate,AI weather; neural GCM; atmospheric model evaluation,scale_resolution_boundary_consistency,815,concern,no
002_Nature_s41586-024-07744-y_peer_review_file__u0011,002_Nature_s41586-024-07744-y_peer_review_file.pdf,Nature,10.1038/s41586-024-07744-y,Neural general circulation models for weather and climate,AI weather; neural GCM; atmospheric model evaluation,ai_weather_climate_model_fidelity,894,unclear; why,no
002_Nature_s41586-024-07744-y_peer_review_file__u0012,002_Nature_s41586-024-07744-y_peer_review_file.pdf,Nature,10.1038/s41586-024-07744-y,Neural general circulation models for weather and climate,AI weather; neural GCM; atmospheric model evaluation,model_physics_assumption_sensitivity,448,however; would like,no
002_Nature_s41586-024-07744-y_peer_review_file__u0014,002_Nature_s41586-024-07744-y_peer_review_file.pdf,Nature,10.1038/s41586-024-07744-y,Neural general circulation models for weather and climate,AI weather; neural GCM; atmospheric model evaluation,model_physics_assumption_sensitivity,239,unclear; should; why,no
002_Nature_s41586-024-07744-y_peer_review_file__u0016,002_Nature_s41586-024-07744-y_peer_review_file.pdf,Nature,10.1038/s41586-024-07744-y,Neural general circulation models for weather and climate,AI weather; neural GCM; atmospheric model evaluation,ai_weather_climate_model_fidelity,94,need,no
002_Nature_s41586-024-07744-y_peer_review_file__u0017,002_Nature_s41586-024-07744-y_peer_review_file.pdf,Nature,10.1038/s41586-024-07744-y,Neural general circulation models for weather and climate,AI weather; neural GCM; atmospheric model evaluation,ai_weather_climate_model_fidelity,108,why,no
002_Nature_s41586-024-07744-y_peer_review_file__u0021,002_Nature_s41586-024-07744-y_peer_review_file.pdf,Nature,10.1038/s41586-024-07744-y,Neural general circulation models for weather and climate,AI weather; neural GCM; atmospheric model evaluation,model_physics_assumption_sensitivity,148,why,no
002_Nature_s41586-024-07744-y_peer_review_file__u0022,002_Nature_s41586-024-07744-y_peer_review_file.pdf,Nature,10.1038/s41586-024-07744-y,Neural general circulation models for weather and climate,AI weather; neural GCM; atmospheric model evaluation,scale_resolution_boundary_consistency,663,however; limitation,no
002_Nature_s41586-024-07744-y_peer_review_file__u0023,002_Nature_s41586-024-07744-y_peer_review_file.pdf,Nature,10.1038/s41586-024-07744-y,Neural general circulation models for weather and climate,AI weather; neural GCM; atmospheric model evaluation,atmospheric_claim_evidence_calibration,161,should,no
002_Nature_s41586-024-07744-y_peer_review_file__u0024,002_Nature_s41586-024-07744-y_peer_review_file.pdf,Nature,10.1038/s41586-024-07744-y,Neural general circulation models for weather and climate,AI weather; neural GCM; atmospheric model evaluation,model_physics_assumption_sensitivity,346,limitation,no
002_Nature_s41586-024-07744-y_peer_review_file__u0025,002_Nature_s41586-024-07744-y_peer_review_file.pdf,Nature,10.1038/s41586-024-07744-y,Neural general circulation models for weather and climate,AI weather; neural GCM; atmospheric model evaluation,atmospheric_claim_evidence_calibration,147,recommend,no
002_Nature_s41586-024-07744-y_peer_review_file__u0026,002_Nature_s41586-024-07744-y_peer_review_file.pdf,Nature,10.1038/s41586-024-07744-y,Neural general circulation models for weather and climate,AI weather; neural GCM; atmospheric model evaluation,model_physics_assumption_sensitivity,247,need; lack,no
002_Nature_s41586-024-07744-y_peer_review_file__u0027,002_Nature_s41586-024-07744-y_peer_review_file.pdf,Nature,10.1038/s41586-024-07744-y,Neural general circulation models for weather and climate,AI weather; neural GCM; atmospheric model evaluation,aerosol_cloud_radiation_microphysics,258,missing,no
002_Nature_s41586-024-07744-y_peer_review_file__u0029,002_Nature_s41586-024-07744-y_peer_review_file.pdf,Nature,10.1038/s41586-024-07744-y,Neural general circulation models for weather and climate,AI weather; neural GCM; atmospheric model evaluation,model_physics_assumption_sensitivity,249,should,no
002_Nature_s41586-024-07744-y_peer_review_file__u0031,002_Nature_s41586-024-07744-y_peer_review_file.pdf,Nature,10.1038/s41586-024-07744-y,Neural general circulation models for weather and climate,AI weather; neural GCM; atmospheric model evaluation,reproducibility_data_code,103,missing,no
002_Nature_s41586-024-07744-y_peer_review_file__u0032,002_Nature_s41586-024-07744-y_peer_review_file.pdf,Nature,10.1038/s41586-024-07744-y,Neural general circulation models for weather and climate,AI weather; neural GCM; atmospheric model evaluation,model_physics_assumption_sensitivity,887,should; missing,no
002_Nature_s41586-024-07744-y_peer_review_file__u0033,002_Nature_s41586-024-07744-y_peer_review_file.pdf,Nature,10.1038/s41586-024-07744-y,Neural general circulation models for weather and climate,AI weather; neural GCM; atmospheric model evaluation,detail_audit,122,should,no
002_Nature_s41586-024-07744-y_peer_review_file__u0035,002_Nature_s41586-024-07744-y_peer_review_file.pdf,Nature,10.1038/s41586-024-07744-y,Neural general circulation models for weather and climate,AI weather; neural GCM; atmospheric model evaluation,model_physics_assumption_sensitivity,731,need; missing,no
002_Nature_s41586-024-07744-y_peer_review_file__u0037,002_Nature_s41586-024-07744-y_peer_review_file.pdf,Nature,10.1038/s41586-024-07744-y,Neural general circulation models for weather and climate,AI weather; neural GCM; atmospheric model evaluation,model_physics_assumption_sensitivity,570,however; should,no
002_Nature_s41586-024-07744-y_peer_review_file__u0040,002_Nature_s41586-024-07744-y_peer_review_file.pdf,Nature,10.1038/s41586-024-07744-y,Neural general circulation models for weather and climate,AI weather; neural GCM; atmospheric model evaluation,ai_weather_climate_model_fidelity,242,should,no
002_Nature_s41586-024-07744-y_peer_review_file__u0041,002_Nature_s41586-024-07744-y_peer_review_file.pdf,Nature,10.1038/s41586-024-07744-y,Neural general circulation models for weather and climate,AI weather; neural GCM; atmospheric model evaluation,ai_weather_climate_model_fidelity,502,however; should,no
002_Nature_s41586-024-07744-y_peer_review_file__u0042,002_Nature_s41586-024-07744-y_peer_review_file.pdf,Nature,10.1038/s41586-024-07744-y,Neural general circulation models for weather and climate,AI weather; neural GCM; atmospheric model evaluation,ai_weather_climate_model_fidelity,248,however,no
002_Nature_s41586-024-07744-y_peer_review_file__u0043,002_Nature_s41586-024-07744-y_peer_review_file.pdf,Nature,10.1038/s41586-024-07744-y,Neural general circulation models for weather and climate,AI weather; neural GCM; atmospheric model evaluation,scale_resolution_boundary_consistency,647,should,no
002_Nature_s41586-024-07744-y_peer_review_file__u0045,002_Nature_s41586-024-07744-y_peer_review_file.pdf,Nature,10.1038/s41586-024-07744-y,Neural general circulation models for weather and climate,AI weather; neural GCM; atmospheric model evaluation,ai_weather_climate_model_fidelity,566,should,no
002_Nature_s41586-024-07744-y_peer_review_file__u0046,002_Nature_s41586-024-07744-y_peer_review_file.pdf,Nature,10.1038/s41586-024-07744-y,Neural general circulation models for weather and climate,AI weather; neural GCM; atmospheric model evaluation,model_physics_assumption_sensitivity,460,should,no
002_Nature_s41586-024-07744-y_peer_review_file__u0047,002_Nature_s41586-024-07744-y_peer_review_file.pdf,Nature,10.1038/s41586-024-07744-y,Neural general circulation models for weather and climate,AI weather; neural GCM; atmospheric model evaluation,model_physics_assumption_sensitivity,332,should,no
002_Nature_s41586-024-07744-y_peer_review_file__u0048,002_Nature_s41586-024-07744-y_peer_review_file.pdf,Nature,10.1038/s41586-024-07744-y,Neural general circulation models for weather and climate,AI weather; neural GCM; atmospheric model evaluation,ai_weather_climate_model_fidelity,397,should; not clear,no
002_Nature_s41586-024-07744-y_peer_review_file__u0050,002_Nature_s41586-024-07744-y_peer_review_file.pdf,Nature,10.1038/s41586-024-07744-y,Neural general circulation models for weather and climate,AI weather; neural GCM; atmospheric model evaluation,observational_product_reanalysis_validity,250,need; needs,no
002_Nature_s41586-024-07744-y_peer_review_file__u0054,002_Nature_s41586-024-07744-y_peer_review_file.pdf,Nature,10.1038/s41586-024-07744-y,Neural general circulation models for weather and climate,AI weather; neural GCM; atmospheric model evaluation,model_physics_assumption_sensitivity,169,why,no
002_Nature_s41586-024-07744-y_peer_review_file__u0058,002_Nature_s41586-024-07744-y_peer_review_file.pdf,Nature,10.1038/s41586-024-07744-y,Neural general circulation models for weather and climate,AI weather; neural GCM; atmospheric model evaluation,scale_resolution_boundary_consistency,108,why,no
002_Nature_s41586-024-07744-y_peer_review_file__u0065,002_Nature_s41586-024-07744-y_peer_review_file.pdf,Nature,10.1038/s41586-024-07744-y,Neural general circulation models for weather and climate,AI weather; neural GCM; atmospheric model evaluation,model_physics_assumption_sensitivity,468,concern; recommend,no
002_Nature_s41586-024-07744-y_peer_review_file__u0073,002_Nature_s41586-024-07744-y_peer_review_file.pdf,Nature,10.1038/s41586-024-07744-y,Neural general circulation models for weather and climate,AI weather; neural GCM; atmospheric model evaluation,model_physics_assumption_sensitivity,254,however,no
002_Nature_s41586-024-07744-y_peer_review_file__u0077,002_Nature_s41586-024-07744-y_peer_review_file.pdf,Nature,10.1038/s41586-024-07744-y,Neural general circulation models for weather and climate,AI weather; neural GCM; atmospheric model evaluation,ai_weather_climate_model_fidelity,254,justify,no
002_Nature_s41586-024-07744-y_peer_review_file__u0078,002_Nature_s41586-024-07744-y_peer_review_file.pdf,Nature,10.1038/s41586-024-07744-y,Neural general circulation models for weather and climate,AI weather; neural GCM; atmospheric model evaluation,ai_weather_climate_model_fidelity,608,concern; major,no
002_Nature_s41586-024-07744-y_peer_review_file__u0082,002_Nature_s41586-024-07744-y_peer_review_file.pdf,Nature,10.1038/s41586-024-07744-y,Neural general circulation models for weather and climate,AI weather; neural GCM; atmospheric model evaluation,ai_weather_climate_model_fidelity,333,concern,no
002_Nature_s41586-024-07744-y_peer_review_file__u0088,002_Nature_s41586-024-07744-y_peer_review_file.pdf,Nature,10.1038/s41586-024-07744-y,Neural general circulation models for weather and climate,AI weather; neural GCM; atmospheric model evaluation,scale_resolution_boundary_consistency,729,need; needs,no
002_Nature_s41586-024-07744-y_peer_review_file__u0089,002_Nature_s41586-024-07744-y_peer_review_file.pdf,Nature,10.1038/s41586-024-07744-y,Neural general circulation models for weather and climate,AI weather; neural GCM; atmospheric model evaluation,ai_weather_climate_model_fidelity,682,unclear,no
002_Nature_s41586-024-07744-y_peer_review_file__u0090,002_Nature_s41586-024-07744-y_peer_review_file.pdf,Nature,10.1038/s41586-024-07744-y,Neural general circulation models for weather and climate,AI weather; neural GCM; atmospheric model evaluation,model_physics_assumption_sensitivity,967,why,no
002_Nature_s41586-024-07744-y_peer_review_file__u0092,002_Nature_s41586-024-07744-y_peer_review_file.pdf,Nature,10.1038/s41586-024-07744-y,Neural general circulation models for weather and climate,AI weather; neural GCM; atmospheric model evaluation,model_physics_assumption_sensitivity,1136,however; would like,no
002_Nature_s41586-024-07744-y_peer_review_file__u0100,002_Nature_s41586-024-07744-y_peer_review_file.pdf,Nature,10.1038/s41586-024-07744-y,Neural general circulation models for weather and climate,AI weather; neural GCM; atmospheric model evaluation,model_physics_assumption_sensitivity,1312,lack,no
002_Nature_s41586-024-07744-y_peer_review_file__u0110,002_Nature_s41586-024-07744-y_peer_review_file.pdf,Nature,10.1038/s41586-024-07744-y,Neural general circulation models for weather and climate,AI weather; neural GCM; atmospheric model evaluation,model_physics_assumption_sensitivity,595,however,no
002_Nature_s41586-024-07744-y_peer_review_file__u0116,002_Nature_s41586-024-07744-y_peer_review_file.pdf,Nature,10.1038/s41586-024-07744-y,Neural general circulation models for weather and climate,AI weather; neural GCM; atmospheric model evaluation,model_physics_assumption_sensitivity,339,need,no
002_Nature_s41586-024-07744-y_peer_review_file__u0117,002_Nature_s41586-024-07744-y_peer_review_file.pdf,Nature,10.1038/s41586-024-07744-y,Neural general circulation models for weather and climate,AI weather; neural GCM; atmospheric model evaluation,model_physics_assumption_sensitivity,511,need,no
002_Nature_s41586-024-07744-y_peer_review_file__u0124,002_Nature_s41586-024-07744-y_peer_review_file.pdf,Nature,10.1038/s41586-024-07744-y,Neural general circulation models for weather and climate,AI weather; neural GCM; atmospheric model evaluation,ai_weather_climate_model_fidelity,86,need,no
002_Nature_s41586-024-07744-y_peer_review_file__u0139,002_Nature_s41586-024-07744-y_peer_review_file.pdf,Nature,10.1038/s41586-024-07744-y,Neural general circulation models for weather and climate,AI weather; neural GCM; atmospheric model evaluation,model_physics_assumption_sensitivity,431,however,no
002_Nature_s41586-024-07744-y_peer_review_file__u0141,002_Nature_s41586-024-07744-y_peer_review_file.pdf,Nature,10.1038/s41586-024-07744-y,Neural general circulation models for weather and climate,AI weather; neural GCM; atmospheric model evaluation,model_physics_assumption_sensitivity,316,concern; unclear; should; why,no
002_Nature_s41586-024-07744-y_peer_review_file__u0142,002_Nature_s41586-024-07744-y_peer_review_file.pdf,Nature,10.1038/s41586-024-07744-y,Neural general circulation models for weather and climate,AI weather; neural GCM; atmospheric model evaluation,atmospheric_claim_evidence_calibration,429,should; lack,no
002_Nature_s41586-024-07744-y_peer_review_file__u0146,002_Nature_s41586-024-07744-y_peer_review_file.pdf,Nature,10.1038/s41586-024-07744-y,Neural general circulation models for weather and climate,AI weather; neural GCM; atmospheric model evaluation,ai_weather_climate_model_fidelity,349,need,no
002_Nature_s41586-024-07744-y_peer_review_file__u0159,002_Nature_s41586-024-07744-y_peer_review_file.pdf,Nature,10.1038/s41586-024-07744-y,Neural general circulation models for weather and climate,AI weather; neural GCM; atmospheric model evaluation,ai_weather_climate_model_fidelity,1171,need; why,no
002_Nature_s41586-024-07744-y_peer_review_file__u0163,002_Nature_s41586-024-07744-y_peer_review_file.pdf,Nature,10.1038/s41586-024-07744-y,Neural general circulation models for weather and climate,AI weather; neural GCM; atmospheric model evaluation,ai_weather_climate_model_fidelity,256,concern,no
002_Nature_s41586-024-07744-y_peer_review_file__u0171,002_Nature_s41586-024-07744-y_peer_review_file.pdf,Nature,10.1038/s41586-024-07744-y,Neural general circulation models for weather and climate,AI weather; neural GCM; atmospheric model evaluation,scale_resolution_boundary_consistency,431,however,no
002_Nature_s41586-024-07744-y_peer_review_file__u0172,002_Nature_s41586-024-07744-y_peer_review_file.pdf,Nature,10.1038/s41586-024-07744-y,Neural general circulation models for weather and climate,AI weather; neural GCM; atmospheric model evaluation,scale_resolution_boundary_consistency,172,would like,no
002_Nature_s41586-024-07744-y_peer_review_file__u0175,002_Nature_s41586-024-07744-y_peer_review_file.pdf,Nature,10.1038/s41586-024-07744-y,Neural general circulation models for weather and climate,AI weather; neural GCM; atmospheric model evaluation,model_physics_assumption_sensitivity,252,however,no
002_Nature_s41586-024-07744-y_peer_review_file__u0178,002_Nature_s41586-024-07744-y_peer_review_file.pdf,Nature,10.1038/s41586-024-07744-y,Neural general circulation models for weather and climate,AI weather; neural GCM; atmospheric model evaluation,observational_product_reanalysis_validity,690,why,no
002_Nature_s41586-024-07744-y_peer_review_file__u0179,002_Nature_s41586-024-07744-y_peer_review_file.pdf,Nature,10.1038/s41586-024-07744-y,Neural general circulation models for weather and climate,AI weather; neural GCM; atmospheric model evaluation,scale_resolution_boundary_consistency,229,why,no
002_Nature_s41586-024-07744-y_peer_review_file__u0182,002_Nature_s41586-024-07744-y_peer_review_file.pdf,Nature,10.1038/s41586-024-07744-y,Neural general circulation models for weather and climate,AI weather; neural GCM; atmospheric model evaluation,scale_resolution_boundary_consistency,1085,however; unclear,no
002_Nature_s41586-024-07744-y_peer_review_file__u0183,002_Nature_s41586-024-07744-y_peer_review_file.pdf,Nature,10.1038/s41586-024-07744-y,Neural general circulation models for weather and climate,AI weather; neural GCM; atmospheric model evaluation,model_physics_assumption_sensitivity,549,why,no
002_Nature_s41586-024-07744-y_peer_review_file__u0184,002_Nature_s41586-024-07744-y_peer_review_file.pdf,Nature,10.1038/s41586-024-07744-y,Neural general circulation models for weather and climate,AI weather; neural GCM; atmospheric model evaluation,scale_resolution_boundary_consistency,761,however; limitation,no
002_Nature_s41586-024-07744-y_peer_review_file__u0185,002_Nature_s41586-024-07744-y_peer_review_file.pdf,Nature,10.1038/s41586-024-07744-y,Neural general circulation models for weather and climate,AI weather; neural GCM; atmospheric model evaluation,atmospheric_claim_evidence_calibration,269,should,no
002_Nature_s41586-024-07744-y_peer_review_file__u0186,002_Nature_s41586-024-07744-y_peer_review_file.pdf,Nature,10.1038/s41586-024-07744-y,Neural general circulation models for weather and climate,AI weather; neural GCM; atmospheric model evaluation,model_physics_assumption_sensitivity,1431,need; limitation,no
002_Nature_s41586-024-07744-y_peer_review_file__u0187,002_Nature_s41586-024-07744-y_peer_review_file.pdf,Nature,10.1038/s41586-024-07744-y,Neural general circulation models for weather and climate,AI weather; neural GCM; atmospheric model evaluation,model_physics_assumption_sensitivity,398,need; recommend,no
002_Nature_s41586-024-07744-y_peer_review_file__u0188,002_Nature_s41586-024-07744-y_peer_review_file.pdf,Nature,10.1038/s41586-024-07744-y,Neural general circulation models for weather and climate,AI weather; neural GCM; atmospheric model evaluation,model_physics_assumption_sensitivity,417,need; lack,no
002_Nature_s41586-024-07744-y_peer_review_file__u0195,002_Nature_s41586-024-07744-y_peer_review_file.pdf,Nature,10.1038/s41586-024-07744-y,Neural general circulation models for weather and climate,AI weather; neural GCM; atmospheric model evaluation,model_physics_assumption_sensitivity,340,should,no
002_Nature_s41586-024-07744-y_peer_review_file__u0201,002_Nature_s41586-024-07744-y_peer_review_file.pdf,Nature,10.1038/s41586-024-07744-y,Neural general circulation models for weather and climate,AI weather; neural GCM; atmospheric model evaluation,model_physics_assumption_sensitivity,259,missing,no
002_Nature_s41586-024-07744-y_peer_review_file__u0203,002_Nature_s41586-024-07744-y_peer_review_file.pdf,Nature,10.1038/s41586-024-07744-y,Neural general circulation models for weather and climate,AI weather; neural GCM; atmospheric model evaluation,scale_resolution_boundary_consistency,506,should; missing,no
002_Nature_s41586-024-07744-y_peer_review_file__u0207,002_Nature_s41586-024-07744-y_peer_review_file.pdf,Nature,10.1038/s41586-024-07744-y,Neural general circulation models for weather and climate,AI weather; neural GCM; atmospheric model evaluation,model_physics_assumption_sensitivity,404,concern,no
002_Nature_s41586-024-07744-y_peer_review_file__u0208,002_Nature_s41586-024-07744-y_peer_review_file.pdf,Nature,10.1038/s41586-024-07744-y,Neural general circulation models for weather and climate,AI weather; neural GCM; atmospheric model evaluation,ai_weather_climate_model_fidelity,239,should,no
002_Nature_s41586-024-07744-y_peer_review_file__u0210,002_Nature_s41586-024-07744-y_peer_review_file.pdf,Nature,10.1038/s41586-024-07744-y,Neural general circulation models for weather and climate,AI weather; neural GCM; atmospheric model evaluation,ai_weather_climate_model_fidelity,720,need; explain,no
002_Nature_s41586-024-07744-y_peer_review_file__u0212,002_Nature_s41586-024-07744-y_peer_review_file.pdf,Nature,10.1038/s41586-024-07744-y,Neural general circulation models for weather and climate,AI weather; neural GCM; atmospheric model evaluation,ai_weather_climate_model_fidelity,1299,missing,no
002_Nature_s41586-024-07744-y_peer_review_file__u0214,002_Nature_s41586-024-07744-y_peer_review_file.pdf,Nature,10.1038/s41586-024-07744-y,Neural general circulation models for weather and climate,AI weather; neural GCM; atmospheric model evaluation,model_physics_assumption_sensitivity,779,however; not clear,no
002_Nature_s41586-024-07744-y_peer_review_file__u0218,002_Nature_s41586-024-07744-y_peer_review_file.pdf,Nature,10.1038/s41586-024-07744-y,Neural general circulation models for weather and climate,AI weather; neural GCM; atmospheric model evaluation,ai_weather_climate_model_fidelity,675,however,no
002_Nature_s41586-024-07744-y_peer_review_file__u0220,002_Nature_s41586-024-07744-y_peer_review_file.pdf,Nature,10.1038/s41586-024-07744-y,Neural general circulation models for weather and climate,AI weather; neural GCM; atmospheric model evaluation,model_physics_assumption_sensitivity,243,however,no
002_Nature_s41586-024-07744-y_peer_review_file__u0224,002_Nature_s41586-024-07744-y_peer_review_file.pdf,Nature,10.1038/s41586-024-07744-y,Neural general circulation models for weather and climate,AI weather; neural GCM; atmospheric model evaluation,model_physics_assumption_sensitivity,1238,however; should,no
002_Nature_s41586-024-07744-y_peer_review_file__u0227,002_Nature_s41586-024-07744-y_peer_review_file.pdf,Nature,10.1038/s41586-024-07744-y,Neural general circulation models for weather and climate,AI weather; neural GCM; atmospheric model evaluation,ai_weather_climate_model_fidelity,313,should,no
002_Nature_s41586-024-07744-y_peer_review_file__u0229,002_Nature_s41586-024-07744-y_peer_review_file.pdf,Nature,10.1038/s41586-024-07744-y,Neural general circulation models for weather and climate,AI weather; neural GCM; atmospheric model evaluation,ai_weather_climate_model_fidelity,1541,however; should; would like,no
002_Nature_s41586-024-07744-y_peer_review_file__u0231,002_Nature_s41586-024-07744-y_peer_review_file.pdf,Nature,10.1038/s41586-024-07744-y,Neural general circulation models for weather and climate,AI weather; neural GCM; atmospheric model evaluation,model_physics_assumption_sensitivity,1579,need; needs,no
002_Nature_s41586-024-07744-y_peer_review_file__u0234,002_Nature_s41586-024-07744-y_peer_review_file.pdf,Nature,10.1038/s41586-024-07744-y,Neural general circulation models for weather and climate,AI weather; neural GCM; atmospheric model evaluation,model_physics_assumption_sensitivity,781,however,no
002_Nature_s41586-024-07744-y_peer_review_file__u0236,002_Nature_s41586-024-07744-y_peer_review_file.pdf,Nature,10.1038/s41586-024-07744-y,Neural general circulation models for weather and climate,AI weather; neural GCM; atmospheric model evaluation,model_physics_assumption_sensitivity,332,however,no
002_Nature_s41586-024-07744-y_peer_review_file__u0238,002_Nature_s41586-024-07744-y_peer_review_file.pdf,Nature,10.1038/s41586-024-07744-y,Neural general circulation models for weather and climate,AI weather; neural GCM; atmospheric model evaluation,scale_resolution_boundary_consistency,646,should,no
002_Nature_s41586-024-07744-y_peer_review_file__u0239,002_Nature_s41586-024-07744-y_peer_review_file.pdf,Nature,10.1038/s41586-024-07744-y,Neural general circulation models for weather and climate,AI weather; neural GCM; atmospheric model evaluation,scale_resolution_boundary_consistency,1352,however; unclear,no
002_Nature_s41586-024-07744-y_peer_review_file__u0240,002_Nature_s41586-024-07744-y_peer_review_file.pdf,Nature,10.1038/s41586-024-07744-y,Neural general circulation models for weather and climate,AI weather; neural GCM; atmospheric model evaluation,ai_weather_climate_model_fidelity,874,should,no
002_Nature_s41586-024-07744-y_peer_review_file__u0241,002_Nature_s41586-024-07744-y_peer_review_file.pdf,Nature,10.1038/s41586-024-07744-y,Neural general circulation models for weather and climate,AI weather; neural GCM; atmospheric model evaluation,ai_weather_climate_model_fidelity,743,need,no
002_Nature_s41586-024-07744-y_peer_review_file__u0243,002_Nature_s41586-024-07744-y_peer_review_file.pdf,Nature,10.1038/s41586-024-07744-y,Neural general circulation models for weather and climate,AI weather; neural GCM; atmospheric model evaluation,model_physics_assumption_sensitivity,2777,should; need; needs; not clear,no
002_Nature_s41586-024-07744-y_peer_review_file__u0245,002_Nature_s41586-024-07744-y_peer_review_file.pdf,Nature,10.1038/s41586-024-07744-y,Neural general circulation models for weather and climate,AI weather; neural GCM; atmospheric model evaluation,scale_resolution_boundary_consistency,1205,not clear,no
002_Nature_s41586-024-07744-y_peer_review_file__u0248,002_Nature_s41586-024-07744-y_peer_review_file.pdf,Nature,10.1038/s41586-024-07744-y,Neural general circulation models for weather and climate,AI weather; neural GCM; atmospheric model evaluation,model_physics_assumption_sensitivity,785,why,no
002_Nature_s41586-024-07744-y_peer_review_file__u0251,002_Nature_s41586-024-07744-y_peer_review_file.pdf,Nature,10.1038/s41586-024-07744-y,Neural general circulation models for weather and climate,AI weather; neural GCM; atmospheric model evaluation,model_physics_assumption_sensitivity,266,however; need,no
002_Nature_s41586-024-07744-y_peer_review_file__u0253,002_Nature_s41586-024-07744-y_peer_review_file.pdf,Nature,10.1038/s41586-024-07744-y,Neural general circulation models for weather and climate,AI weather; neural GCM; atmospheric model evaluation,model_physics_assumption_sensitivity,165,need,no
002_Nature_s41586-024-07744-y_peer_review_file__u0256,002_Nature_s41586-024-07744-y_peer_review_file.pdf,Nature,10.1038/s41586-024-07744-y,Neural general circulation models for weather and climate,AI weather; neural GCM; atmospheric model evaluation,model_physics_assumption_sensitivity,293,explain,no
002_Nature_s41586-024-07744-y_peer_review_file__u0257,002_Nature_s41586-024-07744-y_peer_review_file.pdf,Nature,10.1038/s41586-024-07744-y,Neural general circulation models for weather and climate,AI weather; neural GCM; atmospheric model evaluation,model_physics_assumption_sensitivity,882,why,no
002_Nature_s41586-024-07744-y_peer_review_file__u0261,002_Nature_s41586-024-07744-y_peer_review_file.pdf,Nature,10.1038/s41586-024-07744-y,Neural general circulation models for weather and climate,AI weather; neural GCM; atmospheric model evaluation,scale_resolution_boundary_consistency,525,need,no
002_Nature_s41586-024-07744-y_peer_review_file__u0274,002_Nature_s41586-024-07744-y_peer_review_file.pdf,Nature,10.1038/s41586-024-07744-y,Neural general circulation models for weather and climate,AI weather; neural GCM; atmospheric model evaluation,model_physics_assumption_sensitivity,663,concern; limitation,no
002_Nature_s41586-024-07744-y_peer_review_file__u0276,002_Nature_s41586-024-07744-y_peer_review_file.pdf,Nature,10.1038/s41586-024-07744-y,Neural general circulation models for weather and climate,AI weather; neural GCM; atmospheric model evaluation,atmospheric_claim_evidence_calibration,139,concern,no
002_Nature_s41586-024-07744-y_peer_review_file__u0277,002_Nature_s41586-024-07744-y_peer_review_file.pdf,Nature,10.1038/s41586-024-07744-y,Neural general circulation models for weather and climate,AI weather; neural GCM; atmospheric model evaluation,reproducibility_data_code,247,should,no
002_Nature_s41586-024-07744-y_peer_review_file__u0278,002_Nature_s41586-024-07744-y_peer_review_file.pdf,Nature,10.1038/s41586-024-07744-y,Neural general circulation models for weather and climate,AI weather; neural GCM; atmospheric model evaluation,scale_resolution_boundary_consistency,497,should,no
002_Nature_s41586-024-07744-y_peer_review_file__u0279,002_Nature_s41586-024-07744-y_peer_review_file.pdf,Nature,10.1038/s41586-024-07744-y,Neural general circulation models for weather and climate,AI weather; neural GCM; atmospheric model evaluation,model_physics_assumption_sensitivity,815,concern; limitation,no
002_Nature_s41586-024-07744-y_peer_review_file__u0282,002_Nature_s41586-024-07744-y_peer_review_file.pdf,Nature,10.1038/s41586-024-07744-y,Neural general circulation models for weather and climate,AI weather; neural GCM; atmospheric model evaluation,mechanism_causality_circulation_dynamics,248,concern,no
002_Nature_s41586-024-07744-y_peer_review_file__u0283,002_Nature_s41586-024-07744-y_peer_review_file.pdf,Nature,10.1038/s41586-024-07744-y,Neural general circulation models for weather and climate,AI weather; neural GCM; atmospheric model evaluation,detail_audit,88,should,no
002_Nature_s41586-024-07744-y_peer_review_file__u0285,002_Nature_s41586-024-07744-y_peer_review_file.pdf,Nature,10.1038/s41586-024-07744-y,Neural general circulation models for weather and climate,AI weather; neural GCM; atmospheric model evaluation,reproducibility_data_code,291,should,no
002_Nature_s41586-024-07744-y_peer_review_file__u0288,002_Nature_s41586-024-07744-y_peer_review_file.pdf,Nature,10.1038/s41586-024-07744-y,Neural general circulation models for weather and climate,AI weather; neural GCM; atmospheric model evaluation,scale_resolution_boundary_consistency,366,should,no
002_Nature_s41586-024-07744-y_peer_review_file__u0291,002_Nature_s41586-024-07744-y_peer_review_file.pdf,Nature,10.1038/s41586-024-07744-y,Neural general circulation models for weather and climate,AI weather; neural GCM; atmospheric model evaluation,ai_weather_climate_model_fidelity,587,should,no
003_Nature_s41586-024-07714-4_peer_review_file__u0000,003_Nature_s41586-024-07714-4_peer_review_file.pdf,Nature,10.1038/s41586-024-07714-4,Global net climate effects of anthropogenic reactive nitrogen,reactive nitrogen; atmospheric chemistry; radiative forcing,chemistry_emissions_budget,631,however; should; need,no
003_Nature_s41586-024-07714-4_peer_review_file__u0001,003_Nature_s41586-024-07714-4_peer_review_file.pdf,Nature,10.1038/s41586-024-07714-4,Global net climate effects of anthropogenic reactive nitrogen,reactive nitrogen; atmospheric chemistry; radiative forcing,detail_audit,1802,however; should; need; needs,no
003_Nature_s41586-024-07714-4_peer_review_file__u0002,003_Nature_s41586-024-07714-4_peer_review_file.pdf,Nature,10.1038/s41586-024-07714-4,Global net climate effects of anthropogenic reactive nitrogen,reactive nitrogen; atmospheric chemistry; radiative forcing,detail_audit,845,need; needs; why,no
003_Nature_s41586-024-07714-4_peer_review_file__u0003,003_Nature_s41586-024-07714-4_peer_review_file.pdf,Nature,10.1038/s41586-024-07714-4,Global net climate effects of anthropogenic reactive nitrogen,reactive nitrogen; atmospheric chemistry; radiative forcing,detail_audit,701,need; needs; why,no
003_Nature_s41586-024-07714-4_peer_review_file__u0004,003_Nature_s41586-024-07714-4_peer_review_file.pdf,Nature,10.1038/s41586-024-07714-4,Global net climate effects of anthropogenic reactive nitrogen,reactive nitrogen; atmospheric chemistry; radiative forcing,chemistry_emissions_budget,5214,need; explain,no
003_Nature_s41586-024-07714-4_peer_review_file__u0006,003_Nature_s41586-024-07714-4_peer_review_file.pdf,Nature,10.1038/s41586-024-07714-4,Global net climate effects of anthropogenic reactive nitrogen,reactive nitrogen; atmospheric chemistry; radiative forcing,aerosol_cloud_radiation_microphysics,1250,however; concern; limitation,no
003_Nature_s41586-024-07714-4_peer_review_file__u0007,003_Nature_s41586-024-07714-4_peer_review_file.pdf,Nature,10.1038/s41586-024-07714-4,Global net climate effects of anthropogenic reactive nitrogen,reactive nitrogen; atmospheric chemistry; radiative forcing,model_physics_assumption_sensitivity,613,however; should,no
003_Nature_s41586-024-07714-4_peer_review_file__u0009,003_Nature_s41586-024-07714-4_peer_review_file.pdf,Nature,10.1038/s41586-024-07714-4,Global net climate effects of anthropogenic reactive nitrogen,reactive nitrogen; atmospheric chemistry; radiative forcing,detail_audit,586,should; need,no
003_Nature_s41586-024-07714-4_peer_review_file__u0011,003_Nature_s41586-024-07714-4_peer_review_file.pdf,Nature,10.1038/s41586-024-07714-4,Global net climate effects of anthropogenic reactive nitrogen,reactive nitrogen; atmospheric chemistry; radiative forcing,chemistry_emissions_budget,1718,should; need; insufficient; why,no
003_Nature_s41586-024-07714-4_peer_review_file__u0012,003_Nature_s41586-024-07714-4_peer_review_file.pdf,Nature,10.1038/s41586-024-07714-4,Global net climate effects of anthropogenic reactive nitrogen,reactive nitrogen; atmospheric chemistry; radiative forcing,aerosol_cloud_radiation_microphysics,800,should; recommend,no
003_Nature_s41586-024-07714-4_peer_review_file__u0013,003_Nature_s41586-024-07714-4_peer_review_file.pdf,Nature,10.1038/s41586-024-07714-4,Global net climate effects of anthropogenic reactive nitrogen,reactive nitrogen; atmospheric chemistry; radiative forcing,detail_audit,381,should; explain,no
003_Nature_s41586-024-07714-4_peer_review_file__u0014,003_Nature_s41586-024-07714-4_peer_review_file.pdf,Nature,10.1038/s41586-024-07714-4,Global net climate effects of anthropogenic reactive nitrogen,reactive nitrogen; atmospheric chemistry; radiative forcing,detail_audit,1815,unclear; should; need; explain; sensitivity,no
003_Nature_s41586-024-07714-4_peer_review_file__u0015,003_Nature_s41586-024-07714-4_peer_review_file.pdf,Nature,10.1038/s41586-024-07714-4,Global net climate effects of anthropogenic reactive nitrogen,reactive nitrogen; atmospheric chemistry; radiative forcing,ai_weather_climate_model_fidelity,85,should,no
003_Nature_s41586-024-07714-4_peer_review_file__u0016,003_Nature_s41586-024-07714-4_peer_review_file.pdf,Nature,10.1038/s41586-024-07714-4,Global net climate effects of anthropogenic reactive nitrogen,reactive nitrogen; atmospheric chemistry; radiative forcing,detail_audit,222,should,no
003_Nature_s41586-024-07714-4_peer_review_file__u0019,003_Nature_s41586-024-07714-4_peer_review_file.pdf,Nature,10.1038/s41586-024-07714-4,Global net climate effects of anthropogenic reactive nitrogen,reactive nitrogen; atmospheric chemistry; radiative forcing,detail_audit,247,should,no
003_Nature_s41586-024-07714-4_peer_review_file__u0020,003_Nature_s41586-024-07714-4_peer_review_file.pdf,Nature,10.1038/s41586-024-07714-4,Global net climate effects of anthropogenic reactive nitrogen,reactive nitrogen; atmospheric chemistry; radiative forcing,ai_weather_climate_model_fidelity,109,explain,no
003_Nature_s41586-024-07714-4_peer_review_file__u0022,003_Nature_s41586-024-07714-4_peer_review_file.pdf,Nature,10.1038/s41586-024-07714-4,Global net climate effects of anthropogenic reactive nitrogen,reactive nitrogen; atmospheric chemistry; radiative forcing,atmospheric_claim_evidence_calibration,125,should,no
003_Nature_s41586-024-07714-4_peer_review_file__u0023,003_Nature_s41586-024-07714-4_peer_review_file.pdf,Nature,10.1038/s41586-024-07714-4,Global net climate effects of anthropogenic reactive nitrogen,reactive nitrogen; atmospheric chemistry; radiative forcing,detail_audit,125,missing,no
003_Nature_s41586-024-07714-4_peer_review_file__u0026,003_Nature_s41586-024-07714-4_peer_review_file.pdf,Nature,10.1038/s41586-024-07714-4,Global net climate effects of anthropogenic reactive nitrogen,reactive nitrogen; atmospheric chemistry; radiative forcing,chemistry_emissions_budget,631,however; should; need,no
003_Nature_s41586-024-07714-4_peer_review_file__u0027,003_Nature_s41586-024-07714-4_peer_review_file.pdf,Nature,10.1038/s41586-024-07714-4,Global net climate effects of anthropogenic reactive nitrogen,reactive nitrogen; atmospheric chemistry; radiative forcing,atmospheric_claim_evidence_calibration,593,need; needs,no
003_Nature_s41586-024-07714-4_peer_review_file__u0028,003_Nature_s41586-024-07714-4_peer_review_file.pdf,Nature,10.1038/s41586-024-07714-4,Global net climate effects of anthropogenic reactive nitrogen,reactive nitrogen; atmospheric chemistry; radiative forcing,observational_product_reanalysis_validity,309,should,no
004_Nature_s41586-025-09450-9_peer_review_file__u0000,004_Nature_s41586-025-09450-9_peer_review_file.pdf,Nature,10.1038/s41586-025-09450-9,Systematic attribution of heatwaves to the emissions of carbon majors,heatwave attribution; event attribution; counterfactual design,extreme_event_attribution_counterfactual,110,major,no
004_Nature_s41586-025-09450-9_peer_review_file__u0004,004_Nature_s41586-025-09450-9_peer_review_file.pdf,Nature,10.1038/s41586-025-09450-9,Systematic attribution of heatwaves to the emissions of carbon majors,heatwave attribution; event attribution; counterfactual design,extreme_event_attribution_counterfactual,464,major,no
004_Nature_s41586-025-09450-9_peer_review_file__u0005,004_Nature_s41586-025-09450-9_peer_review_file.pdf,Nature,10.1038/s41586-025-09450-9,Systematic attribution of heatwaves to the emissions of carbon majors,heatwave attribution; event attribution; counterfactual design,ai_weather_climate_model_fidelity,122,concern,no
004_Nature_s41586-025-09450-9_peer_review_file__u0007,004_Nature_s41586-025-09450-9_peer_review_file.pdf,Nature,10.1038/s41586-025-09450-9,Systematic attribution of heatwaves to the emissions of carbon majors,heatwave attribution; event attribution; counterfactual design,sampling_event_representativeness,355,need; needs,no
004_Nature_s41586-025-09450-9_peer_review_file__u0008,004_Nature_s41586-025-09450-9_peer_review_file.pdf,Nature,10.1038/s41586-025-09450-9,Systematic attribution of heatwaves to the emissions of carbon majors,heatwave attribution; event attribution; counterfactual design,extreme_event_attribution_counterfactual,167,should,no
004_Nature_s41586-025-09450-9_peer_review_file__u0011,004_Nature_s41586-025-09450-9_peer_review_file.pdf,Nature,10.1038/s41586-025-09450-9,Systematic attribution of heatwaves to the emissions of carbon majors,heatwave attribution; event attribution; counterfactual design,sampling_event_representativeness,267,why,no
004_Nature_s41586-025-09450-9_peer_review_file__u0012,004_Nature_s41586-025-09450-9_peer_review_file.pdf,Nature,10.1038/s41586-025-09450-9,Systematic attribution of heatwaves to the emissions of carbon majors,heatwave attribution; event attribution; counterfactual design,detail_audit,383,explain,no
004_Nature_s41586-025-09450-9_peer_review_file__u0013,004_Nature_s41586-025-09450-9_peer_review_file.pdf,Nature,10.1038/s41586-025-09450-9,Systematic attribution of heatwaves to the emissions of carbon majors,heatwave attribution; event attribution; counterfactual design,ai_weather_climate_model_fidelity,379,however,no
004_Nature_s41586-025-09450-9_peer_review_file__u0014,004_Nature_s41586-025-09450-9_peer_review_file.pdf,Nature,10.1038/s41586-025-09450-9,Systematic attribution of heatwaves to the emissions of carbon majors,heatwave attribution; event attribution; counterfactual design,extreme_event_attribution_counterfactual,945,major; why,no
004_Nature_s41586-025-09450-9_peer_review_file__u0017,004_Nature_s41586-025-09450-9_peer_review_file.pdf,Nature,10.1038/s41586-025-09450-9,Systematic attribution of heatwaves to the emissions of carbon majors,heatwave attribution; event attribution; counterfactual design,extreme_event_attribution_counterfactual,242,major,no
004_Nature_s41586-025-09450-9_peer_review_file__u0018,004_Nature_s41586-025-09450-9_peer_review_file.pdf,Nature,10.1038/s41586-025-09450-9,Systematic attribution of heatwaves to the emissions of carbon majors,heatwave attribution; event attribution; counterfactual design,extreme_event_attribution_counterfactual,853,major,no
004_Nature_s41586-025-09450-9_peer_review_file__u0019,004_Nature_s41586-025-09450-9_peer_review_file.pdf,Nature,10.1038/s41586-025-09450-9,Systematic attribution of heatwaves to the emissions of carbon majors,heatwave attribution; event attribution; counterfactual design,extreme_event_attribution_counterfactual,862,major,no
004_Nature_s41586-025-09450-9_peer_review_file__u0021,004_Nature_s41586-025-09450-9_peer_review_file.pdf,Nature,10.1038/s41586-025-09450-9,Systematic attribution of heatwaves to the emissions of carbon majors,heatwave attribution; event attribution; counterfactual design,observational_product_reanalysis_validity,1170,recommend; would like,no
004_Nature_s41586-025-09450-9_peer_review_file__u0022,004_Nature_s41586-025-09450-9_peer_review_file.pdf,Nature,10.1038/s41586-025-09450-9,Systematic attribution of heatwaves to the emissions of carbon majors,heatwave attribution; event attribution; counterfactual design,detail_audit,859,major; clarify,no
004_Nature_s41586-025-09450-9_peer_review_file__u0023,004_Nature_s41586-025-09450-9_peer_review_file.pdf,Nature,10.1038/s41586-025-09450-9,Systematic attribution of heatwaves to the emissions of carbon majors,heatwave attribution; event attribution; counterfactual design,ai_weather_climate_model_fidelity,761,major; limitation,no
004_Nature_s41586-025-09450-9_peer_review_file__u0024,004_Nature_s41586-025-09450-9_peer_review_file.pdf,Nature,10.1038/s41586-025-09450-9,Systematic attribution of heatwaves to the emissions of carbon majors,heatwave attribution; event attribution; counterfactual design,observational_product_reanalysis_validity,323,why,no
004_Nature_s41586-025-09450-9_peer_review_file__u0025,004_Nature_s41586-025-09450-9_peer_review_file.pdf,Nature,10.1038/s41586-025-09450-9,Systematic attribution of heatwaves to the emissions of carbon majors,heatwave attribution; event attribution; counterfactual design,model_physics_assumption_sensitivity,377,need; explain,no
004_Nature_s41586-025-09450-9_peer_review_file__u0027,004_Nature_s41586-025-09450-9_peer_review_file.pdf,Nature,10.1038/s41586-025-09450-9,Systematic attribution of heatwaves to the emissions of carbon majors,heatwave attribution; event attribution; counterfactual design,extreme_event_attribution_counterfactual,617,major,no
004_Nature_s41586-025-09450-9_peer_review_file__u0028,004_Nature_s41586-025-09450-9_peer_review_file.pdf,Nature,10.1038/s41586-025-09450-9,Systematic attribution of heatwaves to the emissions of carbon majors,heatwave attribution; event attribution; counterfactual design,ai_weather_climate_model_fidelity,1030,however; major; should,no
004_Nature_s41586-025-09450-9_peer_review_file__u0030,004_Nature_s41586-025-09450-9_peer_review_file.pdf,Nature,10.1038/s41586-025-09450-9,Systematic attribution of heatwaves to the emissions of carbon majors,heatwave attribution; event attribution; counterfactual design,ai_weather_climate_model_fidelity,389,should,no
004_Nature_s41586-025-09450-9_peer_review_file__u0031,004_Nature_s41586-025-09450-9_peer_review_file.pdf,Nature,10.1038/s41586-025-09450-9,Systematic attribution of heatwaves to the emissions of carbon majors,heatwave attribution; event attribution; counterfactual design,extreme_event_attribution_counterfactual,381,major,no
004_Nature_s41586-025-09450-9_peer_review_file__u0032,004_Nature_s41586-025-09450-9_peer_review_file.pdf,Nature,10.1038/s41586-025-09450-9,Systematic attribution of heatwaves to the emissions of carbon majors,heatwave attribution; event attribution; counterfactual design,detail_audit,985,concern; major; need; needs; lack,no
004_Nature_s41586-025-09450-9_peer_review_file__u0036,004_Nature_s41586-025-09450-9_peer_review_file.pdf,Nature,10.1038/s41586-025-09450-9,Systematic attribution of heatwaves to the emissions of carbon majors,heatwave attribution; event attribution; counterfactual design,ai_weather_climate_model_fidelity,639,why,no
004_Nature_s41586-025-09450-9_peer_review_file__u0037,004_Nature_s41586-025-09450-9_peer_review_file.pdf,Nature,10.1038/s41586-025-09450-9,Systematic attribution of heatwaves to the emissions of carbon majors,heatwave attribution; event attribution; counterfactual design,atmospheric_claim_evidence_calibration,299,need; recommend,no
004_Nature_s41586-025-09450-9_peer_review_file__u0038,004_Nature_s41586-025-09450-9_peer_review_file.pdf,Nature,10.1038/s41586-025-09450-9,Systematic attribution of heatwaves to the emissions of carbon majors,heatwave attribution; event attribution; counterfactual design,scale_resolution_boundary_consistency,790,however; need,no
004_Nature_s41586-025-09450-9_peer_review_file__u0039,004_Nature_s41586-025-09450-9_peer_review_file.pdf,Nature,10.1038/s41586-025-09450-9,Systematic attribution of heatwaves to the emissions of carbon majors,heatwave attribution; event attribution; counterfactual design,ai_weather_climate_model_fidelity,81,concern; should,no
004_Nature_s41586-025-09450-9_peer_review_file__u0045,004_Nature_s41586-025-09450-9_peer_review_file.pdf,Nature,10.1038/s41586-025-09450-9,Systematic attribution of heatwaves to the emissions of carbon majors,heatwave attribution; event attribution; counterfactual design,atmospheric_claim_evidence_calibration,98,should,no
004_Nature_s41586-025-09450-9_peer_review_file__u0046,004_Nature_s41586-025-09450-9_peer_review_file.pdf,Nature,10.1038/s41586-025-09450-9,Systematic attribution of heatwaves to the emissions of carbon majors,heatwave attribution; event attribution; counterfactual design,observational_product_reanalysis_validity,832,however; major,no
004_Nature_s41586-025-09450-9_peer_review_file__u0047,004_Nature_s41586-025-09450-9_peer_review_file.pdf,Nature,10.1038/s41586-025-09450-9,Systematic attribution of heatwaves to the emissions of carbon majors,heatwave attribution; event attribution; counterfactual design,sampling_event_representativeness,502,need,no
004_Nature_s41586-025-09450-9_peer_review_file__u0048,004_Nature_s41586-025-09450-9_peer_review_file.pdf,Nature,10.1038/s41586-025-09450-9,Systematic attribution of heatwaves to the emissions of carbon majors,heatwave attribution; event attribution; counterfactual design,observational_product_reanalysis_validity,1112,however; major; need,no
004_Nature_s41586-025-09450-9_peer_review_file__u0049,004_Nature_s41586-025-09450-9_peer_review_file.pdf,Nature,10.1038/s41586-025-09450-9,Systematic attribution of heatwaves to the emissions of carbon majors,heatwave attribution; event attribution; counterfactual design,atmospheric_claim_evidence_calibration,174,recommend,no
004_Nature_s41586-025-09450-9_peer_review_file__u0050,004_Nature_s41586-025-09450-9_peer_review_file.pdf,Nature,10.1038/s41586-025-09450-9,Systematic attribution of heatwaves to the emissions of carbon majors,heatwave attribution; event attribution; counterfactual design,extreme_event_attribution_counterfactual,1339,major; should; need,no
004_Nature_s41586-025-09450-9_peer_review_file__u0052,004_Nature_s41586-025-09450-9_peer_review_file.pdf,Nature,10.1038/s41586-025-09450-9,Systematic attribution of heatwaves to the emissions of carbon majors,heatwave attribution; event attribution; counterfactual design,ai_weather_climate_model_fidelity,537,lack; would like,no
004_Nature_s41586-025-09450-9_peer_review_file__u0053,004_Nature_s41586-025-09450-9_peer_review_file.pdf,Nature,10.1038/s41586-025-09450-9,Systematic attribution of heatwaves to the emissions of carbon majors,heatwave attribution; event attribution; counterfactual design,ai_weather_climate_model_fidelity,180,why,no
004_Nature_s41586-025-09450-9_peer_review_file__u0054,004_Nature_s41586-025-09450-9_peer_review_file.pdf,Nature,10.1038/s41586-025-09450-9,Systematic attribution of heatwaves to the emissions of carbon majors,heatwave attribution; event attribution; counterfactual design,extreme_event_attribution_counterfactual,470,major; lack,no
004_Nature_s41586-025-09450-9_peer_review_file__u0056,004_Nature_s41586-025-09450-9_peer_review_file.pdf,Nature,10.1038/s41586-025-09450-9,Systematic attribution of heatwaves to the emissions of carbon majors,heatwave attribution; event attribution; counterfactual design,chemistry_emissions_budget,467,however; missing,no
004_Nature_s41586-025-09450-9_peer_review_file__u0057,004_Nature_s41586-025-09450-9_peer_review_file.pdf,Nature,10.1038/s41586-025-09450-9,Systematic attribution of heatwaves to the emissions of carbon majors,heatwave attribution; event attribution; counterfactual design,extreme_event_attribution_counterfactual,1247,major; would like,no
004_Nature_s41586-025-09450-9_peer_review_file__u0058,004_Nature_s41586-025-09450-9_peer_review_file.pdf,Nature,10.1038/s41586-025-09450-9,Systematic attribution of heatwaves to the emissions of carbon majors,heatwave attribution; event attribution; counterfactual design,scale_resolution_boundary_consistency,1495,concern; major; should,no
004_Nature_s41586-025-09450-9_peer_review_file__u0059,004_Nature_s41586-025-09450-9_peer_review_file.pdf,Nature,10.1038/s41586-025-09450-9,Systematic attribution of heatwaves to the emissions of carbon majors,heatwave attribution; event attribution; counterfactual design,sampling_event_representativeness,694,need; needs; insufficient; explain,no
004_Nature_s41586-025-09450-9_peer_review_file__u0060,004_Nature_s41586-025-09450-9_peer_review_file.pdf,Nature,10.1038/s41586-025-09450-9,Systematic attribution of heatwaves to the emissions of carbon majors,heatwave attribution; event attribution; counterfactual design,extreme_event_attribution_counterfactual,890,major; should; lack,no
004_Nature_s41586-025-09450-9_peer_review_file__u0069,004_Nature_s41586-025-09450-9_peer_review_file.pdf,Nature,10.1038/s41586-025-09450-9,Systematic attribution of heatwaves to the emissions of carbon majors,heatwave attribution; event attribution; counterfactual design,ai_weather_climate_model_fidelity,299,however; explain,no
004_Nature_s41586-025-09450-9_peer_review_file__u0072,004_Nature_s41586-025-09450-9_peer_review_file.pdf,Nature,10.1038/s41586-025-09450-9,Systematic attribution of heatwaves to the emissions of carbon majors,heatwave attribution; event attribution; counterfactual design,extreme_event_attribution_counterfactual,500,however,no
004_Nature_s41586-025-09450-9_peer_review_file__u0075,004_Nature_s41586-025-09450-9_peer_review_file.pdf,Nature,10.1038/s41586-025-09450-9,Systematic attribution of heatwaves to the emissions of carbon majors,heatwave attribution; event attribution; counterfactual design,observational_product_reanalysis_validity,856,should,no
004_Nature_s41586-025-09450-9_peer_review_file__u0076,004_Nature_s41586-025-09450-9_peer_review_file.pdf,Nature,10.1038/s41586-025-09450-9,Systematic attribution of heatwaves to the emissions of carbon majors,heatwave attribution; event attribution; counterfactual design,sampling_event_representativeness,785,major,no
004_Nature_s41586-025-09450-9_peer_review_file__u0077,004_Nature_s41586-025-09450-9_peer_review_file.pdf,Nature,10.1038/s41586-025-09450-9,Systematic attribution of heatwaves to the emissions of carbon majors,heatwave attribution; event attribution; counterfactual design,sampling_event_representativeness,417,why,no
004_Nature_s41586-025-09450-9_peer_review_file__u0078,004_Nature_s41586-025-09450-9_peer_review_file.pdf,Nature,10.1038/s41586-025-09450-9,Systematic attribution of heatwaves to the emissions of carbon majors,heatwave attribution; event attribution; counterfactual design,observational_product_reanalysis_validity,152,recommend,no
004_Nature_s41586-025-09450-9_peer_review_file__u0084,004_Nature_s41586-025-09450-9_peer_review_file.pdf,Nature,10.1038/s41586-025-09450-9,Systematic attribution of heatwaves to the emissions of carbon majors,heatwave attribution; event attribution; counterfactual design,ai_weather_climate_model_fidelity,213,need; explain,no
004_Nature_s41586-025-09450-9_peer_review_file__u0085,004_Nature_s41586-025-09450-9_peer_review_file.pdf,Nature,10.1038/s41586-025-09450-9,Systematic attribution of heatwaves to the emissions of carbon majors,heatwave attribution; event attribution; counterfactual design,reproducibility_data_code,1824,however; major,no
004_Nature_s41586-025-09450-9_peer_review_file__u0087,004_Nature_s41586-025-09450-9_peer_review_file.pdf,Nature,10.1038/s41586-025-09450-9,Systematic attribution of heatwaves to the emissions of carbon majors,heatwave attribution; event attribution; counterfactual design,atmospheric_claim_evidence_calibration,1459,recommend; would like,no
004_Nature_s41586-025-09450-9_peer_review_file__u0088,004_Nature_s41586-025-09450-9_peer_review_file.pdf,Nature,10.1038/s41586-025-09450-9,Systematic attribution of heatwaves to the emissions of carbon majors,heatwave attribution; event attribution; counterfactual design,detail_audit,1961,major; clarify,no
004_Nature_s41586-025-09450-9_peer_review_file__u0089,004_Nature_s41586-025-09450-9_peer_review_file.pdf,Nature,10.1038/s41586-025-09450-9,Systematic attribution of heatwaves to the emissions of carbon majors,heatwave attribution; event attribution; counterfactual design,extreme_event_attribution_counterfactual,305,major,no
004_Nature_s41586-025-09450-9_peer_review_file__u0090,004_Nature_s41586-025-09450-9_peer_review_file.pdf,Nature,10.1038/s41586-025-09450-9,Systematic attribution of heatwaves to the emissions of carbon majors,heatwave attribution; event attribution; counterfactual design,mechanism_causality_circulation_dynamics,1858,concern; major; missing; why; limitation,no
004_Nature_s41586-025-09450-9_peer_review_file__u0091,004_Nature_s41586-025-09450-9_peer_review_file.pdf,Nature,10.1038/s41586-025-09450-9,Systematic attribution of heatwaves to the emissions of carbon majors,heatwave attribution; event attribution; counterfactual design,detail_audit,1054,major; why,no
004_Nature_s41586-025-09450-9_peer_review_file__u0092,004_Nature_s41586-025-09450-9_peer_review_file.pdf,Nature,10.1038/s41586-025-09450-9,Systematic attribution of heatwaves to the emissions of carbon majors,heatwave attribution; event attribution; counterfactual design,mechanism_causality_circulation_dynamics,798,need; explain,no
004_Nature_s41586-025-09450-9_peer_review_file__u0093,004_Nature_s41586-025-09450-9_peer_review_file.pdf,Nature,10.1038/s41586-025-09450-9,Systematic attribution of heatwaves to the emissions of carbon majors,heatwave attribution; event attribution; counterfactual design,extreme_event_attribution_counterfactual,617,major,no
004_Nature_s41586-025-09450-9_peer_review_file__u0094,004_Nature_s41586-025-09450-9_peer_review_file.pdf,Nature,10.1038/s41586-025-09450-9,Systematic attribution of heatwaves to the emissions of carbon majors,heatwave attribution; event attribution; counterfactual design,ai_weather_climate_model_fidelity,1030,however; major; should,no
004_Nature_s41586-025-09450-9_peer_review_file__u0096,004_Nature_s41586-025-09450-9_peer_review_file.pdf,Nature,10.1038/s41586-025-09450-9,Systematic attribution of heatwaves to the emissions of carbon majors,heatwave attribution; event attribution; counterfactual design,ai_weather_climate_model_fidelity,603,should; would like,no
004_Nature_s41586-025-09450-9_peer_review_file__u0097,004_Nature_s41586-025-09450-9_peer_review_file.pdf,Nature,10.1038/s41586-025-09450-9,Systematic attribution of heatwaves to the emissions of carbon majors,heatwave attribution; event attribution; counterfactual design,atmospheric_claim_evidence_calibration,557,recommend,no
004_Nature_s41586-025-09450-9_peer_review_file__u0098,004_Nature_s41586-025-09450-9_peer_review_file.pdf,Nature,10.1038/s41586-025-09450-9,Systematic attribution of heatwaves to the emissions of carbon majors,heatwave attribution; event attribution; counterfactual design,atmospheric_claim_evidence_calibration,161,concern,no
004_Nature_s41586-025-09450-9_peer_review_file__u0100,004_Nature_s41586-025-09450-9_peer_review_file.pdf,Nature,10.1038/s41586-025-09450-9,Systematic attribution of heatwaves to the emissions of carbon majors,heatwave attribution; event attribution; counterfactual design,atmospheric_claim_evidence_calibration,419,however,no
004_Nature_s41586-025-09450-9_peer_review_file__u0101,004_Nature_s41586-025-09450-9_peer_review_file.pdf,Nature,10.1038/s41586-025-09450-9,Systematic attribution of heatwaves to the emissions of carbon majors,heatwave attribution; event attribution; counterfactual design,ai_weather_climate_model_fidelity,175,major,no
004_Nature_s41586-025-09450-9_peer_review_file__u0103,004_Nature_s41586-025-09450-9_peer_review_file.pdf,Nature,10.1038/s41586-025-09450-9,Systematic attribution of heatwaves to the emissions of carbon majors,heatwave attribution; event attribution; counterfactual design,mechanism_causality_circulation_dynamics,285,would like,no
004_Nature_s41586-025-09450-9_peer_review_file__u0105,004_Nature_s41586-025-09450-9_peer_review_file.pdf,Nature,10.1038/s41586-025-09450-9,Systematic attribution of heatwaves to the emissions of carbon majors,heatwave attribution; event attribution; counterfactual design,atmospheric_claim_evidence_calibration,454,however,no
004_Nature_s41586-025-09450-9_peer_review_file__u0106,004_Nature_s41586-025-09450-9_peer_review_file.pdf,Nature,10.1038/s41586-025-09450-9,Systematic attribution of heatwaves to the emissions of carbon majors,heatwave attribution; event attribution; counterfactual design,atmospheric_claim_evidence_calibration,554,missing; justify; explain; why,no
004_Nature_s41586-025-09450-9_peer_review_file__u0108,004_Nature_s41586-025-09450-9_peer_review_file.pdf,Nature,10.1038/s41586-025-09450-9,Systematic attribution of heatwaves to the emissions of carbon majors,heatwave attribution; event attribution; counterfactual design,extreme_event_attribution_counterfactual,1337,concern; major; recommend; would like,no
004_Nature_s41586-025-09450-9_peer_review_file__u0109,004_Nature_s41586-025-09450-9_peer_review_file.pdf,Nature,10.1038/s41586-025-09450-9,Systematic attribution of heatwaves to the emissions of carbon majors,heatwave attribution; event attribution; counterfactual design,sampling_event_representativeness,750,would like,no
004_Nature_s41586-025-09450-9_peer_review_file__u0110,004_Nature_s41586-025-09450-9_peer_review_file.pdf,Nature,10.1038/s41586-025-09450-9,Systematic attribution of heatwaves to the emissions of carbon majors,heatwave attribution; event attribution; counterfactual design,ai_weather_climate_model_fidelity,843,justify; explain; why,no
004_Nature_s41586-025-09450-9_peer_review_file__u0111,004_Nature_s41586-025-09450-9_peer_review_file.pdf,Nature,10.1038/s41586-025-09450-9,Systematic attribution of heatwaves to the emissions of carbon majors,heatwave attribution; event attribution; counterfactual design,extreme_event_attribution_counterfactual,992,however; major; justify; explain,no
004_Nature_s41586-025-09450-9_peer_review_file__u0112,004_Nature_s41586-025-09450-9_peer_review_file.pdf,Nature,10.1038/s41586-025-09450-9,Systematic attribution of heatwaves to the emissions of carbon majors,heatwave attribution; event attribution; counterfactual design,sampling_event_representativeness,520,however; major; recommend,no
004_Nature_s41586-025-09450-9_peer_review_file__u0113,004_Nature_s41586-025-09450-9_peer_review_file.pdf,Nature,10.1038/s41586-025-09450-9,Systematic attribution of heatwaves to the emissions of carbon majors,heatwave attribution; event attribution; counterfactual design,extreme_event_attribution_counterfactual,784,should; explain,no
004_Nature_s41586-025-09450-9_peer_review_file__u0114,004_Nature_s41586-025-09450-9_peer_review_file.pdf,Nature,10.1038/s41586-025-09450-9,Systematic attribution of heatwaves to the emissions of carbon majors,heatwave attribution; event attribution; counterfactual design,extreme_event_attribution_counterfactual,459,explain,no
004_Nature_s41586-025-09450-9_peer_review_file__u0115,004_Nature_s41586-025-09450-9_peer_review_file.pdf,Nature,10.1038/s41586-025-09450-9,Systematic attribution of heatwaves to the emissions of carbon majors,heatwave attribution; event attribution; counterfactual design,extreme_event_attribution_counterfactual,498,however; must,no
004_Nature_s41586-025-09450-9_peer_review_file__u0116,004_Nature_s41586-025-09450-9_peer_review_file.pdf,Nature,10.1038/s41586-025-09450-9,Systematic attribution of heatwaves to the emissions of carbon majors,heatwave attribution; event attribution; counterfactual design,extreme_event_attribution_counterfactual,1182,however; should,no
004_Nature_s41586-025-09450-9_peer_review_file__u0117,004_Nature_s41586-025-09450-9_peer_review_file.pdf,Nature,10.1038/s41586-025-09450-9,Systematic attribution of heatwaves to the emissions of carbon majors,heatwave attribution; event attribution; counterfactual design,detail_audit,733,major; should; insufficient; explain; clarify,no
004_Nature_s41586-025-09450-9_peer_review_file__u0119,004_Nature_s41586-025-09450-9_peer_review_file.pdf,Nature,10.1038/s41586-025-09450-9,Systematic attribution of heatwaves to the emissions of carbon majors,heatwave attribution; event attribution; counterfactual design,reproducibility_data_code,757,explain; why,no
004_Nature_s41586-025-09450-9_peer_review_file__u0121,004_Nature_s41586-025-09450-9_peer_review_file.pdf,Nature,10.1038/s41586-025-09450-9,Systematic attribution of heatwaves to the emissions of carbon majors,heatwave attribution; event attribution; counterfactual design,observational_product_reanalysis_validity,922,why,no
004_Nature_s41586-025-09450-9_peer_review_file__u0126,004_Nature_s41586-025-09450-9_peer_review_file.pdf,Nature,10.1038/s41586-025-09450-9,Systematic attribution of heatwaves to the emissions of carbon majors,heatwave attribution; event attribution; counterfactual design,model_physics_assumption_sensitivity,167,major,no
004_Nature_s41586-025-09450-9_peer_review_file__u0127,004_Nature_s41586-025-09450-9_peer_review_file.pdf,Nature,10.1038/s41586-025-09450-9,Systematic attribution of heatwaves to the emissions of carbon majors,heatwave attribution; event attribution; counterfactual design,observational_product_reanalysis_validity,607,however,no
004_Nature_s41586-025-09450-9_peer_review_file__u0128,004_Nature_s41586-025-09450-9_peer_review_file.pdf,Nature,10.1038/s41586-025-09450-9,Systematic attribution of heatwaves to the emissions of carbon majors,heatwave attribution; event attribution; counterfactual design,sampling_event_representativeness,131,major,no
004_Nature_s41586-025-09450-9_peer_review_file__u0130,004_Nature_s41586-025-09450-9_peer_review_file.pdf,Nature,10.1038/s41586-025-09450-9,Systematic attribution of heatwaves to the emissions of carbon majors,heatwave attribution; event attribution; counterfactual design,ai_weather_climate_model_fidelity,389,explain; why,no
004_Nature_s41586-025-09450-9_peer_review_file__u0131,004_Nature_s41586-025-09450-9_peer_review_file.pdf,Nature,10.1038/s41586-025-09450-9,Systematic attribution of heatwaves to the emissions of carbon majors,heatwave attribution; event attribution; counterfactual design,sampling_event_representativeness,1794,should; need; must; why,no
004_Nature_s41586-025-09450-9_peer_review_file__u0137,004_Nature_s41586-025-09450-9_peer_review_file.pdf,Nature,10.1038/s41586-025-09450-9,Systematic attribution of heatwaves to the emissions of carbon majors,heatwave attribution; event attribution; counterfactual design,extreme_event_attribution_counterfactual,2453,need,no
004_Nature_s41586-025-09450-9_peer_review_file__u0138,004_Nature_s41586-025-09450-9_peer_review_file.pdf,Nature,10.1038/s41586-025-09450-9,Systematic attribution of heatwaves to the emissions of carbon majors,heatwave attribution; event attribution; counterfactual design,ai_weather_climate_model_fidelity,1386,should; need; needs,no
004_Nature_s41586-025-09450-9_peer_review_file__u0139,004_Nature_s41586-025-09450-9_peer_review_file.pdf,Nature,10.1038/s41586-025-09450-9,Systematic attribution of heatwaves to the emissions of carbon majors,heatwave attribution; event attribution; counterfactual design,model_physics_assumption_sensitivity,616,concern; should; need; explain; why,no
004_Nature_s41586-025-09450-9_peer_review_file__u0141,004_Nature_s41586-025-09450-9_peer_review_file.pdf,Nature,10.1038/s41586-025-09450-9,Systematic attribution of heatwaves to the emissions of carbon majors,heatwave attribution; event attribution; counterfactual design,scale_resolution_boundary_consistency,1171,explain; would like,no
004_Nature_s41586-025-09450-9_peer_review_file__u0142,004_Nature_s41586-025-09450-9_peer_review_file.pdf,Nature,10.1038/s41586-025-09450-9,Systematic attribution of heatwaves to the emissions of carbon majors,heatwave attribution; event attribution; counterfactual design,sampling_event_representativeness,1418,explain; would like,no
004_Nature_s41586-025-09450-9_peer_review_file__u0143,004_Nature_s41586-025-09450-9_peer_review_file.pdf,Nature,10.1038/s41586-025-09450-9,Systematic attribution of heatwaves to the emissions of carbon majors,heatwave attribution; event attribution; counterfactual design,observational_product_reanalysis_validity,226,missing; justify,no
004_Nature_s41586-025-09450-9_peer_review_file__u0144,004_Nature_s41586-025-09450-9_peer_review_file.pdf,Nature,10.1038/s41586-025-09450-9,Systematic attribution of heatwaves to the emissions of carbon majors,heatwave attribution; event attribution; counterfactual design,observational_product_reanalysis_validity,509,major; need,no
004_Nature_s41586-025-09450-9_peer_review_file__u0147,004_Nature_s41586-025-09450-9_peer_review_file.pdf,Nature,10.1038/s41586-025-09450-9,Systematic attribution of heatwaves to the emissions of carbon majors,heatwave attribution; event attribution; counterfactual design,aerosol_cloud_radiation_microphysics,2528,however; major; need; why,no
004_Nature_s41586-025-09450-9_peer_review_file__u0156,004_Nature_s41586-025-09450-9_peer_review_file.pdf,Nature,10.1038/s41586-025-09450-9,Systematic attribution of heatwaves to the emissions of carbon majors,heatwave attribution; event attribution; counterfactual design,scale_resolution_boundary_consistency,1218,lack,no
004_Nature_s41586-025-09450-9_peer_review_file__u0162,004_Nature_s41586-025-09450-9_peer_review_file.pdf,Nature,10.1038/s41586-025-09450-9,Systematic attribution of heatwaves to the emissions of carbon majors,heatwave attribution; event attribution; counterfactual design,atmospheric_claim_evidence_calibration,271,major,no
004_Nature_s41586-025-09450-9_peer_review_file__u0163,004_Nature_s41586-025-09450-9_peer_review_file.pdf,Nature,10.1038/s41586-025-09450-9,Systematic attribution of heatwaves to the emissions of carbon majors,heatwave attribution; event attribution; counterfactual design,chemistry_emissions_budget,806,major,no
004_Nature_s41586-025-09450-9_peer_review_file__u0164,004_Nature_s41586-025-09450-9_peer_review_file.pdf,Nature,10.1038/s41586-025-09450-9,Systematic attribution of heatwaves to the emissions of carbon majors,heatwave attribution; event attribution; counterfactual design,scale_resolution_boundary_consistency,248,major,no
004_Nature_s41586-025-09450-9_peer_review_file__u0167,004_Nature_s41586-025-09450-9_peer_review_file.pdf,Nature,10.1038/s41586-025-09450-9,Systematic attribution of heatwaves to the emissions of carbon majors,heatwave attribution; event attribution; counterfactual design,extreme_event_attribution_counterfactual,883,major,no
004_Nature_s41586-025-09450-9_peer_review_file__u0169,004_Nature_s41586-025-09450-9_peer_review_file.pdf,Nature,10.1038/s41586-025-09450-9,Systematic attribution of heatwaves to the emissions of carbon majors,heatwave attribution; event attribution; counterfactual design,mechanism_causality_circulation_dynamics,279,would like,no
004_Nature_s41586-025-09450-9_peer_review_file__u0171,004_Nature_s41586-025-09450-9_peer_review_file.pdf,Nature,10.1038/s41586-025-09450-9,Systematic attribution of heatwaves to the emissions of carbon majors,heatwave attribution; event attribution; counterfactual design,sampling_event_representativeness,185,recommend,no
004_Nature_s41586-025-09450-9_peer_review_file__u0172,004_Nature_s41586-025-09450-9_peer_review_file.pdf,Nature,10.1038/s41586-025-09450-9,Systematic attribution of heatwaves to the emissions of carbon majors,heatwave attribution; event attribution; counterfactual design,sampling_event_representativeness,233,recommend,no
004_Nature_s41586-025-09450-9_peer_review_file__u0173,004_Nature_s41586-025-09450-9_peer_review_file.pdf,Nature,10.1038/s41586-025-09450-9,Systematic attribution of heatwaves to the emissions of carbon majors,heatwave attribution; event attribution; counterfactual design,extreme_event_attribution_counterfactual,229,major,no
004_Nature_s41586-025-09450-9_peer_review_file__u0175,004_Nature_s41586-025-09450-9_peer_review_file.pdf,Nature,10.1038/s41586-025-09450-9,Systematic attribution of heatwaves to the emissions of carbon majors,heatwave attribution; event attribution; counterfactual design,extreme_event_attribution_counterfactual,1143,major,no
004_Nature_s41586-025-09450-9_peer_review_file__u0176,004_Nature_s41586-025-09450-9_peer_review_file.pdf,Nature,10.1038/s41586-025-09450-9,Systematic attribution of heatwaves to the emissions of carbon majors,heatwave attribution; event attribution; counterfactual design,detail_audit,1507,concern; major; need; needs; lack,no
004_Nature_s41586-025-09450-9_peer_review_file__u0177,004_Nature_s41586-025-09450-9_peer_review_file.pdf,Nature,10.1038/s41586-025-09450-9,Systematic attribution of heatwaves to the emissions of carbon majors,heatwave attribution; event attribution; counterfactual design,extreme_event_attribution_counterfactual,817,lack,no
004_Nature_s41586-025-09450-9_peer_review_file__u0179,004_Nature_s41586-025-09450-9_peer_review_file.pdf,Nature,10.1038/s41586-025-09450-9,Systematic attribution of heatwaves to the emissions of carbon majors,heatwave attribution; event attribution; counterfactual design,sampling_event_representativeness,823,lack; justify,no
004_Nature_s41586-025-09450-9_peer_review_file__u0181,004_Nature_s41586-025-09450-9_peer_review_file.pdf,Nature,10.1038/s41586-025-09450-9,Systematic attribution of heatwaves to the emissions of carbon majors,heatwave attribution; event attribution; counterfactual design,sampling_event_representativeness,748,however,no
004_Nature_s41586-025-09450-9_peer_review_file__u0182,004_Nature_s41586-025-09450-9_peer_review_file.pdf,Nature,10.1038/s41586-025-09450-9,Systematic attribution of heatwaves to the emissions of carbon majors,heatwave attribution; event attribution; counterfactual design,ai_weather_climate_model_fidelity,639,why,no
004_Nature_s41586-025-09450-9_peer_review_file__u0183,004_Nature_s41586-025-09450-9_peer_review_file.pdf,Nature,10.1038/s41586-025-09450-9,Systematic attribution of heatwaves to the emissions of carbon majors,heatwave attribution; event attribution; counterfactual design,atmospheric_claim_evidence_calibration,575,should; need; recommend; would like,no
004_Nature_s41586-025-09450-9_peer_review_file__u0184,004_Nature_s41586-025-09450-9_peer_review_file.pdf,Nature,10.1038/s41586-025-09450-9,Systematic attribution of heatwaves to the emissions of carbon majors,heatwave attribution; event attribution; counterfactual design,scale_resolution_boundary_consistency,911,however; need; would like,no
004_Nature_s41586-025-09450-9_peer_review_file__u0191,004_Nature_s41586-025-09450-9_peer_review_file.pdf,Nature,10.1038/s41586-025-09450-9,Systematic attribution of heatwaves to the emissions of carbon majors,heatwave attribution; event attribution; counterfactual design,atmospheric_claim_evidence_calibration,98,should,no
004_Nature_s41586-025-09450-9_peer_review_file__u0192,004_Nature_s41586-025-09450-9_peer_review_file.pdf,Nature,10.1038/s41586-025-09450-9,Systematic attribution of heatwaves to the emissions of carbon majors,heatwave attribution; event attribution; counterfactual design,observational_product_reanalysis_validity,832,however; major,no
004_Nature_s41586-025-09450-9_peer_review_file__u0193,004_Nature_s41586-025-09450-9_peer_review_file.pdf,Nature,10.1038/s41586-025-09450-9,Systematic attribution of heatwaves to the emissions of carbon majors,heatwave attribution; event attribution; counterfactual design,uncertainty_statistics_skill_metrics,1635,need; recommend; validation,no
004_Nature_s41586-025-09450-9_peer_review_file__u0195,004_Nature_s41586-025-09450-9_peer_review_file.pdf,Nature,10.1038/s41586-025-09450-9,Systematic attribution of heatwaves to the emissions of carbon majors,heatwave attribution; event attribution; counterfactual design,sampling_event_representativeness,436,need; why,no
004_Nature_s41586-025-09450-9_peer_review_file__u0196,004_Nature_s41586-025-09450-9_peer_review_file.pdf,Nature,10.1038/s41586-025-09450-9,Systematic attribution of heatwaves to the emissions of carbon majors,heatwave attribution; event attribution; counterfactual design,sampling_event_representativeness,768,justify,no
004_Nature_s41586-025-09450-9_peer_review_file__u0197,004_Nature_s41586-025-09450-9_peer_review_file.pdf,Nature,10.1038/s41586-025-09450-9,Systematic attribution of heatwaves to the emissions of carbon majors,heatwave attribution; event attribution; counterfactual design,observational_product_reanalysis_validity,736,however; major,no
004_Nature_s41586-025-09450-9_peer_review_file__u0198,004_Nature_s41586-025-09450-9_peer_review_file.pdf,Nature,10.1038/s41586-025-09450-9,Systematic attribution of heatwaves to the emissions of carbon majors,heatwave attribution; event attribution; counterfactual design,extreme_event_attribution_counterfactual,1115,need; would like,no
004_Nature_s41586-025-09450-9_peer_review_file__u0199,004_Nature_s41586-025-09450-9_peer_review_file.pdf,Nature,10.1038/s41586-025-09450-9,Systematic attribution of heatwaves to the emissions of carbon majors,heatwave attribution; event attribution; counterfactual design,trend_internal_variability_signal_detection,471,however,no
004_Nature_s41586-025-09450-9_peer_review_file__u0202,004_Nature_s41586-025-09450-9_peer_review_file.pdf,Nature,10.1038/s41586-025-09450-9,Systematic attribution of heatwaves to the emissions of carbon majors,heatwave attribution; event attribution; counterfactual design,mechanism_causality_circulation_dynamics,322,however,no
004_Nature_s41586-025-09450-9_peer_review_file__u0210,004_Nature_s41586-025-09450-9_peer_review_file.pdf,Nature,10.1038/s41586-025-09450-9,Systematic attribution of heatwaves to the emissions of carbon majors,heatwave attribution; event attribution; counterfactual design,extreme_event_attribution_counterfactual,984,major,no
004_Nature_s41586-025-09450-9_peer_review_file__u0211,004_Nature_s41586-025-09450-9_peer_review_file.pdf,Nature,10.1038/s41586-025-09450-9,Systematic attribution of heatwaves to the emissions of carbon majors,heatwave attribution; event attribution; counterfactual design,sampling_event_representativeness,354,concern,no
004_Nature_s41586-025-09450-9_peer_review_file__u0212,004_Nature_s41586-025-09450-9_peer_review_file.pdf,Nature,10.1038/s41586-025-09450-9,Systematic attribution of heatwaves to the emissions of carbon majors,heatwave attribution; event attribution; counterfactual design,extreme_event_attribution_counterfactual,444,recommend,no
004_Nature_s41586-025-09450-9_peer_review_file__u0213,004_Nature_s41586-025-09450-9_peer_review_file.pdf,Nature,10.1038/s41586-025-09450-9,Systematic attribution of heatwaves to the emissions of carbon majors,heatwave attribution; event attribution; counterfactual design,extreme_event_attribution_counterfactual,177,major,no
004_Nature_s41586-025-09450-9_peer_review_file__u0215,004_Nature_s41586-025-09450-9_peer_review_file.pdf,Nature,10.1038/s41586-025-09450-9,Systematic attribution of heatwaves to the emissions of carbon majors,heatwave attribution; event attribution; counterfactual design,detail_audit,184,however,no
004_Nature_s41586-025-09450-9_peer_review_file__u0217,004_Nature_s41586-025-09450-9_peer_review_file.pdf,Nature,10.1038/s41586-025-09450-9,Systematic attribution of heatwaves to the emissions of carbon majors,heatwave attribution; event attribution; counterfactual design,model_physics_assumption_sensitivity,181,should,no
004_Nature_s41586-025-09450-9_peer_review_file__u0219,004_Nature_s41586-025-09450-9_peer_review_file.pdf,Nature,10.1038/s41586-025-09450-9,Systematic attribution of heatwaves to the emissions of carbon majors,heatwave attribution; event attribution; counterfactual design,extreme_event_attribution_counterfactual,473,however; must,no
004_Nature_s41586-025-09450-9_peer_review_file__u0220,004_Nature_s41586-025-09450-9_peer_review_file.pdf,Nature,10.1038/s41586-025-09450-9,Systematic attribution of heatwaves to the emissions of carbon majors,heatwave attribution; event attribution; counterfactual design,sampling_event_representativeness,354,however; should,no
004_Nature_s41586-025-09450-9_peer_review_file__u0222,004_Nature_s41586-025-09450-9_peer_review_file.pdf,Nature,10.1038/s41586-025-09450-9,Systematic attribution of heatwaves to the emissions of carbon majors,heatwave attribution; event attribution; counterfactual design,extreme_event_attribution_counterfactual,456,major; should; need; needs; clarify,no
004_Nature_s41586-025-09450-9_peer_review_file__u0230,004_Nature_s41586-025-09450-9_peer_review_file.pdf,Nature,10.1038/s41586-025-09450-9,Systematic attribution of heatwaves to the emissions of carbon majors,heatwave attribution; event attribution; counterfactual design,sampling_event_representativeness,1222,must; why,no
004_Nature_s41586-025-09450-9_peer_review_file__u0235,004_Nature_s41586-025-09450-9_peer_review_file.pdf,Nature,10.1038/s41586-025-09450-9,Systematic attribution of heatwaves to the emissions of carbon majors,heatwave attribution; event attribution; counterfactual design,aerosol_cloud_radiation_microphysics,558,need,no
005_Nature_s41586-024-08570-y_peer_review_file__u0003,005_Nature_s41586-024-08570-y_peer_review_file.pdf,Nature,10.1038/s41586-024-08570-y,Impact of Amazonian deforestation on precipitation reverses between seasons,land-atmosphere feedback; precipitation; deforestation forcing,model_physics_assumption_sensitivity,716,however; would like,no
005_Nature_s41586-024-08570-y_peer_review_file__u0004,005_Nature_s41586-024-08570-y_peer_review_file.pdf,Nature,10.1038/s41586-024-08570-y,Impact of Amazonian deforestation on precipitation reverses between seasons,land-atmosphere feedback; precipitation; deforestation forcing,atmospheric_claim_evidence_calibration,84,need,no
005_Nature_s41586-024-08570-y_peer_review_file__u0006,005_Nature_s41586-024-08570-y_peer_review_file.pdf,Nature,10.1038/s41586-024-08570-y,Impact of Amazonian deforestation on precipitation reverses between seasons,land-atmosphere feedback; precipitation; deforestation forcing,detail_audit,696,need; would like,no
005_Nature_s41586-024-08570-y_peer_review_file__u0007,005_Nature_s41586-024-08570-y_peer_review_file.pdf,Nature,10.1038/s41586-024-08570-y,Impact of Amazonian deforestation on precipitation reverses between seasons,land-atmosphere feedback; precipitation; deforestation forcing,sampling_event_representativeness,460,justify,no
005_Nature_s41586-024-08570-y_peer_review_file__u0010,005_Nature_s41586-024-08570-y_peer_review_file.pdf,Nature,10.1038/s41586-024-08570-y,Impact of Amazonian deforestation on precipitation reverses between seasons,land-atmosphere feedback; precipitation; deforestation forcing,detail_audit,281,need,no
005_Nature_s41586-024-08570-y_peer_review_file__u0011,005_Nature_s41586-024-08570-y_peer_review_file.pdf,Nature,10.1038/s41586-024-08570-y,Impact of Amazonian deforestation on precipitation reverses between seasons,land-atmosphere feedback; precipitation; deforestation forcing,observational_product_reanalysis_validity,227,would like,no
005_Nature_s41586-024-08570-y_peer_review_file__u0012,005_Nature_s41586-024-08570-y_peer_review_file.pdf,Nature,10.1038/s41586-024-08570-y,Impact of Amazonian deforestation on precipitation reverses between seasons,land-atmosphere feedback; precipitation; deforestation forcing,ai_weather_climate_model_fidelity,245,need; why,no
005_Nature_s41586-024-08570-y_peer_review_file__u0013,005_Nature_s41586-024-08570-y_peer_review_file.pdf,Nature,10.1038/s41586-024-08570-y,Impact of Amazonian deforestation on precipitation reverses between seasons,land-atmosphere feedback; precipitation; deforestation forcing,sampling_event_representativeness,247,need,no
005_Nature_s41586-024-08570-y_peer_review_file__u0020,005_Nature_s41586-024-08570-y_peer_review_file.pdf,Nature,10.1038/s41586-024-08570-y,Impact of Amazonian deforestation on precipitation reverses between seasons,land-atmosphere feedback; precipitation; deforestation forcing,observational_product_reanalysis_validity,341,need,no
005_Nature_s41586-024-08570-y_peer_review_file__u0026,005_Nature_s41586-024-08570-y_peer_review_file.pdf,Nature,10.1038/s41586-024-08570-y,Impact of Amazonian deforestation on precipitation reverses between seasons,land-atmosphere feedback; precipitation; deforestation forcing,ai_weather_climate_model_fidelity,154,explain; why,no
005_Nature_s41586-024-08570-y_peer_review_file__u0027,005_Nature_s41586-024-08570-y_peer_review_file.pdf,Nature,10.1038/s41586-024-08570-y,Impact of Amazonian deforestation on precipitation reverses between seasons,land-atmosphere feedback; precipitation; deforestation forcing,observational_product_reanalysis_validity,81,clarify,no
005_Nature_s41586-024-08570-y_peer_review_file__u0038,005_Nature_s41586-024-08570-y_peer_review_file.pdf,Nature,10.1038/s41586-024-08570-y,Impact of Amazonian deforestation on precipitation reverses between seasons,land-atmosphere feedback; precipitation; deforestation forcing,atmospheric_claim_evidence_calibration,269,however; concern,no
005_Nature_s41586-024-08570-y_peer_review_file__u0039,005_Nature_s41586-024-08570-y_peer_review_file.pdf,Nature,10.1038/s41586-024-08570-y,Impact of Amazonian deforestation on precipitation reverses between seasons,land-atmosphere feedback; precipitation; deforestation forcing,model_physics_assumption_sensitivity,714,should,no
005_Nature_s41586-024-08570-y_peer_review_file__u0040,005_Nature_s41586-024-08570-y_peer_review_file.pdf,Nature,10.1038/s41586-024-08570-y,Impact of Amazonian deforestation on precipitation reverses between seasons,land-atmosphere feedback; precipitation; deforestation forcing,ai_weather_climate_model_fidelity,236,explain,no
005_Nature_s41586-024-08570-y_peer_review_file__u0042,005_Nature_s41586-024-08570-y_peer_review_file.pdf,Nature,10.1038/s41586-024-08570-y,Impact of Amazonian deforestation on precipitation reverses between seasons,land-atmosphere feedback; precipitation; deforestation forcing,observational_product_reanalysis_validity,107,need; explain,no
005_Nature_s41586-024-08570-y_peer_review_file__u0043,005_Nature_s41586-024-08570-y_peer_review_file.pdf,Nature,10.1038/s41586-024-08570-y,Impact of Amazonian deforestation on precipitation reverses between seasons,land-atmosphere feedback; precipitation; deforestation forcing,atmospheric_claim_evidence_calibration,301,should; not clear; why,no
005_Nature_s41586-024-08570-y_peer_review_file__u0045,005_Nature_s41586-024-08570-y_peer_review_file.pdf,Nature,10.1038/s41586-024-08570-y,Impact of Amazonian deforestation on precipitation reverses between seasons,land-atmosphere feedback; precipitation; deforestation forcing,ai_weather_climate_model_fidelity,147,should,no
005_Nature_s41586-024-08570-y_peer_review_file__u0046,005_Nature_s41586-024-08570-y_peer_review_file.pdf,Nature,10.1038/s41586-024-08570-y,Impact of Amazonian deforestation on precipitation reverses between seasons,land-atmosphere feedback; precipitation; deforestation forcing,detail_audit,197,should,no
005_Nature_s41586-024-08570-y_peer_review_file__u0049,005_Nature_s41586-024-08570-y_peer_review_file.pdf,Nature,10.1038/s41586-024-08570-y,Impact of Amazonian deforestation on precipitation reverses between seasons,land-atmosphere feedback; precipitation; deforestation forcing,scale_resolution_boundary_consistency,2039,concern; unclear; need; limitation,no
005_Nature_s41586-024-08570-y_peer_review_file__u0050,005_Nature_s41586-024-08570-y_peer_review_file.pdf,Nature,10.1038/s41586-024-08570-y,Impact of Amazonian deforestation on precipitation reverses between seasons,land-atmosphere feedback; precipitation; deforestation forcing,sampling_event_representativeness,902,why,no
005_Nature_s41586-024-08570-y_peer_review_file__u0054,005_Nature_s41586-024-08570-y_peer_review_file.pdf,Nature,10.1038/s41586-024-08570-y,Impact of Amazonian deforestation on precipitation reverses between seasons,land-atmosphere feedback; precipitation; deforestation forcing,observational_product_reanalysis_validity,703,unclear; missing; explain,no
005_Nature_s41586-024-08570-y_peer_review_file__u0055,005_Nature_s41586-024-08570-y_peer_review_file.pdf,Nature,10.1038/s41586-024-08570-y,Impact of Amazonian deforestation on precipitation reverses between seasons,land-atmosphere feedback; precipitation; deforestation forcing,observational_product_reanalysis_validity,358,unclear,no
005_Nature_s41586-024-08570-y_peer_review_file__u0056,005_Nature_s41586-024-08570-y_peer_review_file.pdf,Nature,10.1038/s41586-024-08570-y,Impact of Amazonian deforestation on precipitation reverses between seasons,land-atmosphere feedback; precipitation; deforestation forcing,detail_audit,134,major,no
005_Nature_s41586-024-08570-y_peer_review_file__u0057,005_Nature_s41586-024-08570-y_peer_review_file.pdf,Nature,10.1038/s41586-024-08570-y,Impact of Amazonian deforestation on precipitation reverses between seasons,land-atmosphere feedback; precipitation; deforestation forcing,aerosol_cloud_radiation_microphysics,598,would like,no
005_Nature_s41586-024-08570-y_peer_review_file__u0058,005_Nature_s41586-024-08570-y_peer_review_file.pdf,Nature,10.1038/s41586-024-08570-y,Impact of Amazonian deforestation on precipitation reverses between seasons,land-atmosphere feedback; precipitation; deforestation forcing,detail_audit,423,sensitivity,no
005_Nature_s41586-024-08570-y_peer_review_file__u0060,005_Nature_s41586-024-08570-y_peer_review_file.pdf,Nature,10.1038/s41586-024-08570-y,Impact of Amazonian deforestation on precipitation reverses between seasons,land-atmosphere feedback; precipitation; deforestation forcing,detail_audit,428,however; should; explain,no
005_Nature_s41586-024-08570-y_peer_review_file__u0061,005_Nature_s41586-024-08570-y_peer_review_file.pdf,Nature,10.1038/s41586-024-08570-y,Impact of Amazonian deforestation on precipitation reverses between seasons,land-atmosphere feedback; precipitation; deforestation forcing,detail_audit,352,would like,no
005_Nature_s41586-024-08570-y_peer_review_file__u0064,005_Nature_s41586-024-08570-y_peer_review_file.pdf,Nature,10.1038/s41586-024-08570-y,Impact of Amazonian deforestation on precipitation reverses between seasons,land-atmosphere feedback; precipitation; deforestation forcing,observational_product_reanalysis_validity,251,however,no
005_Nature_s41586-024-08570-y_peer_review_file__u0066,005_Nature_s41586-024-08570-y_peer_review_file.pdf,Nature,10.1038/s41586-024-08570-y,Impact of Amazonian deforestation on precipitation reverses between seasons,land-atmosphere feedback; precipitation; deforestation forcing,atmospheric_claim_evidence_calibration,107,should,no
005_Nature_s41586-024-08570-y_peer_review_file__u0068,005_Nature_s41586-024-08570-y_peer_review_file.pdf,Nature,10.1038/s41586-024-08570-y,Impact of Amazonian deforestation on precipitation reverses between seasons,land-atmosphere feedback; precipitation; deforestation forcing,atmospheric_claim_evidence_calibration,101,should,no
005_Nature_s41586-024-08570-y_peer_review_file__u0069,005_Nature_s41586-024-08570-y_peer_review_file.pdf,Nature,10.1038/s41586-024-08570-y,Impact of Amazonian deforestation on precipitation reverses between seasons,land-atmosphere feedback; precipitation; deforestation forcing,detail_audit,152,clarify,no
005_Nature_s41586-024-08570-y_peer_review_file__u0070,005_Nature_s41586-024-08570-y_peer_review_file.pdf,Nature,10.1038/s41586-024-08570-y,Impact of Amazonian deforestation on precipitation reverses between seasons,land-atmosphere feedback; precipitation; deforestation forcing,detail_audit,394,however; should; clarify,no
005_Nature_s41586-024-08570-y_peer_review_file__u0071,005_Nature_s41586-024-08570-y_peer_review_file.pdf,Nature,10.1038/s41586-024-08570-y,Impact of Amazonian deforestation on precipitation reverses between seasons,land-atmosphere feedback; precipitation; deforestation forcing,ai_weather_climate_model_fidelity,303,should,no
005_Nature_s41586-024-08570-y_peer_review_file__u0077,005_Nature_s41586-024-08570-y_peer_review_file.pdf,Nature,10.1038/s41586-024-08570-y,Impact of Amazonian deforestation on precipitation reverses between seasons,land-atmosphere feedback; precipitation; deforestation forcing,ai_weather_climate_model_fidelity,392,recommend,no
006_Nature_s41586-024-08576-6_peer_review_file__u0002,006_Nature_s41586-024-08576-6_peer_review_file.pdf,Nature,10.1038/s41586-024-08576-6,High temporal variability not trend dominates Mediterranean precipitation,precipitation trend; internal variability; regional climate dynamics,sampling_event_representativeness,1897,major; should,no
006_Nature_s41586-024-08576-6_peer_review_file__u0003,006_Nature_s41586-024-08576-6_peer_review_file.pdf,Nature,10.1038/s41586-024-08576-6,High temporal variability not trend dominates Mediterranean precipitation,precipitation trend; internal variability; regional climate dynamics,observational_product_reanalysis_validity,800,however; major; should; recommend,no
006_Nature_s41586-024-08576-6_peer_review_file__u0004,006_Nature_s41586-024-08576-6_peer_review_file.pdf,Nature,10.1038/s41586-024-08576-6,High temporal variability not trend dominates Mediterranean precipitation,precipitation trend; internal variability; regional climate dynamics,trend_internal_variability_signal_detection,869,should; need; needs; explain,no
006_Nature_s41586-024-08576-6_peer_review_file__u0006,006_Nature_s41586-024-08576-6_peer_review_file.pdf,Nature,10.1038/s41586-024-08576-6,High temporal variability not trend dominates Mediterranean precipitation,precipitation trend; internal variability; regional climate dynamics,trend_internal_variability_signal_detection,1176,need; explain; why,no
006_Nature_s41586-024-08576-6_peer_review_file__u0008,006_Nature_s41586-024-08576-6_peer_review_file.pdf,Nature,10.1038/s41586-024-08576-6,High temporal variability not trend dominates Mediterranean precipitation,precipitation trend; internal variability; regional climate dynamics,mechanism_causality_circulation_dynamics,693,however; major; recommend,no
006_Nature_s41586-024-08576-6_peer_review_file__u0010,006_Nature_s41586-024-08576-6_peer_review_file.pdf,Nature,10.1038/s41586-024-08576-6,High temporal variability not trend dominates Mediterranean precipitation,precipitation trend; internal variability; regional climate dynamics,observational_product_reanalysis_validity,164,should; validation,no
006_Nature_s41586-024-08576-6_peer_review_file__u0011,006_Nature_s41586-024-08576-6_peer_review_file.pdf,Nature,10.1038/s41586-024-08576-6,High temporal variability not trend dominates Mediterranean precipitation,precipitation trend; internal variability; regional climate dynamics,sampling_event_representativeness,333,recommend,no
006_Nature_s41586-024-08576-6_peer_review_file__u0012,006_Nature_s41586-024-08576-6_peer_review_file.pdf,Nature,10.1038/s41586-024-08576-6,High temporal variability not trend dominates Mediterranean precipitation,precipitation trend; internal variability; regional climate dynamics,scale_resolution_boundary_consistency,277,unclear,no
006_Nature_s41586-024-08576-6_peer_review_file__u0013,006_Nature_s41586-024-08576-6_peer_review_file.pdf,Nature,10.1038/s41586-024-08576-6,High temporal variability not trend dominates Mediterranean precipitation,precipitation trend; internal variability; regional climate dynamics,trend_internal_variability_signal_detection,314,should,no
006_Nature_s41586-024-08576-6_peer_review_file__u0017,006_Nature_s41586-024-08576-6_peer_review_file.pdf,Nature,10.1038/s41586-024-08576-6,High temporal variability not trend dominates Mediterranean precipitation,precipitation trend; internal variability; regional climate dynamics,observational_product_reanalysis_validity,177,lack,no
006_Nature_s41586-024-08576-6_peer_review_file__u0018,006_Nature_s41586-024-08576-6_peer_review_file.pdf,Nature,10.1038/s41586-024-08576-6,High temporal variability not trend dominates Mediterranean precipitation,precipitation trend; internal variability; regional climate dynamics,trend_internal_variability_signal_detection,554,however,no
006_Nature_s41586-024-08576-6_peer_review_file__u0019,006_Nature_s41586-024-08576-6_peer_review_file.pdf,Nature,10.1038/s41586-024-08576-6,High temporal variability not trend dominates Mediterranean precipitation,precipitation trend; internal variability; regional climate dynamics,trend_internal_variability_signal_detection,826,however; need; needs,no
006_Nature_s41586-024-08576-6_peer_review_file__u0022,006_Nature_s41586-024-08576-6_peer_review_file.pdf,Nature,10.1038/s41586-024-08576-6,High temporal variability not trend dominates Mediterranean precipitation,precipitation trend; internal variability; regional climate dynamics,atmospheric_claim_evidence_calibration,569,however,no
006_Nature_s41586-024-08576-6_peer_review_file__u0026,006_Nature_s41586-024-08576-6_peer_review_file.pdf,Nature,10.1038/s41586-024-08576-6,High temporal variability not trend dominates Mediterranean precipitation,precipitation trend; internal variability; regional climate dynamics,detail_audit,97,lack,no
006_Nature_s41586-024-08576-6_peer_review_file__u0030,006_Nature_s41586-024-08576-6_peer_review_file.pdf,Nature,10.1038/s41586-024-08576-6,High temporal variability not trend dominates Mediterranean precipitation,precipitation trend; internal variability; regional climate dynamics,reproducibility_data_code,589,concern,no
006_Nature_s41586-024-08576-6_peer_review_file__u0031,006_Nature_s41586-024-08576-6_peer_review_file.pdf,Nature,10.1038/s41586-024-08576-6,High temporal variability not trend dominates Mediterranean precipitation,precipitation trend; internal variability; regional climate dynamics,trend_internal_variability_signal_detection,931,should; not clear,no
006_Nature_s41586-024-08576-6_peer_review_file__u0032,006_Nature_s41586-024-08576-6_peer_review_file.pdf,Nature,10.1038/s41586-024-08576-6,High temporal variability not trend dominates Mediterranean precipitation,precipitation trend; internal variability; regional climate dynamics,ai_weather_climate_model_fidelity,274,recommend,no
006_Nature_s41586-024-08576-6_peer_review_file__u0034,006_Nature_s41586-024-08576-6_peer_review_file.pdf,Nature,10.1038/s41586-024-08576-6,High temporal variability not trend dominates Mediterranean precipitation,precipitation trend; internal variability; regional climate dynamics,trend_internal_variability_signal_detection,244,not clear,no
006_Nature_s41586-024-08576-6_peer_review_file__u0036,006_Nature_s41586-024-08576-6_peer_review_file.pdf,Nature,10.1038/s41586-024-08576-6,High temporal variability not trend dominates Mediterranean precipitation,precipitation trend; internal variability; regional climate dynamics,ai_weather_climate_model_fidelity,172,lack,no
006_Nature_s41586-024-08576-6_peer_review_file__u0037,006_Nature_s41586-024-08576-6_peer_review_file.pdf,Nature,10.1038/s41586-024-08576-6,High temporal variability not trend dominates Mediterranean precipitation,precipitation trend; internal variability; regional climate dynamics,observational_product_reanalysis_validity,2144,however; should; need,no
006_Nature_s41586-024-08576-6_peer_review_file__u0040,006_Nature_s41586-024-08576-6_peer_review_file.pdf,Nature,10.1038/s41586-024-08576-6,High temporal variability not trend dominates Mediterranean precipitation,precipitation trend; internal variability; regional climate dynamics,observational_product_reanalysis_validity,740,must,no
006_Nature_s41586-024-08576-6_peer_review_file__u0041,006_Nature_s41586-024-08576-6_peer_review_file.pdf,Nature,10.1038/s41586-024-08576-6,High temporal variability not trend dominates Mediterranean precipitation,precipitation trend; internal variability; regional climate dynamics,reproducibility_data_code,673,recommend,no
006_Nature_s41586-024-08576-6_peer_review_file__u0043,006_Nature_s41586-024-08576-6_peer_review_file.pdf,Nature,10.1038/s41586-024-08576-6,High temporal variability not trend dominates Mediterranean precipitation,precipitation trend; internal variability; regional climate dynamics,trend_internal_variability_signal_detection,1698,should,no
006_Nature_s41586-024-08576-6_peer_review_file__u0045,006_Nature_s41586-024-08576-6_peer_review_file.pdf,Nature,10.1038/s41586-024-08576-6,High temporal variability not trend dominates Mediterranean precipitation,precipitation trend; internal variability; regional climate dynamics,sampling_event_representativeness,3173,concern; major; unclear; should,no
006_Nature_s41586-024-08576-6_peer_review_file__u0046,006_Nature_s41586-024-08576-6_peer_review_file.pdf,Nature,10.1038/s41586-024-08576-6,High temporal variability not trend dominates Mediterranean precipitation,precipitation trend; internal variability; regional climate dynamics,scale_resolution_boundary_consistency,1348,however; major; should; recommend,no
006_Nature_s41586-024-08576-6_peer_review_file__u0047,006_Nature_s41586-024-08576-6_peer_review_file.pdf,Nature,10.1038/s41586-024-08576-6,High temporal variability not trend dominates Mediterranean precipitation,precipitation trend; internal variability; regional climate dynamics,trend_internal_variability_signal_detection,6062,concern; need; must; explain; clarify,no
006_Nature_s41586-024-08576-6_peer_review_file__u0051,006_Nature_s41586-024-08576-6_peer_review_file.pdf,Nature,10.1038/s41586-024-08576-6,High temporal variability not trend dominates Mediterranean precipitation,precipitation trend; internal variability; regional climate dynamics,trend_internal_variability_signal_detection,6796,however; should; need; needs; explain,no
006_Nature_s41586-024-08576-6_peer_review_file__u0054,006_Nature_s41586-024-08576-6_peer_review_file.pdf,Nature,10.1038/s41586-024-08576-6,High temporal variability not trend dominates Mediterranean precipitation,precipitation trend; internal variability; regional climate dynamics,trend_internal_variability_signal_detection,842,however; unclear; must,no
006_Nature_s41586-024-08576-6_peer_review_file__u0058,006_Nature_s41586-024-08576-6_peer_review_file.pdf,Nature,10.1038/s41586-024-08576-6,High temporal variability not trend dominates Mediterranean precipitation,precipitation trend; internal variability; regional climate dynamics,trend_internal_variability_signal_detection,271,clarify,no
006_Nature_s41586-024-08576-6_peer_review_file__u0059,006_Nature_s41586-024-08576-6_peer_review_file.pdf,Nature,10.1038/s41586-024-08576-6,High temporal variability not trend dominates Mediterranean precipitation,precipitation trend; internal variability; regional climate dynamics,scale_resolution_boundary_consistency,1350,however; should; need; lack; why,no
006_Nature_s41586-024-08576-6_peer_review_file__u0063,006_Nature_s41586-024-08576-6_peer_review_file.pdf,Nature,10.1038/s41586-024-08576-6,High temporal variability not trend dominates Mediterranean precipitation,precipitation trend; internal variability; regional climate dynamics,detail_audit,1715,major; need; must,no
006_Nature_s41586-024-08576-6_peer_review_file__u0064,006_Nature_s41586-024-08576-6_peer_review_file.pdf,Nature,10.1038/s41586-024-08576-6,High temporal variability not trend dominates Mediterranean precipitation,precipitation trend; internal variability; regional climate dynamics,sampling_event_representativeness,3211,however; major,no
006_Nature_s41586-024-08576-6_peer_review_file__u0065,006_Nature_s41586-024-08576-6_peer_review_file.pdf,Nature,10.1038/s41586-024-08576-6,High temporal variability not trend dominates Mediterranean precipitation,precipitation trend; internal variability; regional climate dynamics,trend_internal_variability_signal_detection,1235,concern,no
006_Nature_s41586-024-08576-6_peer_review_file__u0083,006_Nature_s41586-024-08576-6_peer_review_file.pdf,Nature,10.1038/s41586-024-08576-6,High temporal variability not trend dominates Mediterranean precipitation,precipitation trend; internal variability; regional climate dynamics,sampling_event_representativeness,1488,major,no
006_Nature_s41586-024-08576-6_peer_review_file__u0084,006_Nature_s41586-024-08576-6_peer_review_file.pdf,Nature,10.1038/s41586-024-08576-6,High temporal variability not trend dominates Mediterranean precipitation,precipitation trend; internal variability; regional climate dynamics,atmospheric_claim_evidence_calibration,1751,however; major; need; recommend,no
006_Nature_s41586-024-08576-6_peer_review_file__u0085,006_Nature_s41586-024-08576-6_peer_review_file.pdf,Nature,10.1038/s41586-024-08576-6,High temporal variability not trend dominates Mediterranean precipitation,precipitation trend; internal variability; regional climate dynamics,trend_internal_variability_signal_detection,563,however,no
006_Nature_s41586-024-08576-6_peer_review_file__u0086,006_Nature_s41586-024-08576-6_peer_review_file.pdf,Nature,10.1038/s41586-024-08576-6,High temporal variability not trend dominates Mediterranean precipitation,precipitation trend; internal variability; regional climate dynamics,trend_internal_variability_signal_detection,342,however,no
006_Nature_s41586-024-08576-6_peer_review_file__u0092,006_Nature_s41586-024-08576-6_peer_review_file.pdf,Nature,10.1038/s41586-024-08576-6,High temporal variability not trend dominates Mediterranean precipitation,precipitation trend; internal variability; regional climate dynamics,trend_internal_variability_signal_detection,988,major; need,no
006_Nature_s41586-024-08576-6_peer_review_file__u0094,006_Nature_s41586-024-08576-6_peer_review_file.pdf,Nature,10.1038/s41586-024-08576-6,High temporal variability not trend dominates Mediterranean precipitation,precipitation trend; internal variability; regional climate dynamics,scale_resolution_boundary_consistency,692,limitation,no
006_Nature_s41586-024-08576-6_peer_review_file__u0095,006_Nature_s41586-024-08576-6_peer_review_file.pdf,Nature,10.1038/s41586-024-08576-6,High temporal variability not trend dominates Mediterranean precipitation,precipitation trend; internal variability; regional climate dynamics,sampling_event_representativeness,632,major; must,no
006_Nature_s41586-024-08576-6_peer_review_file__u0096,006_Nature_s41586-024-08576-6_peer_review_file.pdf,Nature,10.1038/s41586-024-08576-6,High temporal variability not trend dominates Mediterranean precipitation,precipitation trend; internal variability; regional climate dynamics,sampling_event_representativeness,4144,concern; major; missing; explain; would like,no
006_Nature_s41586-024-08576-6_peer_review_file__u0100,006_Nature_s41586-024-08576-6_peer_review_file.pdf,Nature,10.1038/s41586-024-08576-6,High temporal variability not trend dominates Mediterranean precipitation,precipitation trend; internal variability; regional climate dynamics,sampling_event_representativeness,298,lack,no
006_Nature_s41586-024-08576-6_peer_review_file__u0102,006_Nature_s41586-024-08576-6_peer_review_file.pdf,Nature,10.1038/s41586-024-08576-6,High temporal variability not trend dominates Mediterranean precipitation,precipitation trend; internal variability; regional climate dynamics,sampling_event_representativeness,298,lack,no
006_Nature_s41586-024-08576-6_peer_review_file__u0109,006_Nature_s41586-024-08576-6_peer_review_file.pdf,Nature,10.1038/s41586-024-08576-6,High temporal variability not trend dominates Mediterranean precipitation,precipitation trend; internal variability; regional climate dynamics,sampling_event_representativeness,2642,however; concern; need; clarify,no
006_Nature_s41586-024-08576-6_peer_review_file__u0110,006_Nature_s41586-024-08576-6_peer_review_file.pdf,Nature,10.1038/s41586-024-08576-6,High temporal variability not trend dominates Mediterranean precipitation,precipitation trend; internal variability; regional climate dynamics,observational_product_reanalysis_validity,1998,concern; should; recommend; would like; validation,no
006_Nature_s41586-024-08576-6_peer_review_file__u0112,006_Nature_s41586-024-08576-6_peer_review_file.pdf,Nature,10.1038/s41586-024-08576-6,High temporal variability not trend dominates Mediterranean precipitation,precipitation trend; internal variability; regional climate dynamics,trend_internal_variability_signal_detection,833,lack,no
006_Nature_s41586-024-08576-6_peer_review_file__u0118,006_Nature_s41586-024-08576-6_peer_review_file.pdf,Nature,10.1038/s41586-024-08576-6,High temporal variability not trend dominates Mediterranean precipitation,precipitation trend; internal variability; regional climate dynamics,trend_internal_variability_signal_detection,972,why; recommend,no
006_Nature_s41586-024-08576-6_peer_review_file__u0119,006_Nature_s41586-024-08576-6_peer_review_file.pdf,Nature,10.1038/s41586-024-08576-6,High temporal variability not trend dominates Mediterranean precipitation,precipitation trend; internal variability; regional climate dynamics,scale_resolution_boundary_consistency,380,concern; unclear; explain,no
006_Nature_s41586-024-08576-6_peer_review_file__u0121,006_Nature_s41586-024-08576-6_peer_review_file.pdf,Nature,10.1038/s41586-024-08576-6,High temporal variability not trend dominates Mediterranean precipitation,precipitation trend; internal variability; regional climate dynamics,trend_internal_variability_signal_detection,1125,however; should; lack,no
006_Nature_s41586-024-08576-6_peer_review_file__u0123,006_Nature_s41586-024-08576-6_peer_review_file.pdf,Nature,10.1038/s41586-024-08576-6,High temporal variability not trend dominates Mediterranean precipitation,precipitation trend; internal variability; regional climate dynamics,observational_product_reanalysis_validity,692,however,no
006_Nature_s41586-024-08576-6_peer_review_file__u0126,006_Nature_s41586-024-08576-6_peer_review_file.pdf,Nature,10.1038/s41586-024-08576-6,High temporal variability not trend dominates Mediterranean precipitation,precipitation trend; internal variability; regional climate dynamics,observational_product_reanalysis_validity,1748,major; lack,no
006_Nature_s41586-024-08576-6_peer_review_file__u0127,006_Nature_s41586-024-08576-6_peer_review_file.pdf,Nature,10.1038/s41586-024-08576-6,High temporal variability not trend dominates Mediterranean precipitation,precipitation trend; internal variability; regional climate dynamics,trend_internal_variability_signal_detection,3027,however; justify; explain,no
006_Nature_s41586-024-08576-6_peer_review_file__u0129,006_Nature_s41586-024-08576-6_peer_review_file.pdf,Nature,10.1038/s41586-024-08576-6,High temporal variability not trend dominates Mediterranean precipitation,precipitation trend; internal variability; regional climate dynamics,mechanism_causality_circulation_dynamics,1318,however,no
006_Nature_s41586-024-08576-6_peer_review_file__u0130,006_Nature_s41586-024-08576-6_peer_review_file.pdf,Nature,10.1038/s41586-024-08576-6,High temporal variability not trend dominates Mediterranean precipitation,precipitation trend; internal variability; regional climate dynamics,trend_internal_variability_signal_detection,3362,however; need; needs; explain,no
006_Nature_s41586-024-08576-6_peer_review_file__u0132,006_Nature_s41586-024-08576-6_peer_review_file.pdf,Nature,10.1038/s41586-024-08576-6,High temporal variability not trend dominates Mediterranean precipitation,precipitation trend; internal variability; regional climate dynamics,trend_internal_variability_signal_detection,313,explain,no
006_Nature_s41586-024-08576-6_peer_review_file__u0134,006_Nature_s41586-024-08576-6_peer_review_file.pdf,Nature,10.1038/s41586-024-08576-6,High temporal variability not trend dominates Mediterranean precipitation,precipitation trend; internal variability; regional climate dynamics,sampling_event_representativeness,820,however,no
006_Nature_s41586-024-08576-6_peer_review_file__u0135,006_Nature_s41586-024-08576-6_peer_review_file.pdf,Nature,10.1038/s41586-024-08576-6,High temporal variability not trend dominates Mediterranean precipitation,precipitation trend; internal variability; regional climate dynamics,trend_internal_variability_signal_detection,1032,explain,no
006_Nature_s41586-024-08576-6_peer_review_file__u0138,006_Nature_s41586-024-08576-6_peer_review_file.pdf,Nature,10.1038/s41586-024-08576-6,High temporal variability not trend dominates Mediterranean precipitation,precipitation trend; internal variability; regional climate dynamics,mechanism_causality_circulation_dynamics,2546,however; explain,no
006_Nature_s41586-024-08576-6_peer_review_file__u0142,006_Nature_s41586-024-08576-6_peer_review_file.pdf,Nature,10.1038/s41586-024-08576-6,High temporal variability not trend dominates Mediterranean precipitation,precipitation trend; internal variability; regional climate dynamics,sampling_event_representativeness,1440,however,no
006_Nature_s41586-024-08576-6_peer_review_file__u0143,006_Nature_s41586-024-08576-6_peer_review_file.pdf,Nature,10.1038/s41586-024-08576-6,High temporal variability not trend dominates Mediterranean precipitation,precipitation trend; internal variability; regional climate dynamics,mechanism_causality_circulation_dynamics,1064,explain,no
006_Nature_s41586-024-08576-6_peer_review_file__u0146,006_Nature_s41586-024-08576-6_peer_review_file.pdf,Nature,10.1038/s41586-024-08576-6,High temporal variability not trend dominates Mediterranean precipitation,precipitation trend; internal variability; regional climate dynamics,trend_internal_variability_signal_detection,505,explain,no
006_Nature_s41586-024-08576-6_peer_review_file__u0147,006_Nature_s41586-024-08576-6_peer_review_file.pdf,Nature,10.1038/s41586-024-08576-6,High temporal variability not trend dominates Mediterranean precipitation,precipitation trend; internal variability; regional climate dynamics,mechanism_causality_circulation_dynamics,765,explain,no
006_Nature_s41586-024-08576-6_peer_review_file__u0148,006_Nature_s41586-024-08576-6_peer_review_file.pdf,Nature,10.1038/s41586-024-08576-6,High temporal variability not trend dominates Mediterranean precipitation,precipitation trend; internal variability; regional climate dynamics,reproducibility_data_code,2512,however; limitation; validation,no
006_Nature_s41586-024-08576-6_peer_review_file__u0149,006_Nature_s41586-024-08576-6_peer_review_file.pdf,Nature,10.1038/s41586-024-08576-6,High temporal variability not trend dominates Mediterranean precipitation,precipitation trend; internal variability; regional climate dynamics,uncertainty_statistics_skill_metrics,489,however,no
006_Nature_s41586-024-08576-6_peer_review_file__u0150,006_Nature_s41586-024-08576-6_peer_review_file.pdf,Nature,10.1038/s41586-024-08576-6,High temporal variability not trend dominates Mediterranean precipitation,precipitation trend; internal variability; regional climate dynamics,observational_product_reanalysis_validity,617,need; validation,no
006_Nature_s41586-024-08576-6_peer_review_file__u0151,006_Nature_s41586-024-08576-6_peer_review_file.pdf,Nature,10.1038/s41586-024-08576-6,High temporal variability not trend dominates Mediterranean precipitation,precipitation trend; internal variability; regional climate dynamics,atmospheric_claim_evidence_calibration,291,however; concern; overstate,no
006_Nature_s41586-024-08576-6_peer_review_file__u0152,006_Nature_s41586-024-08576-6_peer_review_file.pdf,Nature,10.1038/s41586-024-08576-6,High temporal variability not trend dominates Mediterranean precipitation,precipitation trend; internal variability; regional climate dynamics,atmospheric_claim_evidence_calibration,1095,however; concern; major,no
006_Nature_s41586-024-08576-6_peer_review_file__u0153,006_Nature_s41586-024-08576-6_peer_review_file.pdf,Nature,10.1038/s41586-024-08576-6,High temporal variability not trend dominates Mediterranean precipitation,precipitation trend; internal variability; regional climate dynamics,observational_product_reanalysis_validity,862,however; limitation; validation,no
006_Nature_s41586-024-08576-6_peer_review_file__u0154,006_Nature_s41586-024-08576-6_peer_review_file.pdf,Nature,10.1038/s41586-024-08576-6,High temporal variability not trend dominates Mediterranean precipitation,precipitation trend; internal variability; regional climate dynamics,scale_resolution_boundary_consistency,462,need,no
006_Nature_s41586-024-08576-6_peer_review_file__u0155,006_Nature_s41586-024-08576-6_peer_review_file.pdf,Nature,10.1038/s41586-024-08576-6,High temporal variability not trend dominates Mediterranean precipitation,precipitation trend; internal variability; regional climate dynamics,atmospheric_claim_evidence_calibration,1497,concern; should; need; needs,no
006_Nature_s41586-024-08576-6_peer_review_file__u0156,006_Nature_s41586-024-08576-6_peer_review_file.pdf,Nature,10.1038/s41586-024-08576-6,High temporal variability not trend dominates Mediterranean precipitation,precipitation trend; internal variability; regional climate dynamics,scale_resolution_boundary_consistency,953,need,no
006_Nature_s41586-024-08576-6_peer_review_file__u0157,006_Nature_s41586-024-08576-6_peer_review_file.pdf,Nature,10.1038/s41586-024-08576-6,High temporal variability not trend dominates Mediterranean precipitation,precipitation trend; internal variability; regional climate dynamics,sampling_event_representativeness,4060,however; should; lack,no
006_Nature_s41586-024-08576-6_peer_review_file__u0158,006_Nature_s41586-024-08576-6_peer_review_file.pdf,Nature,10.1038/s41586-024-08576-6,High temporal variability not trend dominates Mediterranean precipitation,precipitation trend; internal variability; regional climate dynamics,detail_audit,502,would like,no
006_Nature_s41586-024-08576-6_peer_review_file__u0159,006_Nature_s41586-024-08576-6_peer_review_file.pdf,Nature,10.1038/s41586-024-08576-6,High temporal variability not trend dominates Mediterranean precipitation,precipitation trend; internal variability; regional climate dynamics,detail_audit,463,should,no
006_Nature_s41586-024-08576-6_peer_review_file__u0164,006_Nature_s41586-024-08576-6_peer_review_file.pdf,Nature,10.1038/s41586-024-08576-6,High temporal variability not trend dominates Mediterranean precipitation,precipitation trend; internal variability; regional climate dynamics,detail_audit,334,concern,no
006_Nature_s41586-024-08576-6_peer_review_file__u0165,006_Nature_s41586-024-08576-6_peer_review_file.pdf,Nature,10.1038/s41586-024-08576-6,High temporal variability not trend dominates Mediterranean precipitation,precipitation trend; internal variability; regional climate dynamics,model_physics_assumption_sensitivity,449,however; clarify,no
006_Nature_s41586-024-08576-6_peer_review_file__u0172,006_Nature_s41586-024-08576-6_peer_review_file.pdf,Nature,10.1038/s41586-024-08576-6,High temporal variability not trend dominates Mediterranean precipitation,precipitation trend; internal variability; regional climate dynamics,mechanism_causality_circulation_dynamics,840,should,no
006_Nature_s41586-024-08576-6_peer_review_file__u0175,006_Nature_s41586-024-08576-6_peer_review_file.pdf,Nature,10.1038/s41586-024-08576-6,High temporal variability not trend dominates Mediterranean precipitation,precipitation trend; internal variability; regional climate dynamics,observational_product_reanalysis_validity,743,must; recommend,no
006_Nature_s41586-024-08576-6_peer_review_file__u0176,006_Nature_s41586-024-08576-6_peer_review_file.pdf,Nature,10.1038/s41586-024-08576-6,High temporal variability not trend dominates Mediterranean precipitation,precipitation trend; internal variability; regional climate dynamics,ai_weather_climate_model_fidelity,400,need; explain,no
006_Nature_s41586-024-08576-6_peer_review_file__u0177,006_Nature_s41586-024-08576-6_peer_review_file.pdf,Nature,10.1038/s41586-024-08576-6,High temporal variability not trend dominates Mediterranean precipitation,precipitation trend; internal variability; regional climate dynamics,model_physics_assumption_sensitivity,296,need; must,no
006_Nature_s41586-024-08576-6_peer_review_file__u0178,006_Nature_s41586-024-08576-6_peer_review_file.pdf,Nature,10.1038/s41586-024-08576-6,High temporal variability not trend dominates Mediterranean precipitation,precipitation trend; internal variability; regional climate dynamics,ai_weather_climate_model_fidelity,345,explain,no
006_Nature_s41586-024-08576-6_peer_review_file__u0181,006_Nature_s41586-024-08576-6_peer_review_file.pdf,Nature,10.1038/s41586-024-08576-6,High temporal variability not trend dominates Mediterranean precipitation,precipitation trend; internal variability; regional climate dynamics,ai_weather_climate_model_fidelity,920,why,no
006_Nature_s41586-024-08576-6_peer_review_file__u0182,006_Nature_s41586-024-08576-6_peer_review_file.pdf,Nature,10.1038/s41586-024-08576-6,High temporal variability not trend dominates Mediterranean precipitation,precipitation trend; internal variability; regional climate dynamics,trend_internal_variability_signal_detection,2393,concern; should; not clear,no
006_Nature_s41586-024-08576-6_peer_review_file__u0183,006_Nature_s41586-024-08576-6_peer_review_file.pdf,Nature,10.1038/s41586-024-08576-6,High temporal variability not trend dominates Mediterranean precipitation,precipitation trend; internal variability; regional climate dynamics,trend_internal_variability_signal_detection,998,recommend,no
006_Nature_s41586-024-08576-6_peer_review_file__u0184,006_Nature_s41586-024-08576-6_peer_review_file.pdf,Nature,10.1038/s41586-024-08576-6,High temporal variability not trend dominates Mediterranean precipitation,precipitation trend; internal variability; regional climate dynamics,sampling_event_representativeness,651,however; not clear,no
006_Nature_s41586-024-08576-6_peer_review_file__u0186,006_Nature_s41586-024-08576-6_peer_review_file.pdf,Nature,10.1038/s41586-024-08576-6,High temporal variability not trend dominates Mediterranean precipitation,precipitation trend; internal variability; regional climate dynamics,reproducibility_data_code,548,however; lack,no
007_NatCommun_s41467-025-61053-0_peer_review_file__u0006,007_NatCommun_s41467-025-61053-0_peer_review_file.pdf,Nature Communications,10.1038/s41467-025-61053-0,Asymmetric shifts in precipitation due to urbanization across global cities,urban precipitation; land-atmosphere interaction,observational_product_reanalysis_validity,228,concern; validation,no
007_NatCommun_s41467-025-61053-0_peer_review_file__u0008,007_NatCommun_s41467-025-61053-0_peer_review_file.pdf,Nature Communications,10.1038/s41467-025-61053-0,Asymmetric shifts in precipitation due to urbanization across global cities,urban precipitation; land-atmosphere interaction,observational_product_reanalysis_validity,568,should; validation,no
007_NatCommun_s41467-025-61053-0_peer_review_file__u0009,007_NatCommun_s41467-025-61053-0_peer_review_file.pdf,Nature Communications,10.1038/s41467-025-61053-0,Asymmetric shifts in precipitation due to urbanization across global cities,urban precipitation; land-atmosphere interaction,observational_product_reanalysis_validity,222,should,no
007_NatCommun_s41467-025-61053-0_peer_review_file__u0010,007_NatCommun_s41467-025-61053-0_peer_review_file.pdf,Nature Communications,10.1038/s41467-025-61053-0,Asymmetric shifts in precipitation due to urbanization across global cities,urban precipitation; land-atmosphere interaction,observational_product_reanalysis_validity,324,should; validation,no
007_NatCommun_s41467-025-61053-0_peer_review_file__u0011,007_NatCommun_s41467-025-61053-0_peer_review_file.pdf,Nature Communications,10.1038/s41467-025-61053-0,Asymmetric shifts in precipitation due to urbanization across global cities,urban precipitation; land-atmosphere interaction,scale_resolution_boundary_consistency,339,should; limitation,no
007_NatCommun_s41467-025-61053-0_peer_review_file__u0014,007_NatCommun_s41467-025-61053-0_peer_review_file.pdf,Nature Communications,10.1038/s41467-025-61053-0,Asymmetric shifts in precipitation due to urbanization across global cities,urban precipitation; land-atmosphere interaction,chemistry_emissions_budget,184,should,no
007_NatCommun_s41467-025-61053-0_peer_review_file__u0015,007_NatCommun_s41467-025-61053-0_peer_review_file.pdf,Nature Communications,10.1038/s41467-025-61053-0,Asymmetric shifts in precipitation due to urbanization across global cities,urban precipitation; land-atmosphere interaction,ai_weather_climate_model_fidelity,228,need,no
007_NatCommun_s41467-025-61053-0_peer_review_file__u0016,007_NatCommun_s41467-025-61053-0_peer_review_file.pdf,Nature Communications,10.1038/s41467-025-61053-0,Asymmetric shifts in precipitation due to urbanization across global cities,urban precipitation; land-atmosphere interaction,ai_weather_climate_model_fidelity,322,need; needs,no
007_NatCommun_s41467-025-61053-0_peer_review_file__u0018,007_NatCommun_s41467-025-61053-0_peer_review_file.pdf,Nature Communications,10.1038/s41467-025-61053-0,Asymmetric shifts in precipitation due to urbanization across global cities,urban precipitation; land-atmosphere interaction,mechanism_causality_circulation_dynamics,395,should,no
007_NatCommun_s41467-025-61053-0_peer_review_file__u0021,007_NatCommun_s41467-025-61053-0_peer_review_file.pdf,Nature Communications,10.1038/s41467-025-61053-0,Asymmetric shifts in precipitation due to urbanization across global cities,urban precipitation; land-atmosphere interaction,sampling_event_representativeness,103,should,no
007_NatCommun_s41467-025-61053-0_peer_review_file__u0022,007_NatCommun_s41467-025-61053-0_peer_review_file.pdf,Nature Communications,10.1038/s41467-025-61053-0,Asymmetric shifts in precipitation due to urbanization across global cities,urban precipitation; land-atmosphere interaction,scale_resolution_boundary_consistency,91,why,no
007_NatCommun_s41467-025-61053-0_peer_review_file__u0025,007_NatCommun_s41467-025-61053-0_peer_review_file.pdf,Nature Communications,10.1038/s41467-025-61053-0,Asymmetric shifts in precipitation due to urbanization across global cities,urban precipitation; land-atmosphere interaction,scale_resolution_boundary_consistency,541,however; clarify; would like,no
007_NatCommun_s41467-025-61053-0_peer_review_file__u0026,007_NatCommun_s41467-025-61053-0_peer_review_file.pdf,Nature Communications,10.1038/s41467-025-61053-0,Asymmetric shifts in precipitation due to urbanization across global cities,urban precipitation; land-atmosphere interaction,uncertainty_statistics_skill_metrics,659,however; concern,no
007_NatCommun_s41467-025-61053-0_peer_review_file__u0028,007_NatCommun_s41467-025-61053-0_peer_review_file.pdf,Nature Communications,10.1038/s41467-025-61053-0,Asymmetric shifts in precipitation due to urbanization across global cities,urban precipitation; land-atmosphere interaction,trend_internal_variability_signal_detection,354,however,no
007_NatCommun_s41467-025-61053-0_peer_review_file__u0030,007_NatCommun_s41467-025-61053-0_peer_review_file.pdf,Nature Communications,10.1038/s41467-025-61053-0,Asymmetric shifts in precipitation due to urbanization across global cities,urban precipitation; land-atmosphere interaction,detail_audit,230,clarify; limitation,no
007_NatCommun_s41467-025-61053-0_peer_review_file__u0031,007_NatCommun_s41467-025-61053-0_peer_review_file.pdf,Nature Communications,10.1038/s41467-025-61053-0,Asymmetric shifts in precipitation due to urbanization across global cities,urban precipitation; land-atmosphere interaction,detail_audit,252,however; clarify,no
007_NatCommun_s41467-025-61053-0_peer_review_file__u0034,007_NatCommun_s41467-025-61053-0_peer_review_file.pdf,Nature Communications,10.1038/s41467-025-61053-0,Asymmetric shifts in precipitation due to urbanization across global cities,urban precipitation; land-atmosphere interaction,atmospheric_claim_evidence_calibration,171,concern,no
007_NatCommun_s41467-025-61053-0_peer_review_file__u0035,007_NatCommun_s41467-025-61053-0_peer_review_file.pdf,Nature Communications,10.1038/s41467-025-61053-0,Asymmetric shifts in precipitation due to urbanization across global cities,urban precipitation; land-atmosphere interaction,reproducibility_data_code,1146,should; need; explain,no
008_NatCommun_s41467-025-67987-9_peer_review_file__u0003,008_NatCommun_s41467-025-67987-9_peer_review_file.pdf,Nature Communications,10.1038/s41467-025-67987-9,Fusion of multi-source precipitation records via coordinate-based generative models,precipitation data product; generative model; validation,detail_audit,1798,unclear; should; why,no
008_NatCommun_s41467-025-67987-9_peer_review_file__u0006,008_NatCommun_s41467-025-67987-9_peer_review_file.pdf,Nature Communications,10.1038/s41467-025-67987-9,Fusion of multi-source precipitation records via coordinate-based generative models,precipitation data product; generative model; validation,observational_product_reanalysis_validity,2222,major; should; lack; clarify; recommend,no
008_NatCommun_s41467-025-67987-9_peer_review_file__u0007,008_NatCommun_s41467-025-67987-9_peer_review_file.pdf,Nature Communications,10.1038/s41467-025-67987-9,Fusion of multi-source precipitation records via coordinate-based generative models,precipitation data product; generative model; validation,scale_resolution_boundary_consistency,1217,should,no
008_NatCommun_s41467-025-67987-9_peer_review_file__u0009,008_NatCommun_s41467-025-67987-9_peer_review_file.pdf,Nature Communications,10.1038/s41467-025-67987-9,Fusion of multi-source precipitation records via coordinate-based generative models,precipitation data product; generative model; validation,atmospheric_claim_evidence_calibration,414,should,no
008_NatCommun_s41467-025-67987-9_peer_review_file__u0011,008_NatCommun_s41467-025-67987-9_peer_review_file.pdf,Nature Communications,10.1038/s41467-025-67987-9,Fusion of multi-source precipitation records via coordinate-based generative models,precipitation data product; generative model; validation,model_physics_assumption_sensitivity,474,should; not clear,no
008_NatCommun_s41467-025-67987-9_peer_review_file__u0012,008_NatCommun_s41467-025-67987-9_peer_review_file.pdf,Nature Communications,10.1038/s41467-025-67987-9,Fusion of multi-source precipitation records via coordinate-based generative models,precipitation data product; generative model; validation,observational_product_reanalysis_validity,619,should; clarify; validation,no
008_NatCommun_s41467-025-67987-9_peer_review_file__u0013,008_NatCommun_s41467-025-67987-9_peer_review_file.pdf,Nature Communications,10.1038/s41467-025-67987-9,Fusion of multi-source precipitation records via coordinate-based generative models,precipitation data product; generative model; validation,observational_product_reanalysis_validity,234,should; clarify; validation,no
008_NatCommun_s41467-025-67987-9_peer_review_file__u0015,008_NatCommun_s41467-025-67987-9_peer_review_file.pdf,Nature Communications,10.1038/s41467-025-67987-9,Fusion of multi-source precipitation records via coordinate-based generative models,precipitation data product; generative model; validation,sampling_event_representativeness,306,validation,no
008_NatCommun_s41467-025-67987-9_peer_review_file__u0016,008_NatCommun_s41467-025-67987-9_peer_review_file.pdf,Nature Communications,10.1038/s41467-025-67987-9,Fusion of multi-source precipitation records via coordinate-based generative models,precipitation data product; generative model; validation,scale_resolution_boundary_consistency,425,validation,no
008_NatCommun_s41467-025-67987-9_peer_review_file__u0017,008_NatCommun_s41467-025-67987-9_peer_review_file.pdf,Nature Communications,10.1038/s41467-025-67987-9,Fusion of multi-source precipitation records via coordinate-based generative models,precipitation data product; generative model; validation,uncertainty_statistics_skill_metrics,456,concern; validation,no
008_NatCommun_s41467-025-67987-9_peer_review_file__u0019,008_NatCommun_s41467-025-67987-9_peer_review_file.pdf,Nature Communications,10.1038/s41467-025-67987-9,Fusion of multi-source precipitation records via coordinate-based generative models,precipitation data product; generative model; validation,model_physics_assumption_sensitivity,259,should,no
008_NatCommun_s41467-025-67987-9_peer_review_file__u0020,008_NatCommun_s41467-025-67987-9_peer_review_file.pdf,Nature Communications,10.1038/s41467-025-67987-9,Fusion of multi-source precipitation records via coordinate-based generative models,precipitation data product; generative model; validation,detail_audit,424,unclear; need; clarify,no
008_NatCommun_s41467-025-67987-9_peer_review_file__u0021,008_NatCommun_s41467-025-67987-9_peer_review_file.pdf,Nature Communications,10.1038/s41467-025-67987-9,Fusion of multi-source precipitation records via coordinate-based generative models,precipitation data product; generative model; validation,model_physics_assumption_sensitivity,274,should,no
008_NatCommun_s41467-025-67987-9_peer_review_file__u0024,008_NatCommun_s41467-025-67987-9_peer_review_file.pdf,Nature Communications,10.1038/s41467-025-67987-9,Fusion of multi-source precipitation records via coordinate-based generative models,precipitation data product; generative model; validation,detail_audit,194,unclear; clarify,no
008_NatCommun_s41467-025-67987-9_peer_review_file__u0027,008_NatCommun_s41467-025-67987-9_peer_review_file.pdf,Nature Communications,10.1038/s41467-025-67987-9,Fusion of multi-source precipitation records via coordinate-based generative models,precipitation data product; generative model; validation,uncertainty_statistics_skill_metrics,357,should; clarify,no
008_NatCommun_s41467-025-67987-9_peer_review_file__u0036,008_NatCommun_s41467-025-67987-9_peer_review_file.pdf,Nature Communications,10.1038/s41467-025-67987-9,Fusion of multi-source precipitation records via coordinate-based generative models,precipitation data product; generative model; validation,ai_weather_climate_model_fidelity,246,should,no
008_NatCommun_s41467-025-67987-9_peer_review_file__u0037,008_NatCommun_s41467-025-67987-9_peer_review_file.pdf,Nature Communications,10.1038/s41467-025-67987-9,Fusion of multi-source precipitation records via coordinate-based generative models,precipitation data product; generative model; validation,atmospheric_claim_evidence_calibration,202,recommend,no
008_NatCommun_s41467-025-67987-9_peer_review_file__u0039,008_NatCommun_s41467-025-67987-9_peer_review_file.pdf,Nature Communications,10.1038/s41467-025-67987-9,Fusion of multi-source precipitation records via coordinate-based generative models,precipitation data product; generative model; validation,atmospheric_claim_evidence_calibration,926,validation,no
008_NatCommun_s41467-025-67987-9_peer_review_file__u0040,008_NatCommun_s41467-025-67987-9_peer_review_file.pdf,Nature Communications,10.1038/s41467-025-67987-9,Fusion of multi-source precipitation records via coordinate-based generative models,precipitation data product; generative model; validation,observational_product_reanalysis_validity,1267,however; concern; need; explain; validation,no
008_NatCommun_s41467-025-67987-9_peer_review_file__u0041,008_NatCommun_s41467-025-67987-9_peer_review_file.pdf,Nature Communications,10.1038/s41467-025-67987-9,Fusion of multi-source precipitation records via coordinate-based generative models,precipitation data product; generative model; validation,detail_audit,243,clarify,no
008_NatCommun_s41467-025-67987-9_peer_review_file__u0043,008_NatCommun_s41467-025-67987-9_peer_review_file.pdf,Nature Communications,10.1038/s41467-025-67987-9,Fusion of multi-source precipitation records via coordinate-based generative models,precipitation data product; generative model; validation,atmospheric_claim_evidence_calibration,233,why,no
008_NatCommun_s41467-025-67987-9_peer_review_file__u0045,008_NatCommun_s41467-025-67987-9_peer_review_file.pdf,Nature Communications,10.1038/s41467-025-67987-9,Fusion of multi-source precipitation records via coordinate-based generative models,precipitation data product; generative model; validation,observational_product_reanalysis_validity,1004,should; need,no
009_NatCommun_s41467-025-60614-7_peer_review_file__u0002,009_NatCommun_s41467-025-60614-7_peer_review_file.pdf,Nature Communications,10.1038/s41467-025-60614-7,Changing aerosol chemistry is redefining HONO sources,HONO; atmospheric chemistry; aerosol chemistry,model_physics_assumption_sensitivity,868,however,no
009_NatCommun_s41467-025-60614-7_peer_review_file__u0004,009_NatCommun_s41467-025-60614-7_peer_review_file.pdf,Nature Communications,10.1038/s41467-025-60614-7,Changing aerosol chemistry is redefining HONO sources,HONO; atmospheric chemistry; aerosol chemistry,mechanism_causality_circulation_dynamics,165,missing,no
009_NatCommun_s41467-025-60614-7_peer_review_file__u0006,009_NatCommun_s41467-025-60614-7_peer_review_file.pdf,Nature Communications,10.1038/s41467-025-60614-7,Changing aerosol chemistry is redefining HONO sources,HONO; atmospheric chemistry; aerosol chemistry,atmospheric_claim_evidence_calibration,164,need,no
009_NatCommun_s41467-025-60614-7_peer_review_file__u0007,009_NatCommun_s41467-025-60614-7_peer_review_file.pdf,Nature Communications,10.1038/s41467-025-60614-7,Changing aerosol chemistry is redefining HONO sources,HONO; atmospheric chemistry; aerosol chemistry,observational_product_reanalysis_validity,211,need,no
009_NatCommun_s41467-025-60614-7_peer_review_file__u0009,009_NatCommun_s41467-025-60614-7_peer_review_file.pdf,Nature Communications,10.1038/s41467-025-60614-7,Changing aerosol chemistry is redefining HONO sources,HONO; atmospheric chemistry; aerosol chemistry,model_physics_assumption_sensitivity,320,need; needs; explain; why,no
009_NatCommun_s41467-025-60614-7_peer_review_file__u0010,009_NatCommun_s41467-025-60614-7_peer_review_file.pdf,Nature Communications,10.1038/s41467-025-60614-7,Changing aerosol chemistry is redefining HONO sources,HONO; atmospheric chemistry; aerosol chemistry,observational_product_reanalysis_validity,190,need,no
009_NatCommun_s41467-025-60614-7_peer_review_file__u0011,009_NatCommun_s41467-025-60614-7_peer_review_file.pdf,Nature Communications,10.1038/s41467-025-60614-7,Changing aerosol chemistry is redefining HONO sources,HONO; atmospheric chemistry; aerosol chemistry,atmospheric_claim_evidence_calibration,96,why,no
009_NatCommun_s41467-025-60614-7_peer_review_file__u0013,009_NatCommun_s41467-025-60614-7_peer_review_file.pdf,Nature Communications,10.1038/s41467-025-60614-7,Changing aerosol chemistry is redefining HONO sources,HONO; atmospheric chemistry; aerosol chemistry,ai_weather_climate_model_fidelity,211,should; lack; explain,no
009_NatCommun_s41467-025-60614-7_peer_review_file__u0018,009_NatCommun_s41467-025-60614-7_peer_review_file.pdf,Nature Communications,10.1038/s41467-025-60614-7,Changing aerosol chemistry is redefining HONO sources,HONO; atmospheric chemistry; aerosol chemistry,detail_audit,203,unclear; clarify,no
009_NatCommun_s41467-025-60614-7_peer_review_file__u0019,009_NatCommun_s41467-025-60614-7_peer_review_file.pdf,Nature Communications,10.1038/s41467-025-60614-7,Changing aerosol chemistry is redefining HONO sources,HONO; atmospheric chemistry; aerosol chemistry,trend_internal_variability_signal_detection,345,should,no
009_NatCommun_s41467-025-60614-7_peer_review_file__u0021,009_NatCommun_s41467-025-60614-7_peer_review_file.pdf,Nature Communications,10.1038/s41467-025-60614-7,Changing aerosol chemistry is redefining HONO sources,HONO; atmospheric chemistry; aerosol chemistry,model_physics_assumption_sensitivity,234,however; unclear; clarify,no
009_NatCommun_s41467-025-60614-7_peer_review_file__u0022,009_NatCommun_s41467-025-60614-7_peer_review_file.pdf,Nature Communications,10.1038/s41467-025-60614-7,Changing aerosol chemistry is redefining HONO sources,HONO; atmospheric chemistry; aerosol chemistry,ai_weather_climate_model_fidelity,176,should,no
009_NatCommun_s41467-025-60614-7_peer_review_file__u0024,009_NatCommun_s41467-025-60614-7_peer_review_file.pdf,Nature Communications,10.1038/s41467-025-60614-7,Changing aerosol chemistry is redefining HONO sources,HONO; atmospheric chemistry; aerosol chemistry,atmospheric_claim_evidence_calibration,372,clarify,no
009_NatCommun_s41467-025-60614-7_peer_review_file__u0026,009_NatCommun_s41467-025-60614-7_peer_review_file.pdf,Nature Communications,10.1038/s41467-025-60614-7,Changing aerosol chemistry is redefining HONO sources,HONO; atmospheric chemistry; aerosol chemistry,detail_audit,140,should,no
009_NatCommun_s41467-025-60614-7_peer_review_file__u0027,009_NatCommun_s41467-025-60614-7_peer_review_file.pdf,Nature Communications,10.1038/s41467-025-60614-7,Changing aerosol chemistry is redefining HONO sources,HONO; atmospheric chemistry; aerosol chemistry,atmospheric_claim_evidence_calibration,585,however; should,no
009_NatCommun_s41467-025-60614-7_peer_review_file__u0028,009_NatCommun_s41467-025-60614-7_peer_review_file.pdf,Nature Communications,10.1038/s41467-025-60614-7,Changing aerosol chemistry is redefining HONO sources,HONO; atmospheric chemistry; aerosol chemistry,detail_audit,2014,should; need; explain; clarify; sensitivity,no
009_NatCommun_s41467-025-60614-7_peer_review_file__u0031,009_NatCommun_s41467-025-60614-7_peer_review_file.pdf,Nature Communications,10.1038/s41467-025-60614-7,Changing aerosol chemistry is redefining HONO sources,HONO; atmospheric chemistry; aerosol chemistry,atmospheric_claim_evidence_calibration,102,concern; recommend,no
009_NatCommun_s41467-025-60614-7_peer_review_file__u0032,009_NatCommun_s41467-025-60614-7_peer_review_file.pdf,Nature Communications,10.1038/s41467-025-60614-7,Changing aerosol chemistry is redefining HONO sources,HONO; atmospheric chemistry; aerosol chemistry,ai_weather_climate_model_fidelity,360,concern,no
009_NatCommun_s41467-025-60614-7_peer_review_file__u0034,009_NatCommun_s41467-025-60614-7_peer_review_file.pdf,Nature Communications,10.1038/s41467-025-60614-7,Changing aerosol chemistry is redefining HONO sources,HONO; atmospheric chemistry; aerosol chemistry,ai_weather_climate_model_fidelity,1512,should; need,no
009_NatCommun_s41467-025-60614-7_peer_review_file__u0036,009_NatCommun_s41467-025-60614-7_peer_review_file.pdf,Nature Communications,10.1038/s41467-025-60614-7,Changing aerosol chemistry is redefining HONO sources,HONO; atmospheric chemistry; aerosol chemistry,chemistry_emissions_budget,309,however,no
009_NatCommun_s41467-025-60614-7_peer_review_file__u0075,009_NatCommun_s41467-025-60614-7_peer_review_file.pdf,Nature Communications,10.1038/s41467-025-60614-7,Changing aerosol chemistry is redefining HONO sources,HONO; atmospheric chemistry; aerosol chemistry,detail_audit,851,concern; missing,no
009_NatCommun_s41467-025-60614-7_peer_review_file__u0077,009_NatCommun_s41467-025-60614-7_peer_review_file.pdf,Nature Communications,10.1038/s41467-025-60614-7,Changing aerosol chemistry is redefining HONO sources,HONO; atmospheric chemistry; aerosol chemistry,detail_audit,201,missing; clarify,no
009_NatCommun_s41467-025-60614-7_peer_review_file__u0079,009_NatCommun_s41467-025-60614-7_peer_review_file.pdf,Nature Communications,10.1038/s41467-025-60614-7,Changing aerosol chemistry is redefining HONO sources,HONO; atmospheric chemistry; aerosol chemistry,atmospheric_claim_evidence_calibration,375,need,no
009_NatCommun_s41467-025-60614-7_peer_review_file__u0081,009_NatCommun_s41467-025-60614-7_peer_review_file.pdf,Nature Communications,10.1038/s41467-025-60614-7,Changing aerosol chemistry is redefining HONO sources,HONO; atmospheric chemistry; aerosol chemistry,trend_internal_variability_signal_detection,506,however,no
009_NatCommun_s41467-025-60614-7_peer_review_file__u0082,009_NatCommun_s41467-025-60614-7_peer_review_file.pdf,Nature Communications,10.1038/s41467-025-60614-7,Changing aerosol chemistry is redefining HONO sources,HONO; atmospheric chemistry; aerosol chemistry,aerosol_cloud_radiation_microphysics,966,need; explain,no
009_NatCommun_s41467-025-60614-7_peer_review_file__u0084,009_NatCommun_s41467-025-60614-7_peer_review_file.pdf,Nature Communications,10.1038/s41467-025-60614-7,Changing aerosol chemistry is redefining HONO sources,HONO; atmospheric chemistry; aerosol chemistry,aerosol_cloud_radiation_microphysics,735,would like,no
009_NatCommun_s41467-025-60614-7_peer_review_file__u0085,009_NatCommun_s41467-025-60614-7_peer_review_file.pdf,Nature Communications,10.1038/s41467-025-60614-7,Changing aerosol chemistry is redefining HONO sources,HONO; atmospheric chemistry; aerosol chemistry,mechanism_causality_circulation_dynamics,1048,unclear; need; needs; explain; clarify,no
009_NatCommun_s41467-025-60614-7_peer_review_file__u0091,009_NatCommun_s41467-025-60614-7_peer_review_file.pdf,Nature Communications,10.1038/s41467-025-60614-7,Changing aerosol chemistry is redefining HONO sources,HONO; atmospheric chemistry; aerosol chemistry,observational_product_reanalysis_validity,769,however; need,no
009_NatCommun_s41467-025-60614-7_peer_review_file__u0097,009_NatCommun_s41467-025-60614-7_peer_review_file.pdf,Nature Communications,10.1038/s41467-025-60614-7,Changing aerosol chemistry is redefining HONO sources,HONO; atmospheric chemistry; aerosol chemistry,detail_audit,287,need; needs,no
009_NatCommun_s41467-025-60614-7_peer_review_file__u0101,009_NatCommun_s41467-025-60614-7_peer_review_file.pdf,Nature Communications,10.1038/s41467-025-60614-7,Changing aerosol chemistry is redefining HONO sources,HONO; atmospheric chemistry; aerosol chemistry,aerosol_cloud_radiation_microphysics,177,should,no
009_NatCommun_s41467-025-60614-7_peer_review_file__u0102,009_NatCommun_s41467-025-60614-7_peer_review_file.pdf,Nature Communications,10.1038/s41467-025-60614-7,Changing aerosol chemistry is redefining HONO sources,HONO; atmospheric chemistry; aerosol chemistry,uncertainty_statistics_skill_metrics,344,why,no
009_NatCommun_s41467-025-60614-7_peer_review_file__u0104,009_NatCommun_s41467-025-60614-7_peer_review_file.pdf,Nature Communications,10.1038/s41467-025-60614-7,Changing aerosol chemistry is redefining HONO sources,HONO; atmospheric chemistry; aerosol chemistry,atmospheric_claim_evidence_calibration,811,should,no
009_NatCommun_s41467-025-60614-7_peer_review_file__u0105,009_NatCommun_s41467-025-60614-7_peer_review_file.pdf,Nature Communications,10.1038/s41467-025-60614-7,Changing aerosol chemistry is redefining HONO sources,HONO; atmospheric chemistry; aerosol chemistry,reproducibility_data_code,1040,would like,no
009_NatCommun_s41467-025-60614-7_peer_review_file__u0111,009_NatCommun_s41467-025-60614-7_peer_review_file.pdf,Nature Communications,10.1038/s41467-025-60614-7,Changing aerosol chemistry is redefining HONO sources,HONO; atmospheric chemistry; aerosol chemistry,detail_audit,1083,should; lack; explain,no
009_NatCommun_s41467-025-60614-7_peer_review_file__u0116,009_NatCommun_s41467-025-60614-7_peer_review_file.pdf,Nature Communications,10.1038/s41467-025-60614-7,Changing aerosol chemistry is redefining HONO sources,HONO; atmospheric chemistry; aerosol chemistry,detail_audit,459,unclear; clarify,no
009_NatCommun_s41467-025-60614-7_peer_review_file__u0154,009_NatCommun_s41467-025-60614-7_peer_review_file.pdf,Nature Communications,10.1038/s41467-025-60614-7,Changing aerosol chemistry is redefining HONO sources,HONO; atmospheric chemistry; aerosol chemistry,trend_internal_variability_signal_detection,504,should,no
009_NatCommun_s41467-025-60614-7_peer_review_file__u0157,009_NatCommun_s41467-025-60614-7_peer_review_file.pdf,Nature Communications,10.1038/s41467-025-60614-7,Changing aerosol chemistry is redefining HONO sources,HONO; atmospheric chemistry; aerosol chemistry,sampling_event_representativeness,780,should,no
009_NatCommun_s41467-025-60614-7_peer_review_file__u0158,009_NatCommun_s41467-025-60614-7_peer_review_file.pdf,Nature Communications,10.1038/s41467-025-60614-7,Changing aerosol chemistry is redefining HONO sources,HONO; atmospheric chemistry; aerosol chemistry,observational_product_reanalysis_validity,1193,however,no
009_NatCommun_s41467-025-60614-7_peer_review_file__u0162,009_NatCommun_s41467-025-60614-7_peer_review_file.pdf,Nature Communications,10.1038/s41467-025-60614-7,Changing aerosol chemistry is redefining HONO sources,HONO; atmospheric chemistry; aerosol chemistry,ai_weather_climate_model_fidelity,2297,however; unclear; explain; clarify,no
009_NatCommun_s41467-025-60614-7_peer_review_file__u0163,009_NatCommun_s41467-025-60614-7_peer_review_file.pdf,Nature Communications,10.1038/s41467-025-60614-7,Changing aerosol chemistry is redefining HONO sources,HONO; atmospheric chemistry; aerosol chemistry,detail_audit,547,clarify,no
009_NatCommun_s41467-025-60614-7_peer_review_file__u0164,009_NatCommun_s41467-025-60614-7_peer_review_file.pdf,Nature Communications,10.1038/s41467-025-60614-7,Changing aerosol chemistry is redefining HONO sources,HONO; atmospheric chemistry; aerosol chemistry,ai_weather_climate_model_fidelity,430,should,no
009_NatCommun_s41467-025-60614-7_peer_review_file__u0165,009_NatCommun_s41467-025-60614-7_peer_review_file.pdf,Nature Communications,10.1038/s41467-025-60614-7,Changing aerosol chemistry is redefining HONO sources,HONO; atmospheric chemistry; aerosol chemistry,ai_weather_climate_model_fidelity,477,validation,no
009_NatCommun_s41467-025-60614-7_peer_review_file__u0167,009_NatCommun_s41467-025-60614-7_peer_review_file.pdf,Nature Communications,10.1038/s41467-025-60614-7,Changing aerosol chemistry is redefining HONO sources,HONO; atmospheric chemistry; aerosol chemistry,ai_weather_climate_model_fidelity,432,validation,no
009_NatCommun_s41467-025-60614-7_peer_review_file__u0172,009_NatCommun_s41467-025-60614-7_peer_review_file.pdf,Nature Communications,10.1038/s41467-025-60614-7,Changing aerosol chemistry is redefining HONO sources,HONO; atmospheric chemistry; aerosol chemistry,atmospheric_claim_evidence_calibration,410,clarify,no
009_NatCommun_s41467-025-60614-7_peer_review_file__u0175,009_NatCommun_s41467-025-60614-7_peer_review_file.pdf,Nature Communications,10.1038/s41467-025-60614-7,Changing aerosol chemistry is redefining HONO sources,HONO; atmospheric chemistry; aerosol chemistry,sampling_event_representativeness,521,should,no
009_NatCommun_s41467-025-60614-7_peer_review_file__u0176,009_NatCommun_s41467-025-60614-7_peer_review_file.pdf,Nature Communications,10.1038/s41467-025-60614-7,Changing aerosol chemistry is redefining HONO sources,HONO; atmospheric chemistry; aerosol chemistry,detail_audit,1073,should,no
009_NatCommun_s41467-025-60614-7_peer_review_file__u0181,009_NatCommun_s41467-025-60614-7_peer_review_file.pdf,Nature Communications,10.1038/s41467-025-60614-7,Changing aerosol chemistry is redefining HONO sources,HONO; atmospheric chemistry; aerosol chemistry,atmospheric_claim_evidence_calibration,152,should,no
009_NatCommun_s41467-025-60614-7_peer_review_file__u0182,009_NatCommun_s41467-025-60614-7_peer_review_file.pdf,Nature Communications,10.1038/s41467-025-60614-7,Changing aerosol chemistry is redefining HONO sources,HONO; atmospheric chemistry; aerosol chemistry,detail_audit,97,should,no
009_NatCommun_s41467-025-60614-7_peer_review_file__u0184,009_NatCommun_s41467-025-60614-7_peer_review_file.pdf,Nature Communications,10.1038/s41467-025-60614-7,Changing aerosol chemistry is redefining HONO sources,HONO; atmospheric chemistry; aerosol chemistry,ai_weather_climate_model_fidelity,451,however; should,no
009_NatCommun_s41467-025-60614-7_peer_review_file__u0185,009_NatCommun_s41467-025-60614-7_peer_review_file.pdf,Nature Communications,10.1038/s41467-025-60614-7,Changing aerosol chemistry is redefining HONO sources,HONO; atmospheric chemistry; aerosol chemistry,model_physics_assumption_sensitivity,459,however,no
009_NatCommun_s41467-025-60614-7_peer_review_file__u0187,009_NatCommun_s41467-025-60614-7_peer_review_file.pdf,Nature Communications,10.1038/s41467-025-60614-7,Changing aerosol chemistry is redefining HONO sources,HONO; atmospheric chemistry; aerosol chemistry,detail_audit,313,should; clarify,no
009_NatCommun_s41467-025-60614-7_peer_review_file__u0189,009_NatCommun_s41467-025-60614-7_peer_review_file.pdf,Nature Communications,10.1038/s41467-025-60614-7,Changing aerosol chemistry is redefining HONO sources,HONO; atmospheric chemistry; aerosol chemistry,model_physics_assumption_sensitivity,552,explain; sensitivity,no
009_NatCommun_s41467-025-60614-7_peer_review_file__u0190,009_NatCommun_s41467-025-60614-7_peer_review_file.pdf,Nature Communications,10.1038/s41467-025-60614-7,Changing aerosol chemistry is redefining HONO sources,HONO; atmospheric chemistry; aerosol chemistry,ai_weather_climate_model_fidelity,221,should,no
009_NatCommun_s41467-025-60614-7_peer_review_file__u0191,009_NatCommun_s41467-025-60614-7_peer_review_file.pdf,Nature Communications,10.1038/s41467-025-60614-7,Changing aerosol chemistry is redefining HONO sources,HONO; atmospheric chemistry; aerosol chemistry,model_physics_assumption_sensitivity,1082,however; should; explain; sensitivity,no
009_NatCommun_s41467-025-60614-7_peer_review_file__u0195,009_NatCommun_s41467-025-60614-7_peer_review_file.pdf,Nature Communications,10.1038/s41467-025-60614-7,Changing aerosol chemistry is redefining HONO sources,HONO; atmospheric chemistry; aerosol chemistry,detail_audit,1309,clarify,no
009_NatCommun_s41467-025-60614-7_peer_review_file__u0199,009_NatCommun_s41467-025-60614-7_peer_review_file.pdf,Nature Communications,10.1038/s41467-025-60614-7,Changing aerosol chemistry is redefining HONO sources,HONO; atmospheric chemistry; aerosol chemistry,aerosol_cloud_radiation_microphysics,1413,however,no
009_NatCommun_s41467-025-60614-7_peer_review_file__u0202,009_NatCommun_s41467-025-60614-7_peer_review_file.pdf,Nature Communications,10.1038/s41467-025-60614-7,Changing aerosol chemistry is redefining HONO sources,HONO; atmospheric chemistry; aerosol chemistry,atmospheric_claim_evidence_calibration,731,should; need; needs,no
009_NatCommun_s41467-025-60614-7_peer_review_file__u0203,009_NatCommun_s41467-025-60614-7_peer_review_file.pdf,Nature Communications,10.1038/s41467-025-60614-7,Changing aerosol chemistry is redefining HONO sources,HONO; atmospheric chemistry; aerosol chemistry,detail_audit,253,clarify,no
010_NatCommun_s41467-025-56235-9_peer_review_file__u0003,010_NatCommun_s41467-025-56235-9_peer_review_file.pdf,Nature Communications,10.1038/s41467-025-56235-9,Increasing certainty in projected local extreme precipitation change,extreme precipitation; projection uncertainty; model ensemble,model_physics_assumption_sensitivity,940,concern; recommend,no
010_NatCommun_s41467-025-56235-9_peer_review_file__u0005,010_NatCommun_s41467-025-56235-9_peer_review_file.pdf,Nature Communications,10.1038/s41467-025-56235-9,Increasing certainty in projected local extreme precipitation change,extreme precipitation; projection uncertainty; model ensemble,scale_resolution_boundary_consistency,803,however,no
010_NatCommun_s41467-025-56235-9_peer_review_file__u0006,010_NatCommun_s41467-025-56235-9_peer_review_file.pdf,Nature Communications,10.1038/s41467-025-56235-9,Increasing certainty in projected local extreme precipitation change,extreme precipitation; projection uncertainty; model ensemble,scale_resolution_boundary_consistency,470,insufficient,no
010_NatCommun_s41467-025-56235-9_peer_review_file__u0008,010_NatCommun_s41467-025-56235-9_peer_review_file.pdf,Nature Communications,10.1038/s41467-025-56235-9,Increasing certainty in projected local extreme precipitation change,extreme precipitation; projection uncertainty; model ensemble,detail_audit,554,should,no
010_NatCommun_s41467-025-56235-9_peer_review_file__u0010,010_NatCommun_s41467-025-56235-9_peer_review_file.pdf,Nature Communications,10.1038/s41467-025-56235-9,Increasing certainty in projected local extreme precipitation change,extreme precipitation; projection uncertainty; model ensemble,scale_resolution_boundary_consistency,225,recommend,no
010_NatCommun_s41467-025-56235-9_peer_review_file__u0023,010_NatCommun_s41467-025-56235-9_peer_review_file.pdf,Nature Communications,10.1038/s41467-025-56235-9,Increasing certainty in projected local extreme precipitation change,extreme precipitation; projection uncertainty; model ensemble,model_physics_assumption_sensitivity,503,however; concern; major,no
010_NatCommun_s41467-025-56235-9_peer_review_file__u0024,010_NatCommun_s41467-025-56235-9_peer_review_file.pdf,Nature Communications,10.1038/s41467-025-56235-9,Increasing certainty in projected local extreme precipitation change,extreme precipitation; projection uncertainty; model ensemble,atmospheric_claim_evidence_calibration,796,however,no
010_NatCommun_s41467-025-56235-9_peer_review_file__u0025,010_NatCommun_s41467-025-56235-9_peer_review_file.pdf,Nature Communications,10.1038/s41467-025-56235-9,Increasing certainty in projected local extreme precipitation change,extreme precipitation; projection uncertainty; model ensemble,model_physics_assumption_sensitivity,496,unclear; not clear; explain; clarify,no
010_NatCommun_s41467-025-56235-9_peer_review_file__u0027,010_NatCommun_s41467-025-56235-9_peer_review_file.pdf,Nature Communications,10.1038/s41467-025-56235-9,Increasing certainty in projected local extreme precipitation change,extreme precipitation; projection uncertainty; model ensemble,atmospheric_claim_evidence_calibration,186,however; major,no
010_NatCommun_s41467-025-56235-9_peer_review_file__u0028,010_NatCommun_s41467-025-56235-9_peer_review_file.pdf,Nature Communications,10.1038/s41467-025-56235-9,Increasing certainty in projected local extreme precipitation change,extreme precipitation; projection uncertainty; model ensemble,chemistry_emissions_budget,233,however,no
010_NatCommun_s41467-025-56235-9_peer_review_file__u0031,010_NatCommun_s41467-025-56235-9_peer_review_file.pdf,Nature Communications,10.1038/s41467-025-56235-9,Increasing certainty in projected local extreme precipitation change,extreme precipitation; projection uncertainty; model ensemble,aerosol_cloud_radiation_microphysics,170,explain,no
010_NatCommun_s41467-025-56235-9_peer_review_file__u0033,010_NatCommun_s41467-025-56235-9_peer_review_file.pdf,Nature Communications,10.1038/s41467-025-56235-9,Increasing certainty in projected local extreme precipitation change,extreme precipitation; projection uncertainty; model ensemble,aerosol_cloud_radiation_microphysics,151,must,no
010_NatCommun_s41467-025-56235-9_peer_review_file__u0035,010_NatCommun_s41467-025-56235-9_peer_review_file.pdf,Nature Communications,10.1038/s41467-025-56235-9,Increasing certainty in projected local extreme precipitation change,extreme precipitation; projection uncertainty; model ensemble,aerosol_cloud_radiation_microphysics,403,sensitivity,no
010_NatCommun_s41467-025-56235-9_peer_review_file__u0038,010_NatCommun_s41467-025-56235-9_peer_review_file.pdf,Nature Communications,10.1038/s41467-025-56235-9,Increasing certainty in projected local extreme precipitation change,extreme precipitation; projection uncertainty; model ensemble,mechanism_causality_circulation_dynamics,279,however; would like,no
010_NatCommun_s41467-025-56235-9_peer_review_file__u0039,010_NatCommun_s41467-025-56235-9_peer_review_file.pdf,Nature Communications,10.1038/s41467-025-56235-9,Increasing certainty in projected local extreme precipitation change,extreme precipitation; projection uncertainty; model ensemble,model_physics_assumption_sensitivity,650,explain,no
010_NatCommun_s41467-025-56235-9_peer_review_file__u0040,010_NatCommun_s41467-025-56235-9_peer_review_file.pdf,Nature Communications,10.1038/s41467-025-56235-9,Increasing certainty in projected local extreme precipitation change,extreme precipitation; projection uncertainty; model ensemble,scale_resolution_boundary_consistency,618,however,no
010_NatCommun_s41467-025-56235-9_peer_review_file__u0041,010_NatCommun_s41467-025-56235-9_peer_review_file.pdf,Nature Communications,10.1038/s41467-025-56235-9,Increasing certainty in projected local extreme precipitation change,extreme precipitation; projection uncertainty; model ensemble,observational_product_reanalysis_validity,351,should,no
010_NatCommun_s41467-025-56235-9_peer_review_file__u0042,010_NatCommun_s41467-025-56235-9_peer_review_file.pdf,Nature Communications,10.1038/s41467-025-56235-9,Increasing certainty in projected local extreme precipitation change,extreme precipitation; projection uncertainty; model ensemble,atmospheric_claim_evidence_calibration,184,recommend,no
010_NatCommun_s41467-025-56235-9_peer_review_file__u0045,010_NatCommun_s41467-025-56235-9_peer_review_file.pdf,Nature Communications,10.1038/s41467-025-56235-9,Increasing certainty in projected local extreme precipitation change,extreme precipitation; projection uncertainty; model ensemble,extreme_event_attribution_counterfactual,1241,should; need,no
010_NatCommun_s41467-025-56235-9_peer_review_file__u0046,010_NatCommun_s41467-025-56235-9_peer_review_file.pdf,Nature Communications,10.1038/s41467-025-56235-9,Increasing certainty in projected local extreme precipitation change,extreme precipitation; projection uncertainty; model ensemble,model_physics_assumption_sensitivity,639,concern,no
010_NatCommun_s41467-025-56235-9_peer_review_file__u0047,010_NatCommun_s41467-025-56235-9_peer_review_file.pdf,Nature Communications,10.1038/s41467-025-56235-9,Increasing certainty in projected local extreme precipitation change,extreme precipitation; projection uncertainty; model ensemble,detail_audit,198,recommend,no
010_NatCommun_s41467-025-56235-9_peer_review_file__u0048,010_NatCommun_s41467-025-56235-9_peer_review_file.pdf,Nature Communications,10.1038/s41467-025-56235-9,Increasing certainty in projected local extreme precipitation change,extreme precipitation; projection uncertainty; model ensemble,scale_resolution_boundary_consistency,842,concern,no
010_NatCommun_s41467-025-56235-9_peer_review_file__u0052,010_NatCommun_s41467-025-56235-9_peer_review_file.pdf,Nature Communications,10.1038/s41467-025-56235-9,Increasing certainty in projected local extreme precipitation change,extreme precipitation; projection uncertainty; model ensemble,observational_product_reanalysis_validity,820,major,no
010_NatCommun_s41467-025-56235-9_peer_review_file__u0055,010_NatCommun_s41467-025-56235-9_peer_review_file.pdf,Nature Communications,10.1038/s41467-025-56235-9,Increasing certainty in projected local extreme precipitation change,extreme precipitation; projection uncertainty; model ensemble,scale_resolution_boundary_consistency,1053,validation,no
010_NatCommun_s41467-025-56235-9_peer_review_file__u0058,010_NatCommun_s41467-025-56235-9_peer_review_file.pdf,Nature Communications,10.1038/s41467-025-56235-9,Increasing certainty in projected local extreme precipitation change,extreme precipitation; projection uncertainty; model ensemble,trend_internal_variability_signal_detection,1262,major; need; limitation,no
010_NatCommun_s41467-025-56235-9_peer_review_file__u0059,010_NatCommun_s41467-025-56235-9_peer_review_file.pdf,Nature Communications,10.1038/s41467-025-56235-9,Increasing certainty in projected local extreme precipitation change,extreme precipitation; projection uncertainty; model ensemble,sampling_event_representativeness,694,however,no
010_NatCommun_s41467-025-56235-9_peer_review_file__u0066,010_NatCommun_s41467-025-56235-9_peer_review_file.pdf,Nature Communications,10.1038/s41467-025-56235-9,Increasing certainty in projected local extreme precipitation change,extreme precipitation; projection uncertainty; model ensemble,scale_resolution_boundary_consistency,468,insufficient,no
010_NatCommun_s41467-025-56235-9_peer_review_file__u0067,010_NatCommun_s41467-025-56235-9_peer_review_file.pdf,Nature Communications,10.1038/s41467-025-56235-9,Increasing certainty in projected local extreme precipitation change,extreme precipitation; projection uncertainty; model ensemble,ai_weather_climate_model_fidelity,107,concern; major,no
010_NatCommun_s41467-025-56235-9_peer_review_file__u0074,010_NatCommun_s41467-025-56235-9_peer_review_file.pdf,Nature Communications,10.1038/s41467-025-56235-9,Increasing certainty in projected local extreme precipitation change,extreme precipitation; projection uncertainty; model ensemble,detail_audit,551,should,no
010_NatCommun_s41467-025-56235-9_peer_review_file__u0076,010_NatCommun_s41467-025-56235-9_peer_review_file.pdf,Nature Communications,10.1038/s41467-025-56235-9,Increasing certainty in projected local extreme precipitation change,extreme precipitation; projection uncertainty; model ensemble,extreme_event_attribution_counterfactual,139,concern,no
010_NatCommun_s41467-025-56235-9_peer_review_file__u0077,010_NatCommun_s41467-025-56235-9_peer_review_file.pdf,Nature Communications,10.1038/s41467-025-56235-9,Increasing certainty in projected local extreme precipitation change,extreme precipitation; projection uncertainty; model ensemble,ai_weather_climate_model_fidelity,635,however; should,no
010_NatCommun_s41467-025-56235-9_peer_review_file__u0083,010_NatCommun_s41467-025-56235-9_peer_review_file.pdf,Nature Communications,10.1038/s41467-025-56235-9,Increasing certainty in projected local extreme precipitation change,extreme precipitation; projection uncertainty; model ensemble,scale_resolution_boundary_consistency,170,recommend,no
010_NatCommun_s41467-025-56235-9_peer_review_file__u0099,010_NatCommun_s41467-025-56235-9_peer_review_file.pdf,Nature Communications,10.1038/s41467-025-56235-9,Increasing certainty in projected local extreme precipitation change,extreme precipitation; projection uncertainty; model ensemble,ai_weather_climate_model_fidelity,555,concern; need,no
010_NatCommun_s41467-025-56235-9_peer_review_file__u0101,010_NatCommun_s41467-025-56235-9_peer_review_file.pdf,Nature Communications,10.1038/s41467-025-56235-9,Increasing certainty in projected local extreme precipitation change,extreme precipitation; projection uncertainty; model ensemble,ai_weather_climate_model_fidelity,350,need,no
010_NatCommun_s41467-025-56235-9_peer_review_file__u0114,010_NatCommun_s41467-025-56235-9_peer_review_file.pdf,Nature Communications,10.1038/s41467-025-56235-9,Increasing certainty in projected local extreme precipitation change,extreme precipitation; projection uncertainty; model ensemble,trend_internal_variability_signal_detection,1291,however,no
010_NatCommun_s41467-025-56235-9_peer_review_file__u0128,010_NatCommun_s41467-025-56235-9_peer_review_file.pdf,Nature Communications,10.1038/s41467-025-56235-9,Increasing certainty in projected local extreme precipitation change,extreme precipitation; projection uncertainty; model ensemble,sampling_event_representativeness,861,concern,no
010_NatCommun_s41467-025-56235-9_peer_review_file__u0129,010_NatCommun_s41467-025-56235-9_peer_review_file.pdf,Nature Communications,10.1038/s41467-025-56235-9,Increasing certainty in projected local extreme precipitation change,extreme precipitation; projection uncertainty; model ensemble,sampling_event_representativeness,967,should; limitation; recommend; validation,no
010_NatCommun_s41467-025-56235-9_peer_review_file__u0130,010_NatCommun_s41467-025-56235-9_peer_review_file.pdf,Nature Communications,10.1038/s41467-025-56235-9,Increasing certainty in projected local extreme precipitation change,extreme precipitation; projection uncertainty; model ensemble,observational_product_reanalysis_validity,269,concern,no
010_NatCommun_s41467-025-56235-9_peer_review_file__u0131,010_NatCommun_s41467-025-56235-9_peer_review_file.pdf,Nature Communications,10.1038/s41467-025-56235-9,Increasing certainty in projected local extreme precipitation change,extreme precipitation; projection uncertainty; model ensemble,ai_weather_climate_model_fidelity,81,however; should; validation,no
010_NatCommun_s41467-025-56235-9_peer_review_file__u0132,010_NatCommun_s41467-025-56235-9_peer_review_file.pdf,Nature Communications,10.1038/s41467-025-56235-9,Increasing certainty in projected local extreme precipitation change,extreme precipitation; projection uncertainty; model ensemble,scale_resolution_boundary_consistency,685,should; limitation,no
010_NatCommun_s41467-025-56235-9_peer_review_file__u0134,010_NatCommun_s41467-025-56235-9_peer_review_file.pdf,Nature Communications,10.1038/s41467-025-56235-9,Increasing certainty in projected local extreme precipitation change,extreme precipitation; projection uncertainty; model ensemble,atmospheric_claim_evidence_calibration,110,limitation,no
010_NatCommun_s41467-025-56235-9_peer_review_file__u0135,010_NatCommun_s41467-025-56235-9_peer_review_file.pdf,Nature Communications,10.1038/s41467-025-56235-9,Increasing certainty in projected local extreme precipitation change,extreme precipitation; projection uncertainty; model ensemble,model_physics_assumption_sensitivity,902,should; limitation; would like,no
010_NatCommun_s41467-025-56235-9_peer_review_file__u0138,010_NatCommun_s41467-025-56235-9_peer_review_file.pdf,Nature Communications,10.1038/s41467-025-56235-9,Increasing certainty in projected local extreme precipitation change,extreme precipitation; projection uncertainty; model ensemble,observational_product_reanalysis_validity,346,must; why,no
010_NatCommun_s41467-025-56235-9_peer_review_file__u0139,010_NatCommun_s41467-025-56235-9_peer_review_file.pdf,Nature Communications,10.1038/s41467-025-56235-9,Increasing certainty in projected local extreme precipitation change,extreme precipitation; projection uncertainty; model ensemble,sampling_event_representativeness,344,major; limitation,no
010_NatCommun_s41467-025-56235-9_peer_review_file__u0146,010_NatCommun_s41467-025-56235-9_peer_review_file.pdf,Nature Communications,10.1038/s41467-025-56235-9,Increasing certainty in projected local extreme precipitation change,extreme precipitation; projection uncertainty; model ensemble,scale_resolution_boundary_consistency,634,why,no
010_NatCommun_s41467-025-56235-9_peer_review_file__u0147,010_NatCommun_s41467-025-56235-9_peer_review_file.pdf,Nature Communications,10.1038/s41467-025-56235-9,Increasing certainty in projected local extreme precipitation change,extreme precipitation; projection uncertainty; model ensemble,mechanism_causality_circulation_dynamics,896,limitation,no
010_NatCommun_s41467-025-56235-9_peer_review_file__u0156,010_NatCommun_s41467-025-56235-9_peer_review_file.pdf,Nature Communications,10.1038/s41467-025-56235-9,Increasing certainty in projected local extreme precipitation change,extreme precipitation; projection uncertainty; model ensemble,scale_resolution_boundary_consistency,378,concern,no
010_NatCommun_s41467-025-56235-9_peer_review_file__u0159,010_NatCommun_s41467-025-56235-9_peer_review_file.pdf,Nature Communications,10.1038/s41467-025-56235-9,Increasing certainty in projected local extreme precipitation change,extreme precipitation; projection uncertainty; model ensemble,trend_internal_variability_signal_detection,511,validation,no
010_NatCommun_s41467-025-56235-9_peer_review_file__u0161,010_NatCommun_s41467-025-56235-9_peer_review_file.pdf,Nature Communications,10.1038/s41467-025-56235-9,Increasing certainty in projected local extreme precipitation change,extreme precipitation; projection uncertainty; model ensemble,uncertainty_statistics_skill_metrics,856,should,no
010_NatCommun_s41467-025-56235-9_peer_review_file__u0162,010_NatCommun_s41467-025-56235-9_peer_review_file.pdf,Nature Communications,10.1038/s41467-025-56235-9,Increasing certainty in projected local extreme precipitation change,extreme precipitation; projection uncertainty; model ensemble,uncertainty_statistics_skill_metrics,1318,validation,no
010_NatCommun_s41467-025-56235-9_peer_review_file__u0166,010_NatCommun_s41467-025-56235-9_peer_review_file.pdf,Nature Communications,10.1038/s41467-025-56235-9,Increasing certainty in projected local extreme precipitation change,extreme precipitation; projection uncertainty; model ensemble,uncertainty_statistics_skill_metrics,715,validation,no
010_NatCommun_s41467-025-56235-9_peer_review_file__u0169,010_NatCommun_s41467-025-56235-9_peer_review_file.pdf,Nature Communications,10.1038/s41467-025-56235-9,Increasing certainty in projected local extreme precipitation change,extreme precipitation; projection uncertainty; model ensemble,ai_weather_climate_model_fidelity,106,validation,no
010_NatCommun_s41467-025-56235-9_peer_review_file__u0173,010_NatCommun_s41467-025-56235-9_peer_review_file.pdf,Nature Communications,10.1038/s41467-025-56235-9,Increasing certainty in projected local extreme precipitation change,extreme precipitation; projection uncertainty; model ensemble,model_physics_assumption_sensitivity,468,however; concern; major,no
010_NatCommun_s41467-025-56235-9_peer_review_file__u0175,010_NatCommun_s41467-025-56235-9_peer_review_file.pdf,Nature Communications,10.1038/s41467-025-56235-9,Increasing certainty in projected local extreme precipitation change,extreme precipitation; projection uncertainty; model ensemble,atmospheric_claim_evidence_calibration,785,however,no
010_NatCommun_s41467-025-56235-9_peer_review_file__u0176,010_NatCommun_s41467-025-56235-9_peer_review_file.pdf,Nature Communications,10.1038/s41467-025-56235-9,Increasing certainty in projected local extreme precipitation change,extreme precipitation; projection uncertainty; model ensemble,ai_weather_climate_model_fidelity,167,concern,no
010_NatCommun_s41467-025-56235-9_peer_review_file__u0178,010_NatCommun_s41467-025-56235-9_peer_review_file.pdf,Nature Communications,10.1038/s41467-025-56235-9,Increasing certainty in projected local extreme precipitation change,extreme precipitation; projection uncertainty; model ensemble,uncertainty_statistics_skill_metrics,214,validation,no
010_NatCommun_s41467-025-56235-9_peer_review_file__u0193,010_NatCommun_s41467-025-56235-9_peer_review_file.pdf,Nature Communications,10.1038/s41467-025-56235-9,Increasing certainty in projected local extreme precipitation change,extreme precipitation; projection uncertainty; model ensemble,scale_resolution_boundary_consistency,476,should,no
010_NatCommun_s41467-025-56235-9_peer_review_file__u0195,010_NatCommun_s41467-025-56235-9_peer_review_file.pdf,Nature Communications,10.1038/s41467-025-56235-9,Increasing certainty in projected local extreme precipitation change,extreme precipitation; projection uncertainty; model ensemble,model_physics_assumption_sensitivity,481,unclear; not clear; explain; clarify,no
010_NatCommun_s41467-025-56235-9_peer_review_file__u0201,010_NatCommun_s41467-025-56235-9_peer_review_file.pdf,Nature Communications,10.1038/s41467-025-56235-9,Increasing certainty in projected local extreme precipitation change,extreme precipitation; projection uncertainty; model ensemble,atmospheric_claim_evidence_calibration,186,however; major,no
010_NatCommun_s41467-025-56235-9_peer_review_file__u0202,010_NatCommun_s41467-025-56235-9_peer_review_file.pdf,Nature Communications,10.1038/s41467-025-56235-9,Increasing certainty in projected local extreme precipitation change,extreme precipitation; projection uncertainty; model ensemble,chemistry_emissions_budget,245,however,no
010_NatCommun_s41467-025-56235-9_peer_review_file__u0206,010_NatCommun_s41467-025-56235-9_peer_review_file.pdf,Nature Communications,10.1038/s41467-025-56235-9,Increasing certainty in projected local extreme precipitation change,extreme precipitation; projection uncertainty; model ensemble,aerosol_cloud_radiation_microphysics,168,explain,no
010_NatCommun_s41467-025-56235-9_peer_review_file__u0208,010_NatCommun_s41467-025-56235-9_peer_review_file.pdf,Nature Communications,10.1038/s41467-025-56235-9,Increasing certainty in projected local extreme precipitation change,extreme precipitation; projection uncertainty; model ensemble,aerosol_cloud_radiation_microphysics,158,must,no
010_NatCommun_s41467-025-56235-9_peer_review_file__u0210,010_NatCommun_s41467-025-56235-9_peer_review_file.pdf,Nature Communications,10.1038/s41467-025-56235-9,Increasing certainty in projected local extreme precipitation change,extreme precipitation; projection uncertainty; model ensemble,aerosol_cloud_radiation_microphysics,270,sensitivity,no
010_NatCommun_s41467-025-56235-9_peer_review_file__u0220,010_NatCommun_s41467-025-56235-9_peer_review_file.pdf,Nature Communications,10.1038/s41467-025-56235-9,Increasing certainty in projected local extreme precipitation change,extreme precipitation; projection uncertainty; model ensemble,mechanism_causality_circulation_dynamics,255,however; would like,no
010_NatCommun_s41467-025-56235-9_peer_review_file__u0222,010_NatCommun_s41467-025-56235-9_peer_review_file.pdf,Nature Communications,10.1038/s41467-025-56235-9,Increasing certainty in projected local extreme precipitation change,extreme precipitation; projection uncertainty; model ensemble,model_physics_assumption_sensitivity,385,explain,no
010_NatCommun_s41467-025-56235-9_peer_review_file__u0227,010_NatCommun_s41467-025-56235-9_peer_review_file.pdf,Nature Communications,10.1038/s41467-025-56235-9,Increasing certainty in projected local extreme precipitation change,extreme precipitation; projection uncertainty; model ensemble,scale_resolution_boundary_consistency,615,however,no
010_NatCommun_s41467-025-56235-9_peer_review_file__u0228,010_NatCommun_s41467-025-56235-9_peer_review_file.pdf,Nature Communications,10.1038/s41467-025-56235-9,Increasing certainty in projected local extreme precipitation change,extreme precipitation; projection uncertainty; model ensemble,observational_product_reanalysis_validity,351,should,no
010_NatCommun_s41467-025-56235-9_peer_review_file__u0231,010_NatCommun_s41467-025-56235-9_peer_review_file.pdf,Nature Communications,10.1038/s41467-025-56235-9,Increasing certainty in projected local extreme precipitation change,extreme precipitation; projection uncertainty; model ensemble,scale_resolution_boundary_consistency,1660,major,no
010_NatCommun_s41467-025-56235-9_peer_review_file__u0240,010_NatCommun_s41467-025-56235-9_peer_review_file.pdf,Nature Communications,10.1038/s41467-025-56235-9,Increasing certainty in projected local extreme precipitation change,extreme precipitation; projection uncertainty; model ensemble,atmospheric_claim_evidence_calibration,160,recommend,no
010_NatCommun_s41467-025-56235-9_peer_review_file__u0249,010_NatCommun_s41467-025-56235-9_peer_review_file.pdf,Nature Communications,10.1038/s41467-025-56235-9,Increasing certainty in projected local extreme precipitation change,extreme precipitation; projection uncertainty; model ensemble,scale_resolution_boundary_consistency,847,major,no
011_NatCommun_s41467-025-65127-x_peer_review_file__u0003,011_NatCommun_s41467-025-65127-x_peer_review_file.pdf,Nature Communications,10.1038/s41467-025-65127-x,Reduced aerosol pollution diminished cloud reflectivity over the North Atlantic and Northeast Pacific,aerosol-cloud interaction; cloud reflectivity; radiative effects,atmospheric_claim_evidence_calibration,211,concern,no
011_NatCommun_s41467-025-65127-x_peer_review_file__u0004,011_NatCommun_s41467-025-65127-x_peer_review_file.pdf,Nature Communications,10.1038/s41467-025-65127-x,Reduced aerosol pollution diminished cloud reflectivity over the North Atlantic and Northeast Pacific,aerosol-cloud interaction; cloud reflectivity; radiative effects,aerosol_cloud_radiation_microphysics,448,explain; clarify,no
011_NatCommun_s41467-025-65127-x_peer_review_file__u0008,011_NatCommun_s41467-025-65127-x_peer_review_file.pdf,Nature Communications,10.1038/s41467-025-65127-x,Reduced aerosol pollution diminished cloud reflectivity over the North Atlantic and Northeast Pacific,aerosol-cloud interaction; cloud reflectivity; radiative effects,model_physics_assumption_sensitivity,324,however,no
011_NatCommun_s41467-025-65127-x_peer_review_file__u0010,011_NatCommun_s41467-025-65127-x_peer_review_file.pdf,Nature Communications,10.1038/s41467-025-65127-x,Reduced aerosol pollution diminished cloud reflectivity over the North Atlantic and Northeast Pacific,aerosol-cloud interaction; cloud reflectivity; radiative effects,atmospheric_claim_evidence_calibration,356,concern,no
011_NatCommun_s41467-025-65127-x_peer_review_file__u0012,011_NatCommun_s41467-025-65127-x_peer_review_file.pdf,Nature Communications,10.1038/s41467-025-65127-x,Reduced aerosol pollution diminished cloud reflectivity over the North Atlantic and Northeast Pacific,aerosol-cloud interaction; cloud reflectivity; radiative effects,model_physics_assumption_sensitivity,850,concern; should; recommend,no
011_NatCommun_s41467-025-65127-x_peer_review_file__u0013,011_NatCommun_s41467-025-65127-x_peer_review_file.pdf,Nature Communications,10.1038/s41467-025-65127-x,Reduced aerosol pollution diminished cloud reflectivity over the North Atlantic and Northeast Pacific,aerosol-cloud interaction; cloud reflectivity; radiative effects,sampling_event_representativeness,816,however; should; clarify,no
011_NatCommun_s41467-025-65127-x_peer_review_file__u0016,011_NatCommun_s41467-025-65127-x_peer_review_file.pdf,Nature Communications,10.1038/s41467-025-65127-x,Reduced aerosol pollution diminished cloud reflectivity over the North Atlantic and Northeast Pacific,aerosol-cloud interaction; cloud reflectivity; radiative effects,observational_product_reanalysis_validity,988,should; need,no
011_NatCommun_s41467-025-65127-x_peer_review_file__u0017,011_NatCommun_s41467-025-65127-x_peer_review_file.pdf,Nature Communications,10.1038/s41467-025-65127-x,Reduced aerosol pollution diminished cloud reflectivity over the North Atlantic and Northeast Pacific,aerosol-cloud interaction; cloud reflectivity; radiative effects,atmospheric_claim_evidence_calibration,140,would like,no
011_NatCommun_s41467-025-65127-x_peer_review_file__u0018,011_NatCommun_s41467-025-65127-x_peer_review_file.pdf,Nature Communications,10.1038/s41467-025-65127-x,Reduced aerosol pollution diminished cloud reflectivity over the North Atlantic and Northeast Pacific,aerosol-cloud interaction; cloud reflectivity; radiative effects,atmospheric_claim_evidence_calibration,187,concern,no
011_NatCommun_s41467-025-65127-x_peer_review_file__u0019,011_NatCommun_s41467-025-65127-x_peer_review_file.pdf,Nature Communications,10.1038/s41467-025-65127-x,Reduced aerosol pollution diminished cloud reflectivity over the North Atlantic and Northeast Pacific,aerosol-cloud interaction; cloud reflectivity; radiative effects,aerosol_cloud_radiation_microphysics,448,explain; clarify,no
011_NatCommun_s41467-025-65127-x_peer_review_file__u0020,011_NatCommun_s41467-025-65127-x_peer_review_file.pdf,Nature Communications,10.1038/s41467-025-65127-x,Reduced aerosol pollution diminished cloud reflectivity over the North Atlantic and Northeast Pacific,aerosol-cloud interaction; cloud reflectivity; radiative effects,aerosol_cloud_radiation_microphysics,821,however; clarify,no
011_NatCommun_s41467-025-65127-x_peer_review_file__u0021,011_NatCommun_s41467-025-65127-x_peer_review_file.pdf,Nature Communications,10.1038/s41467-025-65127-x,Reduced aerosol pollution diminished cloud reflectivity over the North Atlantic and Northeast Pacific,aerosol-cloud interaction; cloud reflectivity; radiative effects,aerosol_cloud_radiation_microphysics,1171,however; need; clarify; would like,no
011_NatCommun_s41467-025-65127-x_peer_review_file__u0025,011_NatCommun_s41467-025-65127-x_peer_review_file.pdf,Nature Communications,10.1038/s41467-025-65127-x,Reduced aerosol pollution diminished cloud reflectivity over the North Atlantic and Northeast Pacific,aerosol-cloud interaction; cloud reflectivity; radiative effects,aerosol_cloud_radiation_microphysics,416,concern,no
011_NatCommun_s41467-025-65127-x_peer_review_file__u0029,011_NatCommun_s41467-025-65127-x_peer_review_file.pdf,Nature Communications,10.1038/s41467-025-65127-x,Reduced aerosol pollution diminished cloud reflectivity over the North Atlantic and Northeast Pacific,aerosol-cloud interaction; cloud reflectivity; radiative effects,model_physics_assumption_sensitivity,234,sensitivity,no
011_NatCommun_s41467-025-65127-x_peer_review_file__u0033,011_NatCommun_s41467-025-65127-x_peer_review_file.pdf,Nature Communications,10.1038/s41467-025-65127-x,Reduced aerosol pollution diminished cloud reflectivity over the North Atlantic and Northeast Pacific,aerosol-cloud interaction; cloud reflectivity; radiative effects,model_physics_assumption_sensitivity,293,however,no
011_NatCommun_s41467-025-65127-x_peer_review_file__u0035,011_NatCommun_s41467-025-65127-x_peer_review_file.pdf,Nature Communications,10.1038/s41467-025-65127-x,Reduced aerosol pollution diminished cloud reflectivity over the North Atlantic and Northeast Pacific,aerosol-cloud interaction; cloud reflectivity; radiative effects,atmospheric_claim_evidence_calibration,241,would like,no
011_NatCommun_s41467-025-65127-x_peer_review_file__u0037,011_NatCommun_s41467-025-65127-x_peer_review_file.pdf,Nature Communications,10.1038/s41467-025-65127-x,Reduced aerosol pollution diminished cloud reflectivity over the North Atlantic and Northeast Pacific,aerosol-cloud interaction; cloud reflectivity; radiative effects,atmospheric_claim_evidence_calibration,356,concern,no
011_NatCommun_s41467-025-65127-x_peer_review_file__u0040,011_NatCommun_s41467-025-65127-x_peer_review_file.pdf,Nature Communications,10.1038/s41467-025-65127-x,Reduced aerosol pollution diminished cloud reflectivity over the North Atlantic and Northeast Pacific,aerosol-cloud interaction; cloud reflectivity; radiative effects,model_physics_assumption_sensitivity,850,concern; should; recommend,no
011_NatCommun_s41467-025-65127-x_peer_review_file__u0041,011_NatCommun_s41467-025-65127-x_peer_review_file.pdf,Nature Communications,10.1038/s41467-025-65127-x,Reduced aerosol pollution diminished cloud reflectivity over the North Atlantic and Northeast Pacific,aerosol-cloud interaction; cloud reflectivity; radiative effects,model_physics_assumption_sensitivity,662,however,no
011_NatCommun_s41467-025-65127-x_peer_review_file__u0044,011_NatCommun_s41467-025-65127-x_peer_review_file.pdf,Nature Communications,10.1038/s41467-025-65127-x,Reduced aerosol pollution diminished cloud reflectivity over the North Atlantic and Northeast Pacific,aerosol-cloud interaction; cloud reflectivity; radiative effects,sampling_event_representativeness,816,however; should; clarify,no
011_NatCommun_s41467-025-65127-x_peer_review_file__u0045,011_NatCommun_s41467-025-65127-x_peer_review_file.pdf,Nature Communications,10.1038/s41467-025-65127-x,Reduced aerosol pollution diminished cloud reflectivity over the North Atlantic and Northeast Pacific,aerosol-cloud interaction; cloud reflectivity; radiative effects,mechanism_causality_circulation_dynamics,919,however; unclear; insufficient; explain,no
012_NatCommun_s41467-025-60104-w_peer_review_file__u0003,012_NatCommun_s41467-025-60104-w_peer_review_file.pdf,Nature Communications,10.1038/s41467-025-60104-w,Evidence for preferred propagating terrestrial heatwave pathways due to Rossby wave activity,heatwaves; Rossby wave activity; teleconnection,extreme_event_attribution_counterfactual,698,concern; must,no
012_NatCommun_s41467-025-60104-w_peer_review_file__u0004,012_NatCommun_s41467-025-60104-w_peer_review_file.pdf,Nature Communications,10.1038/s41467-025-60104-w,Evidence for preferred propagating terrestrial heatwave pathways due to Rossby wave activity,heatwaves; Rossby wave activity; teleconnection,observational_product_reanalysis_validity,311,should,no
012_NatCommun_s41467-025-60104-w_peer_review_file__u0005,012_NatCommun_s41467-025-60104-w_peer_review_file.pdf,Nature Communications,10.1038/s41467-025-60104-w,Evidence for preferred propagating terrestrial heatwave pathways due to Rossby wave activity,heatwaves; Rossby wave activity; teleconnection,atmospheric_claim_evidence_calibration,553,should,no
012_NatCommun_s41467-025-60104-w_peer_review_file__u0007,012_NatCommun_s41467-025-60104-w_peer_review_file.pdf,Nature Communications,10.1038/s41467-025-60104-w,Evidence for preferred propagating terrestrial heatwave pathways due to Rossby wave activity,heatwaves; Rossby wave activity; teleconnection,scale_resolution_boundary_consistency,341,need; clarify,no
012_NatCommun_s41467-025-60104-w_peer_review_file__u0010,012_NatCommun_s41467-025-60104-w_peer_review_file.pdf,Nature Communications,10.1038/s41467-025-60104-w,Evidence for preferred propagating terrestrial heatwave pathways due to Rossby wave activity,heatwaves; Rossby wave activity; teleconnection,reproducibility_data_code,93,should,no
012_NatCommun_s41467-025-60104-w_peer_review_file__u0012,012_NatCommun_s41467-025-60104-w_peer_review_file.pdf,Nature Communications,10.1038/s41467-025-60104-w,Evidence for preferred propagating terrestrial heatwave pathways due to Rossby wave activity,heatwaves; Rossby wave activity; teleconnection,detail_audit,93,major; recommend,no
012_NatCommun_s41467-025-60104-w_peer_review_file__u0014,012_NatCommun_s41467-025-60104-w_peer_review_file.pdf,Nature Communications,10.1038/s41467-025-60104-w,Evidence for preferred propagating terrestrial heatwave pathways due to Rossby wave activity,heatwaves; Rossby wave activity; teleconnection,extreme_event_attribution_counterfactual,1234,however,no
012_NatCommun_s41467-025-60104-w_peer_review_file__u0022,012_NatCommun_s41467-025-60104-w_peer_review_file.pdf,Nature Communications,10.1038/s41467-025-60104-w,Evidence for preferred propagating terrestrial heatwave pathways due to Rossby wave activity,heatwaves; Rossby wave activity; teleconnection,atmospheric_claim_evidence_calibration,110,why,no
012_NatCommun_s41467-025-60104-w_peer_review_file__u0024,012_NatCommun_s41467-025-60104-w_peer_review_file.pdf,Nature Communications,10.1038/s41467-025-60104-w,Evidence for preferred propagating terrestrial heatwave pathways due to Rossby wave activity,heatwaves; Rossby wave activity; teleconnection,detail_audit,498,however; clarify,no
012_NatCommun_s41467-025-60104-w_peer_review_file__u0025,012_NatCommun_s41467-025-60104-w_peer_review_file.pdf,Nature Communications,10.1038/s41467-025-60104-w,Evidence for preferred propagating terrestrial heatwave pathways due to Rossby wave activity,heatwaves; Rossby wave activity; teleconnection,atmospheric_claim_evidence_calibration,115,why,no
012_NatCommun_s41467-025-60104-w_peer_review_file__u0027,012_NatCommun_s41467-025-60104-w_peer_review_file.pdf,Nature Communications,10.1038/s41467-025-60104-w,Evidence for preferred propagating terrestrial heatwave pathways due to Rossby wave activity,heatwaves; Rossby wave activity; teleconnection,ai_weather_climate_model_fidelity,404,recommend; would like; validation,no
012_NatCommun_s41467-025-60104-w_peer_review_file__u0033,012_NatCommun_s41467-025-60104-w_peer_review_file.pdf,Nature Communications,10.1038/s41467-025-60104-w,Evidence for preferred propagating terrestrial heatwave pathways due to Rossby wave activity,heatwaves; Rossby wave activity; teleconnection,atmospheric_claim_evidence_calibration,306,however; concern,no
012_NatCommun_s41467-025-60104-w_peer_review_file__u0034,012_NatCommun_s41467-025-60104-w_peer_review_file.pdf,Nature Communications,10.1038/s41467-025-60104-w,Evidence for preferred propagating terrestrial heatwave pathways due to Rossby wave activity,heatwaves; Rossby wave activity; teleconnection,ai_weather_climate_model_fidelity,900,however,no
012_NatCommun_s41467-025-60104-w_peer_review_file__u0038,012_NatCommun_s41467-025-60104-w_peer_review_file.pdf,Nature Communications,10.1038/s41467-025-60104-w,Evidence for preferred propagating terrestrial heatwave pathways due to Rossby wave activity,heatwaves; Rossby wave activity; teleconnection,observational_product_reanalysis_validity,970,should; need,no
013_NatCommun_s41467-025-68070-z_peer_review_file__u0009,013_NatCommun_s41467-025-68070-z_peer_review_file.pdf,Nature Communications,10.1038/s41467-025-68070-z,Global increase in rain rate of tropical cyclones prior to landfall,tropical cyclone; rain rate; satellite precipitation,ai_weather_climate_model_fidelity,200,however; concern,no
013_NatCommun_s41467-025-68070-z_peer_review_file__u0013,013_NatCommun_s41467-025-68070-z_peer_review_file.pdf,Nature Communications,10.1038/s41467-025-68070-z,Global increase in rain rate of tropical cyclones prior to landfall,tropical cyclone; rain rate; satellite precipitation,ai_weather_climate_model_fidelity,345,should,no
013_NatCommun_s41467-025-68070-z_peer_review_file__u0014,013_NatCommun_s41467-025-68070-z_peer_review_file.pdf,Nature Communications,10.1038/s41467-025-68070-z,Global increase in rain rate of tropical cyclones prior to landfall,tropical cyclone; rain rate; satellite precipitation,ai_weather_climate_model_fidelity,315,concern,no
013_NatCommun_s41467-025-68070-z_peer_review_file__u0015,013_NatCommun_s41467-025-68070-z_peer_review_file.pdf,Nature Communications,10.1038/s41467-025-68070-z,Global increase in rain rate of tropical cyclones prior to landfall,tropical cyclone; rain rate; satellite precipitation,ai_weather_climate_model_fidelity,237,however; explain,no
013_NatCommun_s41467-025-68070-z_peer_review_file__u0017,013_NatCommun_s41467-025-68070-z_peer_review_file.pdf,Nature Communications,10.1038/s41467-025-68070-z,Global increase in rain rate of tropical cyclones prior to landfall,tropical cyclone; rain rate; satellite precipitation,scale_resolution_boundary_consistency,472,concern; should; limitation,no
013_NatCommun_s41467-025-68070-z_peer_review_file__u0018,013_NatCommun_s41467-025-68070-z_peer_review_file.pdf,Nature Communications,10.1038/s41467-025-68070-z,Global increase in rain rate of tropical cyclones prior to landfall,tropical cyclone; rain rate; satellite precipitation,observational_product_reanalysis_validity,1182,major; should; need,no
014_NatCommun_s41467-025-62780-0_peer_review_file__u0005,014_NatCommun_s41467-025-62780-0_peer_review_file.pdf,Nature Communications,10.1038/s41467-025-62780-0,"Future changes in severe hail across Europe, including regional emergence of warm-type thunderstorms",severe hail; convection; thunderstorms; climate projections,observational_product_reanalysis_validity,1055,should; need,no
014_NatCommun_s41467-025-62780-0_peer_review_file__u0012,014_NatCommun_s41467-025-62780-0_peer_review_file.pdf,Nature Communications,10.1038/s41467-025-62780-0,"Future changes in severe hail across Europe, including regional emergence of warm-type thunderstorms",severe hail; convection; thunderstorms; climate projections,mechanism_causality_circulation_dynamics,1113,need; explain,no
014_NatCommun_s41467-025-62780-0_peer_review_file__u0013,014_NatCommun_s41467-025-62780-0_peer_review_file.pdf,Nature Communications,10.1038/s41467-025-62780-0,"Future changes in severe hail across Europe, including regional emergence of warm-type thunderstorms",severe hail; convection; thunderstorms; climate projections,mechanism_causality_circulation_dynamics,881,must,no
014_NatCommun_s41467-025-62780-0_peer_review_file__u0015,014_NatCommun_s41467-025-62780-0_peer_review_file.pdf,Nature Communications,10.1038/s41467-025-62780-0,"Future changes in severe hail across Europe, including regional emergence of warm-type thunderstorms",severe hail; convection; thunderstorms; climate projections,model_physics_assumption_sensitivity,349,not clear,no
014_NatCommun_s41467-025-62780-0_peer_review_file__u0018,014_NatCommun_s41467-025-62780-0_peer_review_file.pdf,Nature Communications,10.1038/s41467-025-62780-0,"Future changes in severe hail across Europe, including regional emergence of warm-type thunderstorms",severe hail; convection; thunderstorms; climate projections,sampling_event_representativeness,2529,major,no
014_NatCommun_s41467-025-62780-0_peer_review_file__u0021,014_NatCommun_s41467-025-62780-0_peer_review_file.pdf,Nature Communications,10.1038/s41467-025-62780-0,"Future changes in severe hail across Europe, including regional emergence of warm-type thunderstorms",severe hail; convection; thunderstorms; climate projections,detail_audit,670,need; missing; justify,no
014_NatCommun_s41467-025-62780-0_peer_review_file__u0022,014_NatCommun_s41467-025-62780-0_peer_review_file.pdf,Nature Communications,10.1038/s41467-025-62780-0,"Future changes in severe hail across Europe, including regional emergence of warm-type thunderstorms",severe hail; convection; thunderstorms; climate projections,sampling_event_representativeness,467,unclear; why,no
014_NatCommun_s41467-025-62780-0_peer_review_file__u0032,014_NatCommun_s41467-025-62780-0_peer_review_file.pdf,Nature Communications,10.1038/s41467-025-62780-0,"Future changes in severe hail across Europe, including regional emergence of warm-type thunderstorms",severe hail; convection; thunderstorms; climate projections,observational_product_reanalysis_validity,629,need; needs,no
014_NatCommun_s41467-025-62780-0_peer_review_file__u0033,014_NatCommun_s41467-025-62780-0_peer_review_file.pdf,Nature Communications,10.1038/s41467-025-62780-0,"Future changes in severe hail across Europe, including regional emergence of warm-type thunderstorms",severe hail; convection; thunderstorms; climate projections,ai_weather_climate_model_fidelity,252,need,no
014_NatCommun_s41467-025-62780-0_peer_review_file__u0037,014_NatCommun_s41467-025-62780-0_peer_review_file.pdf,Nature Communications,10.1038/s41467-025-62780-0,"Future changes in severe hail across Europe, including regional emergence of warm-type thunderstorms",severe hail; convection; thunderstorms; climate projections,detail_audit,139,need; needs,no
014_NatCommun_s41467-025-62780-0_peer_review_file__u0039,014_NatCommun_s41467-025-62780-0_peer_review_file.pdf,Nature Communications,10.1038/s41467-025-62780-0,"Future changes in severe hail across Europe, including regional emergence of warm-type thunderstorms",severe hail; convection; thunderstorms; climate projections,ai_weather_climate_model_fidelity,353,should,no
014_NatCommun_s41467-025-62780-0_peer_review_file__u0040,014_NatCommun_s41467-025-62780-0_peer_review_file.pdf,Nature Communications,10.1038/s41467-025-62780-0,"Future changes in severe hail across Europe, including regional emergence of warm-type thunderstorms",severe hail; convection; thunderstorms; climate projections,ai_weather_climate_model_fidelity,117,need,no
014_NatCommun_s41467-025-62780-0_peer_review_file__u0041,014_NatCommun_s41467-025-62780-0_peer_review_file.pdf,Nature Communications,10.1038/s41467-025-62780-0,"Future changes in severe hail across Europe, including regional emergence of warm-type thunderstorms",severe hail; convection; thunderstorms; climate projections,ai_weather_climate_model_fidelity,391,should,no
014_NatCommun_s41467-025-62780-0_peer_review_file__u0043,014_NatCommun_s41467-025-62780-0_peer_review_file.pdf,Nature Communications,10.1038/s41467-025-62780-0,"Future changes in severe hail across Europe, including regional emergence of warm-type thunderstorms",severe hail; convection; thunderstorms; climate projections,ai_weather_climate_model_fidelity,270,should,no
014_NatCommun_s41467-025-62780-0_peer_review_file__u0045,014_NatCommun_s41467-025-62780-0_peer_review_file.pdf,Nature Communications,10.1038/s41467-025-62780-0,"Future changes in severe hail across Europe, including regional emergence of warm-type thunderstorms",severe hail; convection; thunderstorms; climate projections,detail_audit,142,should,no
014_NatCommun_s41467-025-62780-0_peer_review_file__u0047,014_NatCommun_s41467-025-62780-0_peer_review_file.pdf,Nature Communications,10.1038/s41467-025-62780-0,"Future changes in severe hail across Europe, including regional emergence of warm-type thunderstorms",severe hail; convection; thunderstorms; climate projections,detail_audit,109,should,no
014_NatCommun_s41467-025-62780-0_peer_review_file__u0052,014_NatCommun_s41467-025-62780-0_peer_review_file.pdf,Nature Communications,10.1038/s41467-025-62780-0,"Future changes in severe hail across Europe, including regional emergence of warm-type thunderstorms",severe hail; convection; thunderstorms; climate projections,detail_audit,140,should,no
014_NatCommun_s41467-025-62780-0_peer_review_file__u0054,014_NatCommun_s41467-025-62780-0_peer_review_file.pdf,Nature Communications,10.1038/s41467-025-62780-0,"Future changes in severe hail across Europe, including regional emergence of warm-type thunderstorms",severe hail; convection; thunderstorms; climate projections,detail_audit,416,should; explain,no
014_NatCommun_s41467-025-62780-0_peer_review_file__u0059,014_NatCommun_s41467-025-62780-0_peer_review_file.pdf,Nature Communications,10.1038/s41467-025-62780-0,"Future changes in severe hail across Europe, including regional emergence of warm-type thunderstorms",severe hail; convection; thunderstorms; climate projections,observational_product_reanalysis_validity,1033,however,no
014_NatCommun_s41467-025-62780-0_peer_review_file__u0068,014_NatCommun_s41467-025-62780-0_peer_review_file.pdf,Nature Communications,10.1038/s41467-025-62780-0,"Future changes in severe hail across Europe, including regional emergence of warm-type thunderstorms",severe hail; convection; thunderstorms; climate projections,atmospheric_claim_evidence_calibration,130,should,no
014_NatCommun_s41467-025-62780-0_peer_review_file__u0069,014_NatCommun_s41467-025-62780-0_peer_review_file.pdf,Nature Communications,10.1038/s41467-025-62780-0,"Future changes in severe hail across Europe, including regional emergence of warm-type thunderstorms",severe hail; convection; thunderstorms; climate projections,ai_weather_climate_model_fidelity,531,however,no
014_NatCommun_s41467-025-62780-0_peer_review_file__u0072,014_NatCommun_s41467-025-62780-0_peer_review_file.pdf,Nature Communications,10.1038/s41467-025-62780-0,"Future changes in severe hail across Europe, including regional emergence of warm-type thunderstorms",severe hail; convection; thunderstorms; climate projections,ai_weather_climate_model_fidelity,325,unclear,no
014_NatCommun_s41467-025-62780-0_peer_review_file__u0076,014_NatCommun_s41467-025-62780-0_peer_review_file.pdf,Nature Communications,10.1038/s41467-025-62780-0,"Future changes in severe hail across Europe, including regional emergence of warm-type thunderstorms",severe hail; convection; thunderstorms; climate projections,model_physics_assumption_sensitivity,148,missing,no
014_NatCommun_s41467-025-62780-0_peer_review_file__u0078,014_NatCommun_s41467-025-62780-0_peer_review_file.pdf,Nature Communications,10.1038/s41467-025-62780-0,"Future changes in severe hail across Europe, including regional emergence of warm-type thunderstorms",severe hail; convection; thunderstorms; climate projections,ai_weather_climate_model_fidelity,273,should,no
014_NatCommun_s41467-025-62780-0_peer_review_file__u0080,014_NatCommun_s41467-025-62780-0_peer_review_file.pdf,Nature Communications,10.1038/s41467-025-62780-0,"Future changes in severe hail across Europe, including regional emergence of warm-type thunderstorms",severe hail; convection; thunderstorms; climate projections,ai_weather_climate_model_fidelity,252,should,no
014_NatCommun_s41467-025-62780-0_peer_review_file__u0082,014_NatCommun_s41467-025-62780-0_peer_review_file.pdf,Nature Communications,10.1038/s41467-025-62780-0,"Future changes in severe hail across Europe, including regional emergence of warm-type thunderstorms",severe hail; convection; thunderstorms; climate projections,sampling_event_representativeness,538,major; should; lack; justify,no
014_NatCommun_s41467-025-62780-0_peer_review_file__u0083,014_NatCommun_s41467-025-62780-0_peer_review_file.pdf,Nature Communications,10.1038/s41467-025-62780-0,"Future changes in severe hail across Europe, including regional emergence of warm-type thunderstorms",severe hail; convection; thunderstorms; climate projections,sampling_event_representativeness,354,major,no
014_NatCommun_s41467-025-62780-0_peer_review_file__u0084,014_NatCommun_s41467-025-62780-0_peer_review_file.pdf,Nature Communications,10.1038/s41467-025-62780-0,"Future changes in severe hail across Europe, including regional emergence of warm-type thunderstorms",severe hail; convection; thunderstorms; climate projections,ai_weather_climate_model_fidelity,415,should,no
014_NatCommun_s41467-025-62780-0_peer_review_file__u0087,014_NatCommun_s41467-025-62780-0_peer_review_file.pdf,Nature Communications,10.1038/s41467-025-62780-0,"Future changes in severe hail across Europe, including regional emergence of warm-type thunderstorms",severe hail; convection; thunderstorms; climate projections,ai_weather_climate_model_fidelity,239,major,no
014_NatCommun_s41467-025-62780-0_peer_review_file__u0090,014_NatCommun_s41467-025-62780-0_peer_review_file.pdf,Nature Communications,10.1038/s41467-025-62780-0,"Future changes in severe hail across Europe, including regional emergence of warm-type thunderstorms",severe hail; convection; thunderstorms; climate projections,detail_audit,227,should,no
014_NatCommun_s41467-025-62780-0_peer_review_file__u0092,014_NatCommun_s41467-025-62780-0_peer_review_file.pdf,Nature Communications,10.1038/s41467-025-62780-0,"Future changes in severe hail across Europe, including regional emergence of warm-type thunderstorms",severe hail; convection; thunderstorms; climate projections,ai_weather_climate_model_fidelity,265,should,no
014_NatCommun_s41467-025-62780-0_peer_review_file__u0097,014_NatCommun_s41467-025-62780-0_peer_review_file.pdf,Nature Communications,10.1038/s41467-025-62780-0,"Future changes in severe hail across Europe, including regional emergence of warm-type thunderstorms",severe hail; convection; thunderstorms; climate projections,atmospheric_claim_evidence_calibration,326,explain,no
014_NatCommun_s41467-025-62780-0_peer_review_file__u0099,014_NatCommun_s41467-025-62780-0_peer_review_file.pdf,Nature Communications,10.1038/s41467-025-62780-0,"Future changes in severe hail across Europe, including regional emergence of warm-type thunderstorms",severe hail; convection; thunderstorms; climate projections,trend_internal_variability_signal_detection,145,need,no
014_NatCommun_s41467-025-62780-0_peer_review_file__u0104,014_NatCommun_s41467-025-62780-0_peer_review_file.pdf,Nature Communications,10.1038/s41467-025-62780-0,"Future changes in severe hail across Europe, including regional emergence of warm-type thunderstorms",severe hail; convection; thunderstorms; climate projections,model_physics_assumption_sensitivity,284,should; why,no
014_NatCommun_s41467-025-62780-0_peer_review_file__u0108,014_NatCommun_s41467-025-62780-0_peer_review_file.pdf,Nature Communications,10.1038/s41467-025-62780-0,"Future changes in severe hail across Europe, including regional emergence of warm-type thunderstorms",severe hail; convection; thunderstorms; climate projections,trend_internal_variability_signal_detection,505,unclear; need; needs,no
014_NatCommun_s41467-025-62780-0_peer_review_file__u0111,014_NatCommun_s41467-025-62780-0_peer_review_file.pdf,Nature Communications,10.1038/s41467-025-62780-0,"Future changes in severe hail across Europe, including regional emergence of warm-type thunderstorms",severe hail; convection; thunderstorms; climate projections,scale_resolution_boundary_consistency,257,should,no
014_NatCommun_s41467-025-62780-0_peer_review_file__u0123,014_NatCommun_s41467-025-62780-0_peer_review_file.pdf,Nature Communications,10.1038/s41467-025-62780-0,"Future changes in severe hail across Europe, including regional emergence of warm-type thunderstorms",severe hail; convection; thunderstorms; climate projections,ai_weather_climate_model_fidelity,307,major,no
014_NatCommun_s41467-025-62780-0_peer_review_file__u0125,014_NatCommun_s41467-025-62780-0_peer_review_file.pdf,Nature Communications,10.1038/s41467-025-62780-0,"Future changes in severe hail across Europe, including regional emergence of warm-type thunderstorms",severe hail; convection; thunderstorms; climate projections,scale_resolution_boundary_consistency,275,sensitivity,no
014_NatCommun_s41467-025-62780-0_peer_review_file__u0130,014_NatCommun_s41467-025-62780-0_peer_review_file.pdf,Nature Communications,10.1038/s41467-025-62780-0,"Future changes in severe hail across Europe, including regional emergence of warm-type thunderstorms",severe hail; convection; thunderstorms; climate projections,mechanism_causality_circulation_dynamics,529,concern,no
014_NatCommun_s41467-025-62780-0_peer_review_file__u0135,014_NatCommun_s41467-025-62780-0_peer_review_file.pdf,Nature Communications,10.1038/s41467-025-62780-0,"Future changes in severe hail across Europe, including regional emergence of warm-type thunderstorms",severe hail; convection; thunderstorms; climate projections,uncertainty_statistics_skill_metrics,641,clarify; why; limitation; would like,no
014_NatCommun_s41467-025-62780-0_peer_review_file__u0141,014_NatCommun_s41467-025-62780-0_peer_review_file.pdf,Nature Communications,10.1038/s41467-025-62780-0,"Future changes in severe hail across Europe, including regional emergence of warm-type thunderstorms",severe hail; convection; thunderstorms; climate projections,mechanism_causality_circulation_dynamics,373,need; explain,no
014_NatCommun_s41467-025-62780-0_peer_review_file__u0143,014_NatCommun_s41467-025-62780-0_peer_review_file.pdf,Nature Communications,10.1038/s41467-025-62780-0,"Future changes in severe hail across Europe, including regional emergence of warm-type thunderstorms",severe hail; convection; thunderstorms; climate projections,mechanism_causality_circulation_dynamics,1177,must,no
014_NatCommun_s41467-025-62780-0_peer_review_file__u0145,014_NatCommun_s41467-025-62780-0_peer_review_file.pdf,Nature Communications,10.1038/s41467-025-62780-0,"Future changes in severe hail across Europe, including regional emergence of warm-type thunderstorms",severe hail; convection; thunderstorms; climate projections,atmospheric_claim_evidence_calibration,485,need; missing; justify,no
014_NatCommun_s41467-025-62780-0_peer_review_file__u0147,014_NatCommun_s41467-025-62780-0_peer_review_file.pdf,Nature Communications,10.1038/s41467-025-62780-0,"Future changes in severe hail across Europe, including regional emergence of warm-type thunderstorms",severe hail; convection; thunderstorms; climate projections,ai_weather_climate_model_fidelity,200,why,no
014_NatCommun_s41467-025-62780-0_peer_review_file__u0148,014_NatCommun_s41467-025-62780-0_peer_review_file.pdf,Nature Communications,10.1038/s41467-025-62780-0,"Future changes in severe hail across Europe, including regional emergence of warm-type thunderstorms",severe hail; convection; thunderstorms; climate projections,observational_product_reanalysis_validity,629,need; needs,no
014_NatCommun_s41467-025-62780-0_peer_review_file__u0152,014_NatCommun_s41467-025-62780-0_peer_review_file.pdf,Nature Communications,10.1038/s41467-025-62780-0,"Future changes in severe hail across Europe, including regional emergence of warm-type thunderstorms",severe hail; convection; thunderstorms; climate projections,detail_audit,139,need; needs,no
014_NatCommun_s41467-025-62780-0_peer_review_file__u0153,014_NatCommun_s41467-025-62780-0_peer_review_file.pdf,Nature Communications,10.1038/s41467-025-62780-0,"Future changes in severe hail across Europe, including regional emergence of warm-type thunderstorms",severe hail; convection; thunderstorms; climate projections,ai_weather_climate_model_fidelity,353,should,no
014_NatCommun_s41467-025-62780-0_peer_review_file__u0155,014_NatCommun_s41467-025-62780-0_peer_review_file.pdf,Nature Communications,10.1038/s41467-025-62780-0,"Future changes in severe hail across Europe, including regional emergence of warm-type thunderstorms",severe hail; convection; thunderstorms; climate projections,ai_weather_climate_model_fidelity,299,should,no
014_NatCommun_s41467-025-62780-0_peer_review_file__u0156,014_NatCommun_s41467-025-62780-0_peer_review_file.pdf,Nature Communications,10.1038/s41467-025-62780-0,"Future changes in severe hail across Europe, including regional emergence of warm-type thunderstorms",severe hail; convection; thunderstorms; climate projections,ai_weather_climate_model_fidelity,270,should,no
014_NatCommun_s41467-025-62780-0_peer_review_file__u0157,014_NatCommun_s41467-025-62780-0_peer_review_file.pdf,Nature Communications,10.1038/s41467-025-62780-0,"Future changes in severe hail across Europe, including regional emergence of warm-type thunderstorms",severe hail; convection; thunderstorms; climate projections,detail_audit,142,should,no
014_NatCommun_s41467-025-62780-0_peer_review_file__u0158,014_NatCommun_s41467-025-62780-0_peer_review_file.pdf,Nature Communications,10.1038/s41467-025-62780-0,"Future changes in severe hail across Europe, including regional emergence of warm-type thunderstorms",severe hail; convection; thunderstorms; climate projections,detail_audit,109,should,no
014_NatCommun_s41467-025-62780-0_peer_review_file__u0160,014_NatCommun_s41467-025-62780-0_peer_review_file.pdf,Nature Communications,10.1038/s41467-025-62780-0,"Future changes in severe hail across Europe, including regional emergence of warm-type thunderstorms",severe hail; convection; thunderstorms; climate projections,detail_audit,140,should,no
014_NatCommun_s41467-025-62780-0_peer_review_file__u0161,014_NatCommun_s41467-025-62780-0_peer_review_file.pdf,Nature Communications,10.1038/s41467-025-62780-0,"Future changes in severe hail across Europe, including regional emergence of warm-type thunderstorms",severe hail; convection; thunderstorms; climate projections,detail_audit,416,should; explain,no
014_NatCommun_s41467-025-62780-0_peer_review_file__u0166,014_NatCommun_s41467-025-62780-0_peer_review_file.pdf,Nature Communications,10.1038/s41467-025-62780-0,"Future changes in severe hail across Europe, including regional emergence of warm-type thunderstorms",severe hail; convection; thunderstorms; climate projections,atmospheric_claim_evidence_calibration,130,should,no
014_NatCommun_s41467-025-62780-0_peer_review_file__u0167,014_NatCommun_s41467-025-62780-0_peer_review_file.pdf,Nature Communications,10.1038/s41467-025-62780-0,"Future changes in severe hail across Europe, including regional emergence of warm-type thunderstorms",severe hail; convection; thunderstorms; climate projections,ai_weather_climate_model_fidelity,325,unclear,no
014_NatCommun_s41467-025-62780-0_peer_review_file__u0169,014_NatCommun_s41467-025-62780-0_peer_review_file.pdf,Nature Communications,10.1038/s41467-025-62780-0,"Future changes in severe hail across Europe, including regional emergence of warm-type thunderstorms",severe hail; convection; thunderstorms; climate projections,ai_weather_climate_model_fidelity,273,should,no
014_NatCommun_s41467-025-62780-0_peer_review_file__u0170,014_NatCommun_s41467-025-62780-0_peer_review_file.pdf,Nature Communications,10.1038/s41467-025-62780-0,"Future changes in severe hail across Europe, including regional emergence of warm-type thunderstorms",severe hail; convection; thunderstorms; climate projections,ai_weather_climate_model_fidelity,252,should,no
014_NatCommun_s41467-025-62780-0_peer_review_file__u0171,014_NatCommun_s41467-025-62780-0_peer_review_file.pdf,Nature Communications,10.1038/s41467-025-62780-0,"Future changes in severe hail across Europe, including regional emergence of warm-type thunderstorms",severe hail; convection; thunderstorms; climate projections,sampling_event_representativeness,538,major; should; lack; justify,no
014_NatCommun_s41467-025-62780-0_peer_review_file__u0172,014_NatCommun_s41467-025-62780-0_peer_review_file.pdf,Nature Communications,10.1038/s41467-025-62780-0,"Future changes in severe hail across Europe, including regional emergence of warm-type thunderstorms",severe hail; convection; thunderstorms; climate projections,ai_weather_climate_model_fidelity,415,should,no
014_NatCommun_s41467-025-62780-0_peer_review_file__u0176,014_NatCommun_s41467-025-62780-0_peer_review_file.pdf,Nature Communications,10.1038/s41467-025-62780-0,"Future changes in severe hail across Europe, including regional emergence of warm-type thunderstorms",severe hail; convection; thunderstorms; climate projections,detail_audit,227,should,no
014_NatCommun_s41467-025-62780-0_peer_review_file__u0177,014_NatCommun_s41467-025-62780-0_peer_review_file.pdf,Nature Communications,10.1038/s41467-025-62780-0,"Future changes in severe hail across Europe, including regional emergence of warm-type thunderstorms",severe hail; convection; thunderstorms; climate projections,ai_weather_climate_model_fidelity,265,should,no
014_NatCommun_s41467-025-62780-0_peer_review_file__u0179,014_NatCommun_s41467-025-62780-0_peer_review_file.pdf,Nature Communications,10.1038/s41467-025-62780-0,"Future changes in severe hail across Europe, including regional emergence of warm-type thunderstorms",severe hail; convection; thunderstorms; climate projections,atmospheric_claim_evidence_calibration,326,explain,no
014_NatCommun_s41467-025-62780-0_peer_review_file__u0180,014_NatCommun_s41467-025-62780-0_peer_review_file.pdf,Nature Communications,10.1038/s41467-025-62780-0,"Future changes in severe hail across Europe, including regional emergence of warm-type thunderstorms",severe hail; convection; thunderstorms; climate projections,trend_internal_variability_signal_detection,145,need,no
014_NatCommun_s41467-025-62780-0_peer_review_file__u0182,014_NatCommun_s41467-025-62780-0_peer_review_file.pdf,Nature Communications,10.1038/s41467-025-62780-0,"Future changes in severe hail across Europe, including regional emergence of warm-type thunderstorms",severe hail; convection; thunderstorms; climate projections,model_physics_assumption_sensitivity,284,should; why,no
014_NatCommun_s41467-025-62780-0_peer_review_file__u0184,014_NatCommun_s41467-025-62780-0_peer_review_file.pdf,Nature Communications,10.1038/s41467-025-62780-0,"Future changes in severe hail across Europe, including regional emergence of warm-type thunderstorms",severe hail; convection; thunderstorms; climate projections,trend_internal_variability_signal_detection,505,unclear; need; needs,no
014_NatCommun_s41467-025-62780-0_peer_review_file__u0185,014_NatCommun_s41467-025-62780-0_peer_review_file.pdf,Nature Communications,10.1038/s41467-025-62780-0,"Future changes in severe hail across Europe, including regional emergence of warm-type thunderstorms",severe hail; convection; thunderstorms; climate projections,scale_resolution_boundary_consistency,257,should,no
014_NatCommun_s41467-025-62780-0_peer_review_file__u0190,014_NatCommun_s41467-025-62780-0_peer_review_file.pdf,Nature Communications,10.1038/s41467-025-62780-0,"Future changes in severe hail across Europe, including regional emergence of warm-type thunderstorms",severe hail; convection; thunderstorms; climate projections,ai_weather_climate_model_fidelity,674,concern,no
015_NatCommun_s41467-025-63999-7_peer_review_file__u0002,015_NatCommun_s41467-025-63999-7_peer_review_file.pdf,Nature Communications,10.1038/s41467-025-63999-7,Causal pathways underlying global soil moisture–precipitation coupling,land-atmosphere feedback; causality; precipitation coupling,atmospheric_claim_evidence_calibration,1052,however,no
015_NatCommun_s41467-025-63999-7_peer_review_file__u0003,015_NatCommun_s41467-025-63999-7_peer_review_file.pdf,Nature Communications,10.1038/s41467-025-63999-7,Causal pathways underlying global soil moisture–precipitation coupling,land-atmosphere feedback; causality; precipitation coupling,mechanism_causality_circulation_dynamics,1608,unclear; clarify; would like; sensitivity,no
015_NatCommun_s41467-025-63999-7_peer_review_file__u0005,015_NatCommun_s41467-025-63999-7_peer_review_file.pdf,Nature Communications,10.1038/s41467-025-63999-7,Causal pathways underlying global soil moisture–precipitation coupling,land-atmosphere feedback; causality; precipitation coupling,atmospheric_claim_evidence_calibration,623,should; need; needs,no
015_NatCommun_s41467-025-63999-7_peer_review_file__u0006,015_NatCommun_s41467-025-63999-7_peer_review_file.pdf,Nature Communications,10.1038/s41467-025-63999-7,Causal pathways underlying global soil moisture–precipitation coupling,land-atmosphere feedback; causality; precipitation coupling,trend_internal_variability_signal_detection,515,should; not clear,no
015_NatCommun_s41467-025-63999-7_peer_review_file__u0011,015_NatCommun_s41467-025-63999-7_peer_review_file.pdf,Nature Communications,10.1038/s41467-025-63999-7,Causal pathways underlying global soil moisture–precipitation coupling,land-atmosphere feedback; causality; precipitation coupling,ai_weather_climate_model_fidelity,811,overstate; why,no
015_NatCommun_s41467-025-63999-7_peer_review_file__u0013,015_NatCommun_s41467-025-63999-7_peer_review_file.pdf,Nature Communications,10.1038/s41467-025-63999-7,Causal pathways underlying global soil moisture–precipitation coupling,land-atmosphere feedback; causality; precipitation coupling,mechanism_causality_circulation_dynamics,451,however; need,no
015_NatCommun_s41467-025-63999-7_peer_review_file__u0015,015_NatCommun_s41467-025-63999-7_peer_review_file.pdf,Nature Communications,10.1038/s41467-025-63999-7,Causal pathways underlying global soil moisture–precipitation coupling,land-atmosphere feedback; causality; precipitation coupling,observational_product_reanalysis_validity,506,should,no
015_NatCommun_s41467-025-63999-7_peer_review_file__u0016,015_NatCommun_s41467-025-63999-7_peer_review_file.pdf,Nature Communications,10.1038/s41467-025-63999-7,Causal pathways underlying global soil moisture–precipitation coupling,land-atmosphere feedback; causality; precipitation coupling,atmospheric_claim_evidence_calibration,1406,should; need; overstate; clarify,no
015_NatCommun_s41467-025-63999-7_peer_review_file__u0017,015_NatCommun_s41467-025-63999-7_peer_review_file.pdf,Nature Communications,10.1038/s41467-025-63999-7,Causal pathways underlying global soil moisture–precipitation coupling,land-atmosphere feedback; causality; precipitation coupling,observational_product_reanalysis_validity,1820,however; unclear,no
015_NatCommun_s41467-025-63999-7_peer_review_file__u0018,015_NatCommun_s41467-025-63999-7_peer_review_file.pdf,Nature Communications,10.1038/s41467-025-63999-7,Causal pathways underlying global soil moisture–precipitation coupling,land-atmosphere feedback; causality; precipitation coupling,detail_audit,939,need; clarify; why; sensitivity,no
015_NatCommun_s41467-025-63999-7_peer_review_file__u0019,015_NatCommun_s41467-025-63999-7_peer_review_file.pdf,Nature Communications,10.1038/s41467-025-63999-7,Causal pathways underlying global soil moisture–precipitation coupling,land-atmosphere feedback; causality; precipitation coupling,detail_audit,741,should; explain; why,no
015_NatCommun_s41467-025-63999-7_peer_review_file__u0020,015_NatCommun_s41467-025-63999-7_peer_review_file.pdf,Nature Communications,10.1038/s41467-025-63999-7,Causal pathways underlying global soil moisture–precipitation coupling,land-atmosphere feedback; causality; precipitation coupling,detail_audit,168,need; needs,no
015_NatCommun_s41467-025-63999-7_peer_review_file__u0021,015_NatCommun_s41467-025-63999-7_peer_review_file.pdf,Nature Communications,10.1038/s41467-025-63999-7,Causal pathways underlying global soil moisture–precipitation coupling,land-atmosphere feedback; causality; precipitation coupling,uncertainty_statistics_skill_metrics,378,should,no
015_NatCommun_s41467-025-63999-7_peer_review_file__u0023,015_NatCommun_s41467-025-63999-7_peer_review_file.pdf,Nature Communications,10.1038/s41467-025-63999-7,Causal pathways underlying global soil moisture–precipitation coupling,land-atmosphere feedback; causality; precipitation coupling,mechanism_causality_circulation_dynamics,761,should; need; why,no
015_NatCommun_s41467-025-63999-7_peer_review_file__u0024,015_NatCommun_s41467-025-63999-7_peer_review_file.pdf,Nature Communications,10.1038/s41467-025-63999-7,Causal pathways underlying global soil moisture–precipitation coupling,land-atmosphere feedback; causality; precipitation coupling,observational_product_reanalysis_validity,570,however; should,no
015_NatCommun_s41467-025-63999-7_peer_review_file__u0025,015_NatCommun_s41467-025-63999-7_peer_review_file.pdf,Nature Communications,10.1038/s41467-025-63999-7,Causal pathways underlying global soil moisture–precipitation coupling,land-atmosphere feedback; causality; precipitation coupling,atmospheric_claim_evidence_calibration,1054,however; concern; need; insufficient,no
015_NatCommun_s41467-025-63999-7_peer_review_file__u0027,015_NatCommun_s41467-025-63999-7_peer_review_file.pdf,Nature Communications,10.1038/s41467-025-63999-7,Causal pathways underlying global soil moisture–precipitation coupling,land-atmosphere feedback; causality; precipitation coupling,trend_internal_variability_signal_detection,112,should,no
015_NatCommun_s41467-025-63999-7_peer_review_file__u0029,015_NatCommun_s41467-025-63999-7_peer_review_file.pdf,Nature Communications,10.1038/s41467-025-63999-7,Causal pathways underlying global soil moisture–precipitation coupling,land-atmosphere feedback; causality; precipitation coupling,atmospheric_claim_evidence_calibration,162,should,no
015_NatCommun_s41467-025-63999-7_peer_review_file__u0030,015_NatCommun_s41467-025-63999-7_peer_review_file.pdf,Nature Communications,10.1038/s41467-025-63999-7,Causal pathways underlying global soil moisture–precipitation coupling,land-atmosphere feedback; causality; precipitation coupling,sampling_event_representativeness,361,should,no
015_NatCommun_s41467-025-63999-7_peer_review_file__u0031,015_NatCommun_s41467-025-63999-7_peer_review_file.pdf,Nature Communications,10.1038/s41467-025-63999-7,Causal pathways underlying global soil moisture–precipitation coupling,land-atmosphere feedback; causality; precipitation coupling,atmospheric_claim_evidence_calibration,666,however; major; need,no
015_NatCommun_s41467-025-63999-7_peer_review_file__u0033,015_NatCommun_s41467-025-63999-7_peer_review_file.pdf,Nature Communications,10.1038/s41467-025-63999-7,Causal pathways underlying global soil moisture–precipitation coupling,land-atmosphere feedback; causality; precipitation coupling,atmospheric_claim_evidence_calibration,211,however; need,no
015_NatCommun_s41467-025-63999-7_peer_review_file__u0037,015_NatCommun_s41467-025-63999-7_peer_review_file.pdf,Nature Communications,10.1038/s41467-025-63999-7,Causal pathways underlying global soil moisture–precipitation coupling,land-atmosphere feedback; causality; precipitation coupling,atmospheric_claim_evidence_calibration,105,however; missing; why,no
015_NatCommun_s41467-025-63999-7_peer_review_file__u0038,015_NatCommun_s41467-025-63999-7_peer_review_file.pdf,Nature Communications,10.1038/s41467-025-63999-7,Causal pathways underlying global soil moisture–precipitation coupling,land-atmosphere feedback; causality; precipitation coupling,sampling_event_representativeness,383,why,no
015_NatCommun_s41467-025-63999-7_peer_review_file__u0039,015_NatCommun_s41467-025-63999-7_peer_review_file.pdf,Nature Communications,10.1038/s41467-025-63999-7,Causal pathways underlying global soil moisture–precipitation coupling,land-atmosphere feedback; causality; precipitation coupling,detail_audit,327,why,no
015_NatCommun_s41467-025-63999-7_peer_review_file__u0040,015_NatCommun_s41467-025-63999-7_peer_review_file.pdf,Nature Communications,10.1038/s41467-025-63999-7,Causal pathways underlying global soil moisture–precipitation coupling,land-atmosphere feedback; causality; precipitation coupling,uncertainty_statistics_skill_metrics,663,should,no
015_NatCommun_s41467-025-63999-7_peer_review_file__u0041,015_NatCommun_s41467-025-63999-7_peer_review_file.pdf,Nature Communications,10.1038/s41467-025-63999-7,Causal pathways underlying global soil moisture–precipitation coupling,land-atmosphere feedback; causality; precipitation coupling,detail_audit,665,however; why,no
015_NatCommun_s41467-025-63999-7_peer_review_file__u0042,015_NatCommun_s41467-025-63999-7_peer_review_file.pdf,Nature Communications,10.1038/s41467-025-63999-7,Causal pathways underlying global soil moisture–precipitation coupling,land-atmosphere feedback; causality; precipitation coupling,sampling_event_representativeness,363,justify,no
015_NatCommun_s41467-025-63999-7_peer_review_file__u0044,015_NatCommun_s41467-025-63999-7_peer_review_file.pdf,Nature Communications,10.1038/s41467-025-63999-7,Causal pathways underlying global soil moisture–precipitation coupling,land-atmosphere feedback; causality; precipitation coupling,mechanism_causality_circulation_dynamics,595,however; lack,no
015_NatCommun_s41467-025-63999-7_peer_review_file__u0046,015_NatCommun_s41467-025-63999-7_peer_review_file.pdf,Nature Communications,10.1038/s41467-025-63999-7,Causal pathways underlying global soil moisture–precipitation coupling,land-atmosphere feedback; causality; precipitation coupling,atmospheric_claim_evidence_calibration,584,major; need; needs,no
015_NatCommun_s41467-025-63999-7_peer_review_file__u0048,015_NatCommun_s41467-025-63999-7_peer_review_file.pdf,Nature Communications,10.1038/s41467-025-63999-7,Causal pathways underlying global soil moisture–precipitation coupling,land-atmosphere feedback; causality; precipitation coupling,observational_product_reanalysis_validity,201,should,no
015_NatCommun_s41467-025-63999-7_peer_review_file__u0049,015_NatCommun_s41467-025-63999-7_peer_review_file.pdf,Nature Communications,10.1038/s41467-025-63999-7,Causal pathways underlying global soil moisture–precipitation coupling,land-atmosphere feedback; causality; precipitation coupling,mechanism_causality_circulation_dynamics,1113,should,no
015_NatCommun_s41467-025-63999-7_peer_review_file__u0050,015_NatCommun_s41467-025-63999-7_peer_review_file.pdf,Nature Communications,10.1038/s41467-025-63999-7,Causal pathways underlying global soil moisture–precipitation coupling,land-atmosphere feedback; causality; precipitation coupling,scale_resolution_boundary_consistency,505,should,no
015_NatCommun_s41467-025-63999-7_peer_review_file__u0051,015_NatCommun_s41467-025-63999-7_peer_review_file.pdf,Nature Communications,10.1038/s41467-025-63999-7,Causal pathways underlying global soil moisture–precipitation coupling,land-atmosphere feedback; causality; precipitation coupling,atmospheric_claim_evidence_calibration,3114,however; concern; major; should; explain,no
015_NatCommun_s41467-025-63999-7_peer_review_file__u0053,015_NatCommun_s41467-025-63999-7_peer_review_file.pdf,Nature Communications,10.1038/s41467-025-63999-7,Causal pathways underlying global soil moisture–precipitation coupling,land-atmosphere feedback; causality; precipitation coupling,mechanism_causality_circulation_dynamics,477,however; explain,no
015_NatCommun_s41467-025-63999-7_peer_review_file__u0054,015_NatCommun_s41467-025-63999-7_peer_review_file.pdf,Nature Communications,10.1038/s41467-025-63999-7,Causal pathways underlying global soil moisture–precipitation coupling,land-atmosphere feedback; causality; precipitation coupling,mechanism_causality_circulation_dynamics,1563,explain; sensitivity,no
015_NatCommun_s41467-025-63999-7_peer_review_file__u0058,015_NatCommun_s41467-025-63999-7_peer_review_file.pdf,Nature Communications,10.1038/s41467-025-63999-7,Causal pathways underlying global soil moisture–precipitation coupling,land-atmosphere feedback; causality; precipitation coupling,model_physics_assumption_sensitivity,3533,concern; should; need; would like,no
016_NatCommun_s41467-025-58652-2_peer_review_file__u0002,016_NatCommun_s41467-025-58652-2_peer_review_file.pdf,Nature Communications,10.1038/s41467-025-58652-2,Unraveling overestimated exposure risks through hourly ozone retrievals from next-generation geostationary satellites,ozone retrieval; atmospheric remote sensing; exposure inference,observational_product_reanalysis_validity,697,however,no
016_NatCommun_s41467-025-58652-2_peer_review_file__u0004,016_NatCommun_s41467-025-58652-2_peer_review_file.pdf,Nature Communications,10.1038/s41467-025-58652-2,Unraveling overestimated exposure risks through hourly ozone retrievals from next-generation geostationary satellites,ozone retrieval; atmospheric remote sensing; exposure inference,observational_product_reanalysis_validity,692,however; need; recommend,no
016_NatCommun_s41467-025-58652-2_peer_review_file__u0005,016_NatCommun_s41467-025-58652-2_peer_review_file.pdf,Nature Communications,10.1038/s41467-025-58652-2,Unraveling overestimated exposure risks through hourly ozone retrievals from next-generation geostationary satellites,ozone retrieval; atmospheric remote sensing; exposure inference,observational_product_reanalysis_validity,634,need,no
016_NatCommun_s41467-025-58652-2_peer_review_file__u0006,016_NatCommun_s41467-025-58652-2_peer_review_file.pdf,Nature Communications,10.1038/s41467-025-58652-2,Unraveling overestimated exposure risks through hourly ozone retrievals from next-generation geostationary satellites,ozone retrieval; atmospheric remote sensing; exposure inference,sampling_event_representativeness,368,should,no
016_NatCommun_s41467-025-58652-2_peer_review_file__u0008,016_NatCommun_s41467-025-58652-2_peer_review_file.pdf,Nature Communications,10.1038/s41467-025-58652-2,Unraveling overestimated exposure risks through hourly ozone retrievals from next-generation geostationary satellites,ozone retrieval; atmospheric remote sensing; exposure inference,detail_audit,87,should; not clear,no
016_NatCommun_s41467-025-58652-2_peer_review_file__u0009,016_NatCommun_s41467-025-58652-2_peer_review_file.pdf,Nature Communications,10.1038/s41467-025-58652-2,Unraveling overestimated exposure risks through hourly ozone retrievals from next-generation geostationary satellites,ozone retrieval; atmospheric remote sensing; exposure inference,uncertainty_statistics_skill_metrics,98,should; missing; validation,no
016_NatCommun_s41467-025-58652-2_peer_review_file__u0010,016_NatCommun_s41467-025-58652-2_peer_review_file.pdf,Nature Communications,10.1038/s41467-025-58652-2,Unraveling overestimated exposure risks through hourly ozone retrievals from next-generation geostationary satellites,ozone retrieval; atmospheric remote sensing; exposure inference,chemistry_emissions_budget,180,why,no
016_NatCommun_s41467-025-58652-2_peer_review_file__u0011,016_NatCommun_s41467-025-58652-2_peer_review_file.pdf,Nature Communications,10.1038/s41467-025-58652-2,Unraveling overestimated exposure risks through hourly ozone retrievals from next-generation geostationary satellites,ozone retrieval; atmospheric remote sensing; exposure inference,sampling_event_representativeness,174,why,no
016_NatCommun_s41467-025-58652-2_peer_review_file__u0013,016_NatCommun_s41467-025-58652-2_peer_review_file.pdf,Nature Communications,10.1038/s41467-025-58652-2,Unraveling overestimated exposure risks through hourly ozone retrievals from next-generation geostationary satellites,ozone retrieval; atmospheric remote sensing; exposure inference,atmospheric_claim_evidence_calibration,232,however; validation,no
016_NatCommun_s41467-025-58652-2_peer_review_file__u0015,016_NatCommun_s41467-025-58652-2_peer_review_file.pdf,Nature Communications,10.1038/s41467-025-58652-2,Unraveling overestimated exposure risks through hourly ozone retrievals from next-generation geostationary satellites,ozone retrieval; atmospheric remote sensing; exposure inference,atmospheric_claim_evidence_calibration,101,however; need,no
016_NatCommun_s41467-025-58652-2_peer_review_file__u0017,016_NatCommun_s41467-025-58652-2_peer_review_file.pdf,Nature Communications,10.1038/s41467-025-58652-2,Unraveling overestimated exposure risks through hourly ozone retrievals from next-generation geostationary satellites,ozone retrieval; atmospheric remote sensing; exposure inference,observational_product_reanalysis_validity,688,however,no
016_NatCommun_s41467-025-58652-2_peer_review_file__u0018,016_NatCommun_s41467-025-58652-2_peer_review_file.pdf,Nature Communications,10.1038/s41467-025-58652-2,Unraveling overestimated exposure risks through hourly ozone retrievals from next-generation geostationary satellites,ozone retrieval; atmospheric remote sensing; exposure inference,model_physics_assumption_sensitivity,493,however; concern,no
016_NatCommun_s41467-025-58652-2_peer_review_file__u0020,016_NatCommun_s41467-025-58652-2_peer_review_file.pdf,Nature Communications,10.1038/s41467-025-58652-2,Unraveling overestimated exposure risks through hourly ozone retrievals from next-generation geostationary satellites,ozone retrieval; atmospheric remote sensing; exposure inference,chemistry_emissions_budget,174,should; need,no
016_NatCommun_s41467-025-58652-2_peer_review_file__u0024,016_NatCommun_s41467-025-58652-2_peer_review_file.pdf,Nature Communications,10.1038/s41467-025-58652-2,Unraveling overestimated exposure risks through hourly ozone retrievals from next-generation geostationary satellites,ozone retrieval; atmospheric remote sensing; exposure inference,observational_product_reanalysis_validity,207,major,no
016_NatCommun_s41467-025-58652-2_peer_review_file__u0025,016_NatCommun_s41467-025-58652-2_peer_review_file.pdf,Nature Communications,10.1038/s41467-025-58652-2,Unraveling overestimated exposure risks through hourly ozone retrievals from next-generation geostationary satellites,ozone retrieval; atmospheric remote sensing; exposure inference,observational_product_reanalysis_validity,420,insufficient; why,no
016_NatCommun_s41467-025-58652-2_peer_review_file__u0027,016_NatCommun_s41467-025-58652-2_peer_review_file.pdf,Nature Communications,10.1038/s41467-025-58652-2,Unraveling overestimated exposure risks through hourly ozone retrievals from next-generation geostationary satellites,ozone retrieval; atmospheric remote sensing; exposure inference,sampling_event_representativeness,398,lack; why,no
016_NatCommun_s41467-025-58652-2_peer_review_file__u0028,016_NatCommun_s41467-025-58652-2_peer_review_file.pdf,Nature Communications,10.1038/s41467-025-58652-2,Unraveling overestimated exposure risks through hourly ozone retrievals from next-generation geostationary satellites,ozone retrieval; atmospheric remote sensing; exposure inference,ai_weather_climate_model_fidelity,392,concern; lack; validation,no
016_NatCommun_s41467-025-58652-2_peer_review_file__u0029,016_NatCommun_s41467-025-58652-2_peer_review_file.pdf,Nature Communications,10.1038/s41467-025-58652-2,Unraveling overestimated exposure risks through hourly ozone retrievals from next-generation geostationary satellites,ozone retrieval; atmospheric remote sensing; exposure inference,atmospheric_claim_evidence_calibration,289,however; explain,no
016_NatCommun_s41467-025-58652-2_peer_review_file__u0030,016_NatCommun_s41467-025-58652-2_peer_review_file.pdf,Nature Communications,10.1038/s41467-025-58652-2,Unraveling overestimated exposure risks through hourly ozone retrievals from next-generation geostationary satellites,ozone retrieval; atmospheric remote sensing; exposure inference,atmospheric_claim_evidence_calibration,206,should,no
016_NatCommun_s41467-025-58652-2_peer_review_file__u0031,016_NatCommun_s41467-025-58652-2_peer_review_file.pdf,Nature Communications,10.1038/s41467-025-58652-2,Unraveling overestimated exposure risks through hourly ozone retrievals from next-generation geostationary satellites,ozone retrieval; atmospheric remote sensing; exposure inference,observational_product_reanalysis_validity,691,should; lack; limitation; recommend,no
016_NatCommun_s41467-025-58652-2_peer_review_file__u0033,016_NatCommun_s41467-025-58652-2_peer_review_file.pdf,Nature Communications,10.1038/s41467-025-58652-2,Unraveling overestimated exposure risks through hourly ozone retrievals from next-generation geostationary satellites,ozone retrieval; atmospheric remote sensing; exposure inference,observational_product_reanalysis_validity,377,however; need,no
016_NatCommun_s41467-025-58652-2_peer_review_file__u0034,016_NatCommun_s41467-025-58652-2_peer_review_file.pdf,Nature Communications,10.1038/s41467-025-58652-2,Unraveling overestimated exposure risks through hourly ozone retrievals from next-generation geostationary satellites,ozone retrieval; atmospheric remote sensing; exposure inference,observational_product_reanalysis_validity,367,need,no
016_NatCommun_s41467-025-58652-2_peer_review_file__u0035,016_NatCommun_s41467-025-58652-2_peer_review_file.pdf,Nature Communications,10.1038/s41467-025-58652-2,Unraveling overestimated exposure risks through hourly ozone retrievals from next-generation geostationary satellites,ozone retrieval; atmospheric remote sensing; exposure inference,reproducibility_data_code,123,recommend,no
016_NatCommun_s41467-025-58652-2_peer_review_file__u0036,016_NatCommun_s41467-025-58652-2_peer_review_file.pdf,Nature Communications,10.1038/s41467-025-58652-2,Unraveling overestimated exposure risks through hourly ozone retrievals from next-generation geostationary satellites,ozone retrieval; atmospheric remote sensing; exposure inference,ai_weather_climate_model_fidelity,213,however,no
016_NatCommun_s41467-025-58652-2_peer_review_file__u0037,016_NatCommun_s41467-025-58652-2_peer_review_file.pdf,Nature Communications,10.1038/s41467-025-58652-2,Unraveling overestimated exposure risks through hourly ozone retrievals from next-generation geostationary satellites,ozone retrieval; atmospheric remote sensing; exposure inference,reproducibility_data_code,665,concern; justify; recommend,no
016_NatCommun_s41467-025-58652-2_peer_review_file__u0039,016_NatCommun_s41467-025-58652-2_peer_review_file.pdf,Nature Communications,10.1038/s41467-025-58652-2,Unraveling overestimated exposure risks through hourly ozone retrievals from next-generation geostationary satellites,ozone retrieval; atmospheric remote sensing; exposure inference,observational_product_reanalysis_validity,1369,clarify; recommend; validation,no
016_NatCommun_s41467-025-58652-2_peer_review_file__u0040,016_NatCommun_s41467-025-58652-2_peer_review_file.pdf,Nature Communications,10.1038/s41467-025-58652-2,Unraveling overestimated exposure risks through hourly ozone retrievals from next-generation geostationary satellites,ozone retrieval; atmospheric remote sensing; exposure inference,observational_product_reanalysis_validity,1641,should; need; lack,no
017_NatCommun_s41467-026-70210-y_peer_review_file__u0002,017_NatCommun_s41467-026-70210-y_peer_review_file.pdf,Nature Communications,10.1038/s41467-026-70210-y,Contrary effects of soil moisture-atmosphere feedback on dry and humid heatwaves,heatwaves; soil moisture feedback; land-atmosphere coupling,observational_product_reanalysis_validity,818,however; concern; major; need,no
017_NatCommun_s41467-026-70210-y_peer_review_file__u0003,017_NatCommun_s41467-026-70210-y_peer_review_file.pdf,Nature Communications,10.1038/s41467-026-70210-y,Contrary effects of soil moisture-atmosphere feedback on dry and humid heatwaves,heatwaves; soil moisture feedback; land-atmosphere coupling,model_physics_assumption_sensitivity,241,sensitivity,no
017_NatCommun_s41467-026-70210-y_peer_review_file__u0004,017_NatCommun_s41467-026-70210-y_peer_review_file.pdf,Nature Communications,10.1038/s41467-026-70210-y,Contrary effects of soil moisture-atmosphere feedback on dry and humid heatwaves,heatwaves; soil moisture feedback; land-atmosphere coupling,uncertainty_statistics_skill_metrics,278,however,no
017_NatCommun_s41467-026-70210-y_peer_review_file__u0005,017_NatCommun_s41467-026-70210-y_peer_review_file.pdf,Nature Communications,10.1038/s41467-026-70210-y,Contrary effects of soil moisture-atmosphere feedback on dry and humid heatwaves,heatwaves; soil moisture feedback; land-atmosphere coupling,mechanism_causality_circulation_dynamics,989,however; unclear; should; need; explain,no
017_NatCommun_s41467-026-70210-y_peer_review_file__u0006,017_NatCommun_s41467-026-70210-y_peer_review_file.pdf,Nature Communications,10.1038/s41467-026-70210-y,Contrary effects of soil moisture-atmosphere feedback on dry and humid heatwaves,heatwaves; soil moisture feedback; land-atmosphere coupling,scale_resolution_boundary_consistency,348,why,no
017_NatCommun_s41467-026-70210-y_peer_review_file__u0007,017_NatCommun_s41467-026-70210-y_peer_review_file.pdf,Nature Communications,10.1038/s41467-026-70210-y,Contrary effects of soil moisture-atmosphere feedback on dry and humid heatwaves,heatwaves; soil moisture feedback; land-atmosphere coupling,mechanism_causality_circulation_dynamics,348,however,no
017_NatCommun_s41467-026-70210-y_peer_review_file__u0008,017_NatCommun_s41467-026-70210-y_peer_review_file.pdf,Nature Communications,10.1038/s41467-026-70210-y,Contrary effects of soil moisture-atmosphere feedback on dry and humid heatwaves,heatwaves; soil moisture feedback; land-atmosphere coupling,atmospheric_claim_evidence_calibration,486,however; not clear; recommend,no
017_NatCommun_s41467-026-70210-y_peer_review_file__u0009,017_NatCommun_s41467-026-70210-y_peer_review_file.pdf,Nature Communications,10.1038/s41467-026-70210-y,Contrary effects of soil moisture-atmosphere feedback on dry and humid heatwaves,heatwaves; soil moisture feedback; land-atmosphere coupling,detail_audit,351,however,no
017_NatCommun_s41467-026-70210-y_peer_review_file__u0010,017_NatCommun_s41467-026-70210-y_peer_review_file.pdf,Nature Communications,10.1038/s41467-026-70210-y,Contrary effects of soil moisture-atmosphere feedback on dry and humid heatwaves,heatwaves; soil moisture feedback; land-atmosphere coupling,mechanism_causality_circulation_dynamics,365,however; should,no
017_NatCommun_s41467-026-70210-y_peer_review_file__u0011,017_NatCommun_s41467-026-70210-y_peer_review_file.pdf,Nature Communications,10.1038/s41467-026-70210-y,Contrary effects of soil moisture-atmosphere feedback on dry and humid heatwaves,heatwaves; soil moisture feedback; land-atmosphere coupling,model_physics_assumption_sensitivity,1357,however; need; explain,no
017_NatCommun_s41467-026-70210-y_peer_review_file__u0012,017_NatCommun_s41467-026-70210-y_peer_review_file.pdf,Nature Communications,10.1038/s41467-026-70210-y,Contrary effects of soil moisture-atmosphere feedback on dry and humid heatwaves,heatwaves; soil moisture feedback; land-atmosphere coupling,trend_internal_variability_signal_detection,1399,however; explain,no
017_NatCommun_s41467-026-70210-y_peer_review_file__u0013,017_NatCommun_s41467-026-70210-y_peer_review_file.pdf,Nature Communications,10.1038/s41467-026-70210-y,Contrary effects of soil moisture-atmosphere feedback on dry and humid heatwaves,heatwaves; soil moisture feedback; land-atmosphere coupling,model_physics_assumption_sensitivity,475,should,no
017_NatCommun_s41467-026-70210-y_peer_review_file__u0014,017_NatCommun_s41467-026-70210-y_peer_review_file.pdf,Nature Communications,10.1038/s41467-026-70210-y,Contrary effects of soil moisture-atmosphere feedback on dry and humid heatwaves,heatwaves; soil moisture feedback; land-atmosphere coupling,model_physics_assumption_sensitivity,111,should,no
017_NatCommun_s41467-026-70210-y_peer_review_file__u0015,017_NatCommun_s41467-026-70210-y_peer_review_file.pdf,Nature Communications,10.1038/s41467-026-70210-y,Contrary effects of soil moisture-atmosphere feedback on dry and humid heatwaves,heatwaves; soil moisture feedback; land-atmosphere coupling,trend_internal_variability_signal_detection,1020,however; concern; explain; clarify,no
017_NatCommun_s41467-026-70210-y_peer_review_file__u0016,017_NatCommun_s41467-026-70210-y_peer_review_file.pdf,Nature Communications,10.1038/s41467-026-70210-y,Contrary effects of soil moisture-atmosphere feedback on dry and humid heatwaves,heatwaves; soil moisture feedback; land-atmosphere coupling,ai_weather_climate_model_fidelity,551,should,no
017_NatCommun_s41467-026-70210-y_peer_review_file__u0017,017_NatCommun_s41467-026-70210-y_peer_review_file.pdf,Nature Communications,10.1038/s41467-026-70210-y,Contrary effects of soil moisture-atmosphere feedback on dry and humid heatwaves,heatwaves; soil moisture feedback; land-atmosphere coupling,detail_audit,422,unclear; recommend,no
017_NatCommun_s41467-026-70210-y_peer_review_file__u0018,017_NatCommun_s41467-026-70210-y_peer_review_file.pdf,Nature Communications,10.1038/s41467-026-70210-y,Contrary effects of soil moisture-atmosphere feedback on dry and humid heatwaves,heatwaves; soil moisture feedback; land-atmosphere coupling,trend_internal_variability_signal_detection,137,not clear,no
017_NatCommun_s41467-026-70210-y_peer_review_file__u0019,017_NatCommun_s41467-026-70210-y_peer_review_file.pdf,Nature Communications,10.1038/s41467-026-70210-y,Contrary effects of soil moisture-atmosphere feedback on dry and humid heatwaves,heatwaves; soil moisture feedback; land-atmosphere coupling,detail_audit,390,not clear,no
017_NatCommun_s41467-026-70210-y_peer_review_file__u0023,017_NatCommun_s41467-026-70210-y_peer_review_file.pdf,Nature Communications,10.1038/s41467-026-70210-y,Contrary effects of soil moisture-atmosphere feedback on dry and humid heatwaves,heatwaves; soil moisture feedback; land-atmosphere coupling,atmospheric_claim_evidence_calibration,163,concern,no
017_NatCommun_s41467-026-70210-y_peer_review_file__u0024,017_NatCommun_s41467-026-70210-y_peer_review_file.pdf,Nature Communications,10.1038/s41467-026-70210-y,Contrary effects of soil moisture-atmosphere feedback on dry and humid heatwaves,heatwaves; soil moisture feedback; land-atmosphere coupling,atmospheric_claim_evidence_calibration,130,concern,no
017_NatCommun_s41467-026-70210-y_peer_review_file__u0025,017_NatCommun_s41467-026-70210-y_peer_review_file.pdf,Nature Communications,10.1038/s41467-026-70210-y,Contrary effects of soil moisture-atmosphere feedback on dry and humid heatwaves,heatwaves; soil moisture feedback; land-atmosphere coupling,ai_weather_climate_model_fidelity,531,would like,no
017_NatCommun_s41467-026-70210-y_peer_review_file__u0027,017_NatCommun_s41467-026-70210-y_peer_review_file.pdf,Nature Communications,10.1038/s41467-026-70210-y,Contrary effects of soil moisture-atmosphere feedback on dry and humid heatwaves,heatwaves; soil moisture feedback; land-atmosphere coupling,mechanism_causality_circulation_dynamics,411,should; why,no
017_NatCommun_s41467-026-70210-y_peer_review_file__u0028,017_NatCommun_s41467-026-70210-y_peer_review_file.pdf,Nature Communications,10.1038/s41467-026-70210-y,Contrary effects of soil moisture-atmosphere feedback on dry and humid heatwaves,heatwaves; soil moisture feedback; land-atmosphere coupling,trend_internal_variability_signal_detection,912,need; limitation; would like,no
017_NatCommun_s41467-026-70210-y_peer_review_file__u0030,017_NatCommun_s41467-026-70210-y_peer_review_file.pdf,Nature Communications,10.1038/s41467-026-70210-y,Contrary effects of soil moisture-atmosphere feedback on dry and humid heatwaves,heatwaves; soil moisture feedback; land-atmosphere coupling,scale_resolution_boundary_consistency,157,clarify,no
017_NatCommun_s41467-026-70210-y_peer_review_file__u0033,017_NatCommun_s41467-026-70210-y_peer_review_file.pdf,Nature Communications,10.1038/s41467-026-70210-y,Contrary effects of soil moisture-atmosphere feedback on dry and humid heatwaves,heatwaves; soil moisture feedback; land-atmosphere coupling,scale_resolution_boundary_consistency,1392,need; needs; lack,no
017_NatCommun_s41467-026-70210-y_peer_review_file__u0039,017_NatCommun_s41467-026-70210-y_peer_review_file.pdf,Nature Communications,10.1038/s41467-026-70210-y,Contrary effects of soil moisture-atmosphere feedback on dry and humid heatwaves,heatwaves; soil moisture feedback; land-atmosphere coupling,observational_product_reanalysis_validity,1125,should; need,no
017_NatCommun_s41467-026-70210-y_peer_review_file__u0040,017_NatCommun_s41467-026-70210-y_peer_review_file.pdf,Nature Communications,10.1038/s41467-026-70210-y,Contrary effects of soil moisture-atmosphere feedback on dry and humid heatwaves,heatwaves; soil moisture feedback; land-atmosphere coupling,observational_product_reanalysis_validity,1066,however; concern; major; need,no
017_NatCommun_s41467-026-70210-y_peer_review_file__u0041,017_NatCommun_s41467-026-70210-y_peer_review_file.pdf,Nature Communications,10.1038/s41467-026-70210-y,Contrary effects of soil moisture-atmosphere feedback on dry and humid heatwaves,heatwaves; soil moisture feedback; land-atmosphere coupling,model_physics_assumption_sensitivity,1082,however; sensitivity,no
017_NatCommun_s41467-026-70210-y_peer_review_file__u0046,017_NatCommun_s41467-026-70210-y_peer_review_file.pdf,Nature Communications,10.1038/s41467-026-70210-y,Contrary effects of soil moisture-atmosphere feedback on dry and humid heatwaves,heatwaves; soil moisture feedback; land-atmosphere coupling,reproducibility_data_code,314,sensitivity,no
017_NatCommun_s41467-026-70210-y_peer_review_file__u0050,017_NatCommun_s41467-026-70210-y_peer_review_file.pdf,Nature Communications,10.1038/s41467-026-70210-y,Contrary effects of soil moisture-atmosphere feedback on dry and humid heatwaves,heatwaves; soil moisture feedback; land-atmosphere coupling,mechanism_causality_circulation_dynamics,470,however; unclear; explain,no
017_NatCommun_s41467-026-70210-y_peer_review_file__u0051,017_NatCommun_s41467-026-70210-y_peer_review_file.pdf,Nature Communications,10.1038/s41467-026-70210-y,Contrary effects of soil moisture-atmosphere feedback on dry and humid heatwaves,heatwaves; soil moisture feedback; land-atmosphere coupling,mechanism_causality_circulation_dynamics,1493,however; should; need,no
017_NatCommun_s41467-026-70210-y_peer_review_file__u0052,017_NatCommun_s41467-026-70210-y_peer_review_file.pdf,Nature Communications,10.1038/s41467-026-70210-y,Contrary effects of soil moisture-atmosphere feedback on dry and humid heatwaves,heatwaves; soil moisture feedback; land-atmosphere coupling,mechanism_causality_circulation_dynamics,959,explain,no
017_NatCommun_s41467-026-70210-y_peer_review_file__u0066,017_NatCommun_s41467-026-70210-y_peer_review_file.pdf,Nature Communications,10.1038/s41467-026-70210-y,Contrary effects of soil moisture-atmosphere feedback on dry and humid heatwaves,heatwaves; soil moisture feedback; land-atmosphere coupling,aerosol_cloud_radiation_microphysics,1494,explain; why,no
017_NatCommun_s41467-026-70210-y_peer_review_file__u0067,017_NatCommun_s41467-026-70210-y_peer_review_file.pdf,Nature Communications,10.1038/s41467-026-70210-y,Contrary effects of soil moisture-atmosphere feedback on dry and humid heatwaves,heatwaves; soil moisture feedback; land-atmosphere coupling,model_physics_assumption_sensitivity,1151,however; should; why,no
017_NatCommun_s41467-026-70210-y_peer_review_file__u0069,017_NatCommun_s41467-026-70210-y_peer_review_file.pdf,Nature Communications,10.1038/s41467-026-70210-y,Contrary effects of soil moisture-atmosphere feedback on dry and humid heatwaves,heatwaves; soil moisture feedback; land-atmosphere coupling,model_physics_assumption_sensitivity,757,sensitivity,no
017_NatCommun_s41467-026-70210-y_peer_review_file__u0071,017_NatCommun_s41467-026-70210-y_peer_review_file.pdf,Nature Communications,10.1038/s41467-026-70210-y,Contrary effects of soil moisture-atmosphere feedback on dry and humid heatwaves,heatwaves; soil moisture feedback; land-atmosphere coupling,mechanism_causality_circulation_dynamics,596,however,no
017_NatCommun_s41467-026-70210-y_peer_review_file__u0072,017_NatCommun_s41467-026-70210-y_peer_review_file.pdf,Nature Communications,10.1038/s41467-026-70210-y,Contrary effects of soil moisture-atmosphere feedback on dry and humid heatwaves,heatwaves; soil moisture feedback; land-atmosphere coupling,scale_resolution_boundary_consistency,1492,however; not clear; recommend,no
017_NatCommun_s41467-026-70210-y_peer_review_file__u0085,017_NatCommun_s41467-026-70210-y_peer_review_file.pdf,Nature Communications,10.1038/s41467-026-70210-y,Contrary effects of soil moisture-atmosphere feedback on dry and humid heatwaves,heatwaves; soil moisture feedback; land-atmosphere coupling,detail_audit,970,however,no
017_NatCommun_s41467-026-70210-y_peer_review_file__u0087,017_NatCommun_s41467-026-70210-y_peer_review_file.pdf,Nature Communications,10.1038/s41467-026-70210-y,Contrary effects of soil moisture-atmosphere feedback on dry and humid heatwaves,heatwaves; soil moisture feedback; land-atmosphere coupling,mechanism_causality_circulation_dynamics,540,however; should,no
017_NatCommun_s41467-026-70210-y_peer_review_file__u0090,017_NatCommun_s41467-026-70210-y_peer_review_file.pdf,Nature Communications,10.1038/s41467-026-70210-y,Contrary effects of soil moisture-atmosphere feedback on dry and humid heatwaves,heatwaves; soil moisture feedback; land-atmosphere coupling,scale_resolution_boundary_consistency,205,however,no
017_NatCommun_s41467-026-70210-y_peer_review_file__u0091,017_NatCommun_s41467-026-70210-y_peer_review_file.pdf,Nature Communications,10.1038/s41467-026-70210-y,Contrary effects of soil moisture-atmosphere feedback on dry and humid heatwaves,heatwaves; soil moisture feedback; land-atmosphere coupling,trend_internal_variability_signal_detection,1104,however; sensitivity,no
017_NatCommun_s41467-026-70210-y_peer_review_file__u0092,017_NatCommun_s41467-026-70210-y_peer_review_file.pdf,Nature Communications,10.1038/s41467-026-70210-y,Contrary effects of soil moisture-atmosphere feedback on dry and humid heatwaves,heatwaves; soil moisture feedback; land-atmosphere coupling,mechanism_causality_circulation_dynamics,959,explain,no
017_NatCommun_s41467-026-70210-y_peer_review_file__u0106,017_NatCommun_s41467-026-70210-y_peer_review_file.pdf,Nature Communications,10.1038/s41467-026-70210-y,Contrary effects of soil moisture-atmosphere feedback on dry and humid heatwaves,heatwaves; soil moisture feedback; land-atmosphere coupling,model_physics_assumption_sensitivity,1605,however; need; explain,no
017_NatCommun_s41467-026-70210-y_peer_review_file__u0107,017_NatCommun_s41467-026-70210-y_peer_review_file.pdf,Nature Communications,10.1038/s41467-026-70210-y,Contrary effects of soil moisture-atmosphere feedback on dry and humid heatwaves,heatwaves; soil moisture feedback; land-atmosphere coupling,trend_internal_variability_signal_detection,2740,however; explain; clarify; would like,no
017_NatCommun_s41467-026-70210-y_peer_review_file__u0108,017_NatCommun_s41467-026-70210-y_peer_review_file.pdf,Nature Communications,10.1038/s41467-026-70210-y,Contrary effects of soil moisture-atmosphere feedback on dry and humid heatwaves,heatwaves; soil moisture feedback; land-atmosphere coupling,scale_resolution_boundary_consistency,103,however,no
017_NatCommun_s41467-026-70210-y_peer_review_file__u0109,017_NatCommun_s41467-026-70210-y_peer_review_file.pdf,Nature Communications,10.1038/s41467-026-70210-y,Contrary effects of soil moisture-atmosphere feedback on dry and humid heatwaves,heatwaves; soil moisture feedback; land-atmosphere coupling,scale_resolution_boundary_consistency,764,however,no
017_NatCommun_s41467-026-70210-y_peer_review_file__u0125,017_NatCommun_s41467-026-70210-y_peer_review_file.pdf,Nature Communications,10.1038/s41467-026-70210-y,Contrary effects of soil moisture-atmosphere feedback on dry and humid heatwaves,heatwaves; soil moisture feedback; land-atmosphere coupling,model_physics_assumption_sensitivity,644,should,no
017_NatCommun_s41467-026-70210-y_peer_review_file__u0143,017_NatCommun_s41467-026-70210-y_peer_review_file.pdf,Nature Communications,10.1038/s41467-026-70210-y,Contrary effects of soil moisture-atmosphere feedback on dry and humid heatwaves,heatwaves; soil moisture feedback; land-atmosphere coupling,scale_resolution_boundary_consistency,1191,however; should,no
017_NatCommun_s41467-026-70210-y_peer_review_file__u0151,017_NatCommun_s41467-026-70210-y_peer_review_file.pdf,Nature Communications,10.1038/s41467-026-70210-y,Contrary effects of soil moisture-atmosphere feedback on dry and humid heatwaves,heatwaves; soil moisture feedback; land-atmosphere coupling,extreme_event_attribution_counterfactual,415,should,no
017_NatCommun_s41467-026-70210-y_peer_review_file__u0153,017_NatCommun_s41467-026-70210-y_peer_review_file.pdf,Nature Communications,10.1038/s41467-026-70210-y,Contrary effects of soil moisture-atmosphere feedback on dry and humid heatwaves,heatwaves; soil moisture feedback; land-atmosphere coupling,detail_audit,1807,however; concern; explain; clarify,no
017_NatCommun_s41467-026-70210-y_peer_review_file__u0169,017_NatCommun_s41467-026-70210-y_peer_review_file.pdf,Nature Communications,10.1038/s41467-026-70210-y,Contrary effects of soil moisture-atmosphere feedback on dry and humid heatwaves,heatwaves; soil moisture feedback; land-atmosphere coupling,extreme_event_attribution_counterfactual,799,explain,no
017_NatCommun_s41467-026-70210-y_peer_review_file__u0175,017_NatCommun_s41467-026-70210-y_peer_review_file.pdf,Nature Communications,10.1038/s41467-026-70210-y,Contrary effects of soil moisture-atmosphere feedback on dry and humid heatwaves,heatwaves; soil moisture feedback; land-atmosphere coupling,mechanism_causality_circulation_dynamics,2808,should; explain; why,no
017_NatCommun_s41467-026-70210-y_peer_review_file__u0177,017_NatCommun_s41467-026-70210-y_peer_review_file.pdf,Nature Communications,10.1038/s41467-026-70210-y,Contrary effects of soil moisture-atmosphere feedback on dry and humid heatwaves,heatwaves; soil moisture feedback; land-atmosphere coupling,sampling_event_representativeness,1382,unclear; recommend,no
017_NatCommun_s41467-026-70210-y_peer_review_file__u0184,017_NatCommun_s41467-026-70210-y_peer_review_file.pdf,Nature Communications,10.1038/s41467-026-70210-y,Contrary effects of soil moisture-atmosphere feedback on dry and humid heatwaves,heatwaves; soil moisture feedback; land-atmosphere coupling,model_physics_assumption_sensitivity,836,not clear,no
017_NatCommun_s41467-026-70210-y_peer_review_file__u0185,017_NatCommun_s41467-026-70210-y_peer_review_file.pdf,Nature Communications,10.1038/s41467-026-70210-y,Contrary effects of soil moisture-atmosphere feedback on dry and humid heatwaves,heatwaves; soil moisture feedback; land-atmosphere coupling,detail_audit,1120,not clear,no
017_NatCommun_s41467-026-70210-y_peer_review_file__u0198,017_NatCommun_s41467-026-70210-y_peer_review_file.pdf,Nature Communications,10.1038/s41467-026-70210-y,Contrary effects of soil moisture-atmosphere feedback on dry and humid heatwaves,heatwaves; soil moisture feedback; land-atmosphere coupling,ai_weather_climate_model_fidelity,858,would like,no
017_NatCommun_s41467-026-70210-y_peer_review_file__u0200,017_NatCommun_s41467-026-70210-y_peer_review_file.pdf,Nature Communications,10.1038/s41467-026-70210-y,Contrary effects of soil moisture-atmosphere feedback on dry and humid heatwaves,heatwaves; soil moisture feedback; land-atmosphere coupling,extreme_event_attribution_counterfactual,2215,should; explain; why,no
017_NatCommun_s41467-026-70210-y_peer_review_file__u0204,017_NatCommun_s41467-026-70210-y_peer_review_file.pdf,Nature Communications,10.1038/s41467-026-70210-y,Contrary effects of soil moisture-atmosphere feedback on dry and humid heatwaves,heatwaves; soil moisture feedback; land-atmosphere coupling,mechanism_causality_circulation_dynamics,794,however; explain; why,no
017_NatCommun_s41467-026-70210-y_peer_review_file__u0211,017_NatCommun_s41467-026-70210-y_peer_review_file.pdf,Nature Communications,10.1038/s41467-026-70210-y,Contrary effects of soil moisture-atmosphere feedback on dry and humid heatwaves,heatwaves; soil moisture feedback; land-atmosphere coupling,trend_internal_variability_signal_detection,2833,need; limitation; would like; sensitivity,no
017_NatCommun_s41467-026-70210-y_peer_review_file__u0216,017_NatCommun_s41467-026-70210-y_peer_review_file.pdf,Nature Communications,10.1038/s41467-026-70210-y,Contrary effects of soil moisture-atmosphere feedback on dry and humid heatwaves,heatwaves; soil moisture feedback; land-atmosphere coupling,atmospheric_claim_evidence_calibration,909,must; clarify,no
017_NatCommun_s41467-026-70210-y_peer_review_file__u0226,017_NatCommun_s41467-026-70210-y_peer_review_file.pdf,Nature Communications,10.1038/s41467-026-70210-y,Contrary effects of soil moisture-atmosphere feedback on dry and humid heatwaves,heatwaves; soil moisture feedback; land-atmosphere coupling,detail_audit,1776,explain; clarify,no
017_NatCommun_s41467-026-70210-y_peer_review_file__u0228,017_NatCommun_s41467-026-70210-y_peer_review_file.pdf,Nature Communications,10.1038/s41467-026-70210-y,Contrary effects of soil moisture-atmosphere feedback on dry and humid heatwaves,heatwaves; soil moisture feedback; land-atmosphere coupling,atmospheric_claim_evidence_calibration,1846,however; should,no
017_NatCommun_s41467-026-70210-y_peer_review_file__u0229,017_NatCommun_s41467-026-70210-y_peer_review_file.pdf,Nature Communications,10.1038/s41467-026-70210-y,Contrary effects of soil moisture-atmosphere feedback on dry and humid heatwaves,heatwaves; soil moisture feedback; land-atmosphere coupling,model_physics_assumption_sensitivity,4515,however; should; need; needs; lack,no
018_NatCommun_s41467-026-69487-w_peer_review_file__u0004,018_NatCommun_s41467-026-69487-w_peer_review_file.pdf,Nature Communications,10.1038/s41467-026-69487-w,Snow or rain? hybrid AI deciphers surface precipitation phase from satellite observations,precipitation phase; hybrid AI; satellite retrieval,ai_weather_climate_model_fidelity,448,however; major; need; recommend,no
018_NatCommun_s41467-026-69487-w_peer_review_file__u0006,018_NatCommun_s41467-026-69487-w_peer_review_file.pdf,Nature Communications,10.1038/s41467-026-69487-w,Snow or rain? hybrid AI deciphers surface precipitation phase from satellite observations,precipitation phase; hybrid AI; satellite retrieval,ai_weather_climate_model_fidelity,296,not clear; clarify; why,no
018_NatCommun_s41467-026-69487-w_peer_review_file__u0008,018_NatCommun_s41467-026-69487-w_peer_review_file.pdf,Nature Communications,10.1038/s41467-026-69487-w,Snow or rain? hybrid AI deciphers surface precipitation phase from satellite observations,precipitation phase; hybrid AI; satellite retrieval,detail_audit,129,clarify,no
018_NatCommun_s41467-026-69487-w_peer_review_file__u0012,018_NatCommun_s41467-026-69487-w_peer_review_file.pdf,Nature Communications,10.1038/s41467-026-69487-w,Snow or rain? hybrid AI deciphers surface precipitation phase from satellite observations,precipitation phase; hybrid AI; satellite retrieval,ai_weather_climate_model_fidelity,134,should,no
018_NatCommun_s41467-026-69487-w_peer_review_file__u0014,018_NatCommun_s41467-026-69487-w_peer_review_file.pdf,Nature Communications,10.1038/s41467-026-69487-w,Snow or rain? hybrid AI deciphers surface precipitation phase from satellite observations,precipitation phase; hybrid AI; satellite retrieval,atmospheric_claim_evidence_calibration,499,should,no
018_NatCommun_s41467-026-69487-w_peer_review_file__u0015,018_NatCommun_s41467-026-69487-w_peer_review_file.pdf,Nature Communications,10.1038/s41467-026-69487-w,Snow or rain? hybrid AI deciphers surface precipitation phase from satellite observations,precipitation phase; hybrid AI; satellite retrieval,ai_weather_climate_model_fidelity,231,validation,no
018_NatCommun_s41467-026-69487-w_peer_review_file__u0017,018_NatCommun_s41467-026-69487-w_peer_review_file.pdf,Nature Communications,10.1038/s41467-026-69487-w,Snow or rain? hybrid AI deciphers surface precipitation phase from satellite observations,precipitation phase; hybrid AI; satellite retrieval,sampling_event_representativeness,123,validation,no
018_NatCommun_s41467-026-69487-w_peer_review_file__u0019,018_NatCommun_s41467-026-69487-w_peer_review_file.pdf,Nature Communications,10.1038/s41467-026-69487-w,Snow or rain? hybrid AI deciphers surface precipitation phase from satellite observations,precipitation phase; hybrid AI; satellite retrieval,detail_audit,81,should,no
018_NatCommun_s41467-026-69487-w_peer_review_file__u0028,018_NatCommun_s41467-026-69487-w_peer_review_file.pdf,Nature Communications,10.1038/s41467-026-69487-w,Snow or rain? hybrid AI deciphers surface precipitation phase from satellite observations,precipitation phase; hybrid AI; satellite retrieval,sampling_event_representativeness,2596,however; major; unclear; should; must,no
018_NatCommun_s41467-026-69487-w_peer_review_file__u0031,018_NatCommun_s41467-026-69487-w_peer_review_file.pdf,Nature Communications,10.1038/s41467-026-69487-w,Snow or rain? hybrid AI deciphers surface precipitation phase from satellite observations,precipitation phase; hybrid AI; satellite retrieval,ai_weather_climate_model_fidelity,365,concern,no
018_NatCommun_s41467-026-69487-w_peer_review_file__u0034,018_NatCommun_s41467-026-69487-w_peer_review_file.pdf,Nature Communications,10.1038/s41467-026-69487-w,Snow or rain? hybrid AI deciphers surface precipitation phase from satellite observations,precipitation phase; hybrid AI; satellite retrieval,observational_product_reanalysis_validity,264,concern,no
018_NatCommun_s41467-026-69487-w_peer_review_file__u0036,018_NatCommun_s41467-026-69487-w_peer_review_file.pdf,Nature Communications,10.1038/s41467-026-69487-w,Snow or rain? hybrid AI deciphers surface precipitation phase from satellite observations,precipitation phase; hybrid AI; satellite retrieval,sampling_event_representativeness,128,recommend,no
018_NatCommun_s41467-026-69487-w_peer_review_file__u0038,018_NatCommun_s41467-026-69487-w_peer_review_file.pdf,Nature Communications,10.1038/s41467-026-69487-w,Snow or rain? hybrid AI deciphers surface precipitation phase from satellite observations,precipitation phase; hybrid AI; satellite retrieval,observational_product_reanalysis_validity,986,should; need,no
018_NatCommun_s41467-026-69487-w_peer_review_file__u0040,018_NatCommun_s41467-026-69487-w_peer_review_file.pdf,Nature Communications,10.1038/s41467-026-69487-w,Snow or rain? hybrid AI deciphers surface precipitation phase from satellite observations,precipitation phase; hybrid AI; satellite retrieval,observational_product_reanalysis_validity,894,validation,no
018_NatCommun_s41467-026-69487-w_peer_review_file__u0042,018_NatCommun_s41467-026-69487-w_peer_review_file.pdf,Nature Communications,10.1038/s41467-026-69487-w,Snow or rain? hybrid AI deciphers surface precipitation phase from satellite observations,precipitation phase; hybrid AI; satellite retrieval,atmospheric_claim_evidence_calibration,155,major,no
018_NatCommun_s41467-026-69487-w_peer_review_file__u0047,018_NatCommun_s41467-026-69487-w_peer_review_file.pdf,Nature Communications,10.1038/s41467-026-69487-w,Snow or rain? hybrid AI deciphers surface precipitation phase from satellite observations,precipitation phase; hybrid AI; satellite retrieval,ai_weather_climate_model_fidelity,448,however; major; need; recommend,no
018_NatCommun_s41467-026-69487-w_peer_review_file__u0051,018_NatCommun_s41467-026-69487-w_peer_review_file.pdf,Nature Communications,10.1038/s41467-026-69487-w,Snow or rain? hybrid AI deciphers surface precipitation phase from satellite observations,precipitation phase; hybrid AI; satellite retrieval,ai_weather_climate_model_fidelity,243,need,no
018_NatCommun_s41467-026-69487-w_peer_review_file__u0052,018_NatCommun_s41467-026-69487-w_peer_review_file.pdf,Nature Communications,10.1038/s41467-026-69487-w,Snow or rain? hybrid AI deciphers surface precipitation phase from satellite observations,precipitation phase; hybrid AI; satellite retrieval,model_physics_assumption_sensitivity,649,not clear; clarify; why,no
018_NatCommun_s41467-026-69487-w_peer_review_file__u0053,018_NatCommun_s41467-026-69487-w_peer_review_file.pdf,Nature Communications,10.1038/s41467-026-69487-w,Snow or rain? hybrid AI deciphers surface precipitation phase from satellite observations,precipitation phase; hybrid AI; satellite retrieval,observational_product_reanalysis_validity,184,limitation,no
018_NatCommun_s41467-026-69487-w_peer_review_file__u0058,018_NatCommun_s41467-026-69487-w_peer_review_file.pdf,Nature Communications,10.1038/s41467-026-69487-w,Snow or rain? hybrid AI deciphers surface precipitation phase from satellite observations,precipitation phase; hybrid AI; satellite retrieval,detail_audit,129,clarify,no
018_NatCommun_s41467-026-69487-w_peer_review_file__u0059,018_NatCommun_s41467-026-69487-w_peer_review_file.pdf,Nature Communications,10.1038/s41467-026-69487-w,Snow or rain? hybrid AI deciphers surface precipitation phase from satellite observations,precipitation phase; hybrid AI; satellite retrieval,sampling_event_representativeness,420,need,no
018_NatCommun_s41467-026-69487-w_peer_review_file__u0061,018_NatCommun_s41467-026-69487-w_peer_review_file.pdf,Nature Communications,10.1038/s41467-026-69487-w,Snow or rain? hybrid AI deciphers surface precipitation phase from satellite observations,precipitation phase; hybrid AI; satellite retrieval,detail_audit,177,clarify,no
018_NatCommun_s41467-026-69487-w_peer_review_file__u0069,018_NatCommun_s41467-026-69487-w_peer_review_file.pdf,Nature Communications,10.1038/s41467-026-69487-w,Snow or rain? hybrid AI deciphers surface precipitation phase from satellite observations,precipitation phase; hybrid AI; satellite retrieval,detail_audit,551,recommend,no
018_NatCommun_s41467-026-69487-w_peer_review_file__u0075,018_NatCommun_s41467-026-69487-w_peer_review_file.pdf,Nature Communications,10.1038/s41467-026-69487-w,Snow or rain? hybrid AI deciphers surface precipitation phase from satellite observations,precipitation phase; hybrid AI; satellite retrieval,detail_audit,142,missing,no
018_NatCommun_s41467-026-69487-w_peer_review_file__u0078,018_NatCommun_s41467-026-69487-w_peer_review_file.pdf,Nature Communications,10.1038/s41467-026-69487-w,Snow or rain? hybrid AI deciphers surface precipitation phase from satellite observations,precipitation phase; hybrid AI; satellite retrieval,ai_weather_climate_model_fidelity,134,should,no
018_NatCommun_s41467-026-69487-w_peer_review_file__u0083,018_NatCommun_s41467-026-69487-w_peer_review_file.pdf,Nature Communications,10.1038/s41467-026-69487-w,Snow or rain? hybrid AI deciphers surface precipitation phase from satellite observations,precipitation phase; hybrid AI; satellite retrieval,atmospheric_claim_evidence_calibration,509,should,no
018_NatCommun_s41467-026-69487-w_peer_review_file__u0084,018_NatCommun_s41467-026-69487-w_peer_review_file.pdf,Nature Communications,10.1038/s41467-026-69487-w,Snow or rain? hybrid AI deciphers surface precipitation phase from satellite observations,precipitation phase; hybrid AI; satellite retrieval,atmospheric_claim_evidence_calibration,189,recommend,no
018_NatCommun_s41467-026-69487-w_peer_review_file__u0088,018_NatCommun_s41467-026-69487-w_peer_review_file.pdf,Nature Communications,10.1038/s41467-026-69487-w,Snow or rain? hybrid AI deciphers surface precipitation phase from satellite observations,precipitation phase; hybrid AI; satellite retrieval,ai_weather_climate_model_fidelity,232,validation,no
018_NatCommun_s41467-026-69487-w_peer_review_file__u0089,018_NatCommun_s41467-026-69487-w_peer_review_file.pdf,Nature Communications,10.1038/s41467-026-69487-w,Snow or rain? hybrid AI deciphers surface precipitation phase from satellite observations,precipitation phase; hybrid AI; satellite retrieval,ai_weather_climate_model_fidelity,1071,concern; lack; limitation; validation,no
018_NatCommun_s41467-026-69487-w_peer_review_file__u0090,018_NatCommun_s41467-026-69487-w_peer_review_file.pdf,Nature Communications,10.1038/s41467-026-69487-w,Snow or rain? hybrid AI deciphers surface precipitation phase from satellite observations,precipitation phase; hybrid AI; satellite retrieval,sampling_event_representativeness,286,validation,no
018_NatCommun_s41467-026-69487-w_peer_review_file__u0095,018_NatCommun_s41467-026-69487-w_peer_review_file.pdf,Nature Communications,10.1038/s41467-026-69487-w,Snow or rain? hybrid AI deciphers surface precipitation phase from satellite observations,precipitation phase; hybrid AI; satellite retrieval,sampling_event_representativeness,123,validation,no
018_NatCommun_s41467-026-69487-w_peer_review_file__u0096,018_NatCommun_s41467-026-69487-w_peer_review_file.pdf,Nature Communications,10.1038/s41467-026-69487-w,Snow or rain? hybrid AI deciphers surface precipitation phase from satellite observations,precipitation phase; hybrid AI; satellite retrieval,sampling_event_representativeness,531,validation,no
018_NatCommun_s41467-026-69487-w_peer_review_file__u0101,018_NatCommun_s41467-026-69487-w_peer_review_file.pdf,Nature Communications,10.1038/s41467-026-69487-w,Snow or rain? hybrid AI deciphers surface precipitation phase from satellite observations,precipitation phase; hybrid AI; satellite retrieval,detail_audit,81,should,no
018_NatCommun_s41467-026-69487-w_peer_review_file__u0102,018_NatCommun_s41467-026-69487-w_peer_review_file.pdf,Nature Communications,10.1038/s41467-026-69487-w,Snow or rain? hybrid AI deciphers surface precipitation phase from satellite observations,precipitation phase; hybrid AI; satellite retrieval,observational_product_reanalysis_validity,367,clarify,no
018_NatCommun_s41467-026-69487-w_peer_review_file__u0107,018_NatCommun_s41467-026-69487-w_peer_review_file.pdf,Nature Communications,10.1038/s41467-026-69487-w,Snow or rain? hybrid AI deciphers surface precipitation phase from satellite observations,precipitation phase; hybrid AI; satellite retrieval,ai_weather_climate_model_fidelity,224,unclear,no
018_NatCommun_s41467-026-69487-w_peer_review_file__u0112,018_NatCommun_s41467-026-69487-w_peer_review_file.pdf,Nature Communications,10.1038/s41467-026-69487-w,Snow or rain? hybrid AI deciphers surface precipitation phase from satellite observations,precipitation phase; hybrid AI; satellite retrieval,sampling_event_representativeness,182,should,no
018_NatCommun_s41467-026-69487-w_peer_review_file__u0113,018_NatCommun_s41467-026-69487-w_peer_review_file.pdf,Nature Communications,10.1038/s41467-026-69487-w,Snow or rain? hybrid AI deciphers surface precipitation phase from satellite observations,precipitation phase; hybrid AI; satellite retrieval,atmospheric_claim_evidence_calibration,716,would like,no
018_NatCommun_s41467-026-69487-w_peer_review_file__u0117,018_NatCommun_s41467-026-69487-w_peer_review_file.pdf,Nature Communications,10.1038/s41467-026-69487-w,Snow or rain? hybrid AI deciphers surface precipitation phase from satellite observations,precipitation phase; hybrid AI; satellite retrieval,sampling_event_representativeness,976,clarify; would like,no
018_NatCommun_s41467-026-69487-w_peer_review_file__u0118,018_NatCommun_s41467-026-69487-w_peer_review_file.pdf,Nature Communications,10.1038/s41467-026-69487-w,Snow or rain? hybrid AI deciphers surface precipitation phase from satellite observations,precipitation phase; hybrid AI; satellite retrieval,sampling_event_representativeness,604,insufficient,no
018_NatCommun_s41467-026-69487-w_peer_review_file__u0119,018_NatCommun_s41467-026-69487-w_peer_review_file.pdf,Nature Communications,10.1038/s41467-026-69487-w,Snow or rain? hybrid AI deciphers surface precipitation phase from satellite observations,precipitation phase; hybrid AI; satellite retrieval,sampling_event_representativeness,635,limitation,no
018_NatCommun_s41467-026-69487-w_peer_review_file__u0123,018_NatCommun_s41467-026-69487-w_peer_review_file.pdf,Nature Communications,10.1038/s41467-026-69487-w,Snow or rain? hybrid AI deciphers surface precipitation phase from satellite observations,precipitation phase; hybrid AI; satellite retrieval,observational_product_reanalysis_validity,756,however; must; clarify,no
018_NatCommun_s41467-026-69487-w_peer_review_file__u0124,018_NatCommun_s41467-026-69487-w_peer_review_file.pdf,Nature Communications,10.1038/s41467-026-69487-w,Snow or rain? hybrid AI deciphers surface precipitation phase from satellite observations,precipitation phase; hybrid AI; satellite retrieval,ai_weather_climate_model_fidelity,217,clarify,no
018_NatCommun_s41467-026-69487-w_peer_review_file__u0125,018_NatCommun_s41467-026-69487-w_peer_review_file.pdf,Nature Communications,10.1038/s41467-026-69487-w,Snow or rain? hybrid AI deciphers surface precipitation phase from satellite observations,precipitation phase; hybrid AI; satellite retrieval,observational_product_reanalysis_validity,820,however,no
018_NatCommun_s41467-026-69487-w_peer_review_file__u0129,018_NatCommun_s41467-026-69487-w_peer_review_file.pdf,Nature Communications,10.1038/s41467-026-69487-w,Snow or rain? hybrid AI deciphers surface precipitation phase from satellite observations,precipitation phase; hybrid AI; satellite retrieval,observational_product_reanalysis_validity,1186,major,no
018_NatCommun_s41467-026-69487-w_peer_review_file__u0132,018_NatCommun_s41467-026-69487-w_peer_review_file.pdf,Nature Communications,10.1038/s41467-026-69487-w,Snow or rain? hybrid AI deciphers surface precipitation phase from satellite observations,precipitation phase; hybrid AI; satellite retrieval,atmospheric_claim_evidence_calibration,217,unclear; validation,no
018_NatCommun_s41467-026-69487-w_peer_review_file__u0133,018_NatCommun_s41467-026-69487-w_peer_review_file.pdf,Nature Communications,10.1038/s41467-026-69487-w,Snow or rain? hybrid AI deciphers surface precipitation phase from satellite observations,precipitation phase; hybrid AI; satellite retrieval,observational_product_reanalysis_validity,418,clarify; would like; validation,no
018_NatCommun_s41467-026-69487-w_peer_review_file__u0134,018_NatCommun_s41467-026-69487-w_peer_review_file.pdf,Nature Communications,10.1038/s41467-026-69487-w,Snow or rain? hybrid AI deciphers surface precipitation phase from satellite observations,precipitation phase; hybrid AI; satellite retrieval,observational_product_reanalysis_validity,450,validation,no
018_NatCommun_s41467-026-69487-w_peer_review_file__u0135,018_NatCommun_s41467-026-69487-w_peer_review_file.pdf,Nature Communications,10.1038/s41467-026-69487-w,Snow or rain? hybrid AI deciphers surface precipitation phase from satellite observations,precipitation phase; hybrid AI; satellite retrieval,scale_resolution_boundary_consistency,324,lack,no
018_NatCommun_s41467-026-69487-w_peer_review_file__u0136,018_NatCommun_s41467-026-69487-w_peer_review_file.pdf,Nature Communications,10.1038/s41467-026-69487-w,Snow or rain? hybrid AI deciphers surface precipitation phase from satellite observations,precipitation phase; hybrid AI; satellite retrieval,sampling_event_representativeness,504,explain; why,no
018_NatCommun_s41467-026-69487-w_peer_review_file__u0141,018_NatCommun_s41467-026-69487-w_peer_review_file.pdf,Nature Communications,10.1038/s41467-026-69487-w,Snow or rain? hybrid AI deciphers surface precipitation phase from satellite observations,precipitation phase; hybrid AI; satellite retrieval,atmospheric_claim_evidence_calibration,212,however; major,no
018_NatCommun_s41467-026-69487-w_peer_review_file__u0146,018_NatCommun_s41467-026-69487-w_peer_review_file.pdf,Nature Communications,10.1038/s41467-026-69487-w,Snow or rain? hybrid AI deciphers surface precipitation phase from satellite observations,precipitation phase; hybrid AI; satellite retrieval,ai_weather_climate_model_fidelity,233,concern,no
018_NatCommun_s41467-026-69487-w_peer_review_file__u0149,018_NatCommun_s41467-026-69487-w_peer_review_file.pdf,Nature Communications,10.1038/s41467-026-69487-w,Snow or rain? hybrid AI deciphers surface precipitation phase from satellite observations,precipitation phase; hybrid AI; satellite retrieval,ai_weather_climate_model_fidelity,672,lack; limitation,no
018_NatCommun_s41467-026-69487-w_peer_review_file__u0152,018_NatCommun_s41467-026-69487-w_peer_review_file.pdf,Nature Communications,10.1038/s41467-026-69487-w,Snow or rain? hybrid AI deciphers surface precipitation phase from satellite observations,precipitation phase; hybrid AI; satellite retrieval,atmospheric_claim_evidence_calibration,427,concern; limitation,no
018_NatCommun_s41467-026-69487-w_peer_review_file__u0153,018_NatCommun_s41467-026-69487-w_peer_review_file.pdf,Nature Communications,10.1038/s41467-026-69487-w,Snow or rain? hybrid AI deciphers surface precipitation phase from satellite observations,precipitation phase; hybrid AI; satellite retrieval,ai_weather_climate_model_fidelity,427,lack; limitation,no
018_NatCommun_s41467-026-69487-w_peer_review_file__u0154,018_NatCommun_s41467-026-69487-w_peer_review_file.pdf,Nature Communications,10.1038/s41467-026-69487-w,Snow or rain? hybrid AI deciphers surface precipitation phase from satellite observations,precipitation phase; hybrid AI; satellite retrieval,detail_audit,95,clarify,no
018_NatCommun_s41467-026-69487-w_peer_review_file__u0160,018_NatCommun_s41467-026-69487-w_peer_review_file.pdf,Nature Communications,10.1038/s41467-026-69487-w,Snow or rain? hybrid AI deciphers surface precipitation phase from satellite observations,precipitation phase; hybrid AI; satellite retrieval,observational_product_reanalysis_validity,386,however,no
018_NatCommun_s41467-026-69487-w_peer_review_file__u0161,018_NatCommun_s41467-026-69487-w_peer_review_file.pdf,Nature Communications,10.1038/s41467-026-69487-w,Snow or rain? hybrid AI deciphers surface precipitation phase from satellite observations,precipitation phase; hybrid AI; satellite retrieval,observational_product_reanalysis_validity,1708,should; validation,no
018_NatCommun_s41467-026-69487-w_peer_review_file__u0166,018_NatCommun_s41467-026-69487-w_peer_review_file.pdf,Nature Communications,10.1038/s41467-026-69487-w,Snow or rain? hybrid AI deciphers surface precipitation phase from satellite observations,precipitation phase; hybrid AI; satellite retrieval,model_physics_assumption_sensitivity,594,sensitivity,no
018_NatCommun_s41467-026-69487-w_peer_review_file__u0169,018_NatCommun_s41467-026-69487-w_peer_review_file.pdf,Nature Communications,10.1038/s41467-026-69487-w,Snow or rain? hybrid AI deciphers surface precipitation phase from satellite observations,precipitation phase; hybrid AI; satellite retrieval,observational_product_reanalysis_validity,1176,however,no
018_NatCommun_s41467-026-69487-w_peer_review_file__u0172,018_NatCommun_s41467-026-69487-w_peer_review_file.pdf,Nature Communications,10.1038/s41467-026-69487-w,Snow or rain? hybrid AI deciphers surface precipitation phase from satellite observations,precipitation phase; hybrid AI; satellite retrieval,uncertainty_statistics_skill_metrics,768,concern; unclear; lack; limitation; validation,no
018_NatCommun_s41467-026-69487-w_peer_review_file__u0174,018_NatCommun_s41467-026-69487-w_peer_review_file.pdf,Nature Communications,10.1038/s41467-026-69487-w,Snow or rain? hybrid AI deciphers surface precipitation phase from satellite observations,precipitation phase; hybrid AI; satellite retrieval,sampling_event_representativeness,168,limitation,no
018_NatCommun_s41467-026-69487-w_peer_review_file__u0175,018_NatCommun_s41467-026-69487-w_peer_review_file.pdf,Nature Communications,10.1038/s41467-026-69487-w,Snow or rain? hybrid AI deciphers surface precipitation phase from satellite observations,precipitation phase; hybrid AI; satellite retrieval,observational_product_reanalysis_validity,567,limitation; validation,no
018_NatCommun_s41467-026-69487-w_peer_review_file__u0177,018_NatCommun_s41467-026-69487-w_peer_review_file.pdf,Nature Communications,10.1038/s41467-026-69487-w,Snow or rain? hybrid AI deciphers surface precipitation phase from satellite observations,precipitation phase; hybrid AI; satellite retrieval,observational_product_reanalysis_validity,250,limitation,no
018_NatCommun_s41467-026-69487-w_peer_review_file__u0181,018_NatCommun_s41467-026-69487-w_peer_review_file.pdf,Nature Communications,10.1038/s41467-026-69487-w,Snow or rain? hybrid AI deciphers surface precipitation phase from satellite observations,precipitation phase; hybrid AI; satellite retrieval,uncertainty_statistics_skill_metrics,112,validation,no
018_NatCommun_s41467-026-69487-w_peer_review_file__u0182,018_NatCommun_s41467-026-69487-w_peer_review_file.pdf,Nature Communications,10.1038/s41467-026-69487-w,Snow or rain? hybrid AI deciphers surface precipitation phase from satellite observations,precipitation phase; hybrid AI; satellite retrieval,uncertainty_statistics_skill_metrics,826,validation,no
018_NatCommun_s41467-026-69487-w_peer_review_file__u0184,018_NatCommun_s41467-026-69487-w_peer_review_file.pdf,Nature Communications,10.1038/s41467-026-69487-w,Snow or rain? hybrid AI deciphers surface precipitation phase from satellite observations,precipitation phase; hybrid AI; satellite retrieval,atmospheric_claim_evidence_calibration,196,limitation,no
018_NatCommun_s41467-026-69487-w_peer_review_file__u0187,018_NatCommun_s41467-026-69487-w_peer_review_file.pdf,Nature Communications,10.1038/s41467-026-69487-w,Snow or rain? hybrid AI deciphers surface precipitation phase from satellite observations,precipitation phase; hybrid AI; satellite retrieval,observational_product_reanalysis_validity,633,need; needs; justify; why,no
018_NatCommun_s41467-026-69487-w_peer_review_file__u0188,018_NatCommun_s41467-026-69487-w_peer_review_file.pdf,Nature Communications,10.1038/s41467-026-69487-w,Snow or rain? hybrid AI deciphers surface precipitation phase from satellite observations,precipitation phase; hybrid AI; satellite retrieval,atmospheric_claim_evidence_calibration,128,major,no
018_NatCommun_s41467-026-69487-w_peer_review_file__u0189,018_NatCommun_s41467-026-69487-w_peer_review_file.pdf,Nature Communications,10.1038/s41467-026-69487-w,Snow or rain? hybrid AI deciphers surface precipitation phase from satellite observations,precipitation phase; hybrid AI; satellite retrieval,detail_audit,90,clarify,no
018_NatCommun_s41467-026-69487-w_peer_review_file__u0198,018_NatCommun_s41467-026-69487-w_peer_review_file.pdf,Nature Communications,10.1038/s41467-026-69487-w,Snow or rain? hybrid AI deciphers surface precipitation phase from satellite observations,precipitation phase; hybrid AI; satellite retrieval,model_physics_assumption_sensitivity,372,validation,no
018_NatCommun_s41467-026-69487-w_peer_review_file__u0200,018_NatCommun_s41467-026-69487-w_peer_review_file.pdf,Nature Communications,10.1038/s41467-026-69487-w,Snow or rain? hybrid AI deciphers surface precipitation phase from satellite observations,precipitation phase; hybrid AI; satellite retrieval,ai_weather_climate_model_fidelity,1007,lack,no
018_NatCommun_s41467-026-69487-w_peer_review_file__u0212,018_NatCommun_s41467-026-69487-w_peer_review_file.pdf,Nature Communications,10.1038/s41467-026-69487-w,Snow or rain? hybrid AI deciphers surface precipitation phase from satellite observations,precipitation phase; hybrid AI; satellite retrieval,ai_weather_climate_model_fidelity,241,lack,no
018_NatCommun_s41467-026-69487-w_peer_review_file__u0217,018_NatCommun_s41467-026-69487-w_peer_review_file.pdf,Nature Communications,10.1038/s41467-026-69487-w,Snow or rain? hybrid AI deciphers surface precipitation phase from satellite observations,precipitation phase; hybrid AI; satellite retrieval,ai_weather_climate_model_fidelity,343,insufficient,no
018_NatCommun_s41467-026-69487-w_peer_review_file__u0218,018_NatCommun_s41467-026-69487-w_peer_review_file.pdf,Nature Communications,10.1038/s41467-026-69487-w,Snow or rain? hybrid AI deciphers surface precipitation phase from satellite observations,precipitation phase; hybrid AI; satellite retrieval,observational_product_reanalysis_validity,581,sensitivity,no
018_NatCommun_s41467-026-69487-w_peer_review_file__u0219,018_NatCommun_s41467-026-69487-w_peer_review_file.pdf,Nature Communications,10.1038/s41467-026-69487-w,Snow or rain? hybrid AI deciphers surface precipitation phase from satellite observations,precipitation phase; hybrid AI; satellite retrieval,uncertainty_statistics_skill_metrics,995,however,no
018_NatCommun_s41467-026-69487-w_peer_review_file__u0220,018_NatCommun_s41467-026-69487-w_peer_review_file.pdf,Nature Communications,10.1038/s41467-026-69487-w,Snow or rain? hybrid AI deciphers surface precipitation phase from satellite observations,precipitation phase; hybrid AI; satellite retrieval,detail_audit,129,clarify,no
018_NatCommun_s41467-026-69487-w_peer_review_file__u0223,018_NatCommun_s41467-026-69487-w_peer_review_file.pdf,Nature Communications,10.1038/s41467-026-69487-w,Snow or rain? hybrid AI deciphers surface precipitation phase from satellite observations,precipitation phase; hybrid AI; satellite retrieval,mechanism_causality_circulation_dynamics,227,concern,no
018_NatCommun_s41467-026-69487-w_peer_review_file__u0224,018_NatCommun_s41467-026-69487-w_peer_review_file.pdf,Nature Communications,10.1038/s41467-026-69487-w,Snow or rain? hybrid AI deciphers surface precipitation phase from satellite observations,precipitation phase; hybrid AI; satellite retrieval,ai_weather_climate_model_fidelity,341,concern,no
018_NatCommun_s41467-026-69487-w_peer_review_file__u0227,018_NatCommun_s41467-026-69487-w_peer_review_file.pdf,Nature Communications,10.1038/s41467-026-69487-w,Snow or rain? hybrid AI deciphers surface precipitation phase from satellite observations,precipitation phase; hybrid AI; satellite retrieval,observational_product_reanalysis_validity,264,concern,no
018_NatCommun_s41467-026-69487-w_peer_review_file__u0229,018_NatCommun_s41467-026-69487-w_peer_review_file.pdf,Nature Communications,10.1038/s41467-026-69487-w,Snow or rain? hybrid AI deciphers surface precipitation phase from satellite observations,precipitation phase; hybrid AI; satellite retrieval,sampling_event_representativeness,128,recommend,no
018_NatCommun_s41467-026-69487-w_peer_review_file__u0233,018_NatCommun_s41467-026-69487-w_peer_review_file.pdf,Nature Communications,10.1038/s41467-026-69487-w,Snow or rain? hybrid AI deciphers surface precipitation phase from satellite observations,precipitation phase; hybrid AI; satellite retrieval,atmospheric_claim_evidence_calibration,238,recommend,no
018_NatCommun_s41467-026-69487-w_peer_review_file__u0235,018_NatCommun_s41467-026-69487-w_peer_review_file.pdf,Nature Communications,10.1038/s41467-026-69487-w,Snow or rain? hybrid AI deciphers surface precipitation phase from satellite observations,precipitation phase; hybrid AI; satellite retrieval,atmospheric_claim_evidence_calibration,212,however; major,no
018_NatCommun_s41467-026-69487-w_peer_review_file__u0239,018_NatCommun_s41467-026-69487-w_peer_review_file.pdf,Nature Communications,10.1038/s41467-026-69487-w,Snow or rain? hybrid AI deciphers surface precipitation phase from satellite observations,precipitation phase; hybrid AI; satellite retrieval,scale_resolution_boundary_consistency,639,concern,no
018_NatCommun_s41467-026-69487-w_peer_review_file__u0240,018_NatCommun_s41467-026-69487-w_peer_review_file.pdf,Nature Communications,10.1038/s41467-026-69487-w,Snow or rain? hybrid AI deciphers surface precipitation phase from satellite observations,precipitation phase; hybrid AI; satellite retrieval,observational_product_reanalysis_validity,822,however; should,no
018_NatCommun_s41467-026-69487-w_peer_review_file__u0241,018_NatCommun_s41467-026-69487-w_peer_review_file.pdf,Nature Communications,10.1038/s41467-026-69487-w,Snow or rain? hybrid AI deciphers surface precipitation phase from satellite observations,precipitation phase; hybrid AI; satellite retrieval,uncertainty_statistics_skill_metrics,768,concern; unclear; lack; limitation; validation,no
018_NatCommun_s41467-026-69487-w_peer_review_file__u0242,018_NatCommun_s41467-026-69487-w_peer_review_file.pdf,Nature Communications,10.1038/s41467-026-69487-w,Snow or rain? hybrid AI deciphers surface precipitation phase from satellite observations,precipitation phase; hybrid AI; satellite retrieval,observational_product_reanalysis_validity,388,need; needs,no
018_NatCommun_s41467-026-69487-w_peer_review_file__u0243,018_NatCommun_s41467-026-69487-w_peer_review_file.pdf,Nature Communications,10.1038/s41467-026-69487-w,Snow or rain? hybrid AI deciphers surface precipitation phase from satellite observations,precipitation phase; hybrid AI; satellite retrieval,atmospheric_claim_evidence_calibration,246,justify; why,no
018_NatCommun_s41467-026-69487-w_peer_review_file__u0244,018_NatCommun_s41467-026-69487-w_peer_review_file.pdf,Nature Communications,10.1038/s41467-026-69487-w,Snow or rain? hybrid AI deciphers surface precipitation phase from satellite observations,precipitation phase; hybrid AI; satellite retrieval,ai_weather_climate_model_fidelity,1007,lack,no
018_NatCommun_s41467-026-69487-w_peer_review_file__u0245,018_NatCommun_s41467-026-69487-w_peer_review_file.pdf,Nature Communications,10.1038/s41467-026-69487-w,Snow or rain? hybrid AI deciphers surface precipitation phase from satellite observations,precipitation phase; hybrid AI; satellite retrieval,model_physics_assumption_sensitivity,483,lack,no
018_NatCommun_s41467-026-69487-w_peer_review_file__u0247,018_NatCommun_s41467-026-69487-w_peer_review_file.pdf,Nature Communications,10.1038/s41467-026-69487-w,Snow or rain? hybrid AI deciphers surface precipitation phase from satellite observations,precipitation phase; hybrid AI; satellite retrieval,observational_product_reanalysis_validity,389,sensitivity,no
019_NatCommun_s41467-025-67359-3_peer_review_file__u0005,019_NatCommun_s41467-025-67359-3_peer_review_file.pdf,Nature Communications,10.1038/s41467-025-67359-3,Challenges in global climate models to represent cloud response to aerosols: insights from volcanic eruptions,aerosol-cloud interaction; volcanic forcing; model evaluation,model_physics_assumption_sensitivity,2138,however,no
019_NatCommun_s41467-025-67359-3_peer_review_file__u0006,019_NatCommun_s41467-025-67359-3_peer_review_file.pdf,Nature Communications,10.1038/s41467-025-67359-3,Challenges in global climate models to represent cloud response to aerosols: insights from volcanic eruptions,aerosol-cloud interaction; volcanic forcing; model evaluation,aerosol_cloud_radiation_microphysics,342,however; concern; need,no
019_NatCommun_s41467-025-67359-3_peer_review_file__u0007,019_NatCommun_s41467-025-67359-3_peer_review_file.pdf,Nature Communications,10.1038/s41467-025-67359-3,Challenges in global climate models to represent cloud response to aerosols: insights from volcanic eruptions,aerosol-cloud interaction; volcanic forcing; model evaluation,model_physics_assumption_sensitivity,407,major; recommend,no
019_NatCommun_s41467-025-67359-3_peer_review_file__u0008,019_NatCommun_s41467-025-67359-3_peer_review_file.pdf,Nature Communications,10.1038/s41467-025-67359-3,Challenges in global climate models to represent cloud response to aerosols: insights from volcanic eruptions,aerosol-cloud interaction; volcanic forcing; model evaluation,scale_resolution_boundary_consistency,728,unclear; clarify; limitation,no
019_NatCommun_s41467-025-67359-3_peer_review_file__u0009,019_NatCommun_s41467-025-67359-3_peer_review_file.pdf,Nature Communications,10.1038/s41467-025-67359-3,Challenges in global climate models to represent cloud response to aerosols: insights from volcanic eruptions,aerosol-cloud interaction; volcanic forcing; model evaluation,ai_weather_climate_model_fidelity,413,concern; major,no
019_NatCommun_s41467-025-67359-3_peer_review_file__u0011,019_NatCommun_s41467-025-67359-3_peer_review_file.pdf,Nature Communications,10.1038/s41467-025-67359-3,Challenges in global climate models to represent cloud response to aerosols: insights from volcanic eruptions,aerosol-cloud interaction; volcanic forcing; model evaluation,observational_product_reanalysis_validity,1367,major; should,no
019_NatCommun_s41467-025-67359-3_peer_review_file__u0012,019_NatCommun_s41467-025-67359-3_peer_review_file.pdf,Nature Communications,10.1038/s41467-025-67359-3,Challenges in global climate models to represent cloud response to aerosols: insights from volcanic eruptions,aerosol-cloud interaction; volcanic forcing; model evaluation,atmospheric_claim_evidence_calibration,1914,missing; recommend,no
019_NatCommun_s41467-025-67359-3_peer_review_file__u0014,019_NatCommun_s41467-025-67359-3_peer_review_file.pdf,Nature Communications,10.1038/s41467-025-67359-3,Challenges in global climate models to represent cloud response to aerosols: insights from volcanic eruptions,aerosol-cloud interaction; volcanic forcing; model evaluation,trend_internal_variability_signal_detection,717,major; should; explain,no
019_NatCommun_s41467-025-67359-3_peer_review_file__u0016,019_NatCommun_s41467-025-67359-3_peer_review_file.pdf,Nature Communications,10.1038/s41467-025-67359-3,Challenges in global climate models to represent cloud response to aerosols: insights from volcanic eruptions,aerosol-cloud interaction; volcanic forcing; model evaluation,observational_product_reanalysis_validity,426,explain; why,no
019_NatCommun_s41467-025-67359-3_peer_review_file__u0022,019_NatCommun_s41467-025-67359-3_peer_review_file.pdf,Nature Communications,10.1038/s41467-025-67359-3,Challenges in global climate models to represent cloud response to aerosols: insights from volcanic eruptions,aerosol-cloud interaction; volcanic forcing; model evaluation,aerosol_cloud_radiation_microphysics,1192,major; need,no
019_NatCommun_s41467-025-67359-3_peer_review_file__u0030,019_NatCommun_s41467-025-67359-3_peer_review_file.pdf,Nature Communications,10.1038/s41467-025-67359-3,Challenges in global climate models to represent cloud response to aerosols: insights from volcanic eruptions,aerosol-cloud interaction; volcanic forcing; model evaluation,model_physics_assumption_sensitivity,450,sensitivity,no
019_NatCommun_s41467-025-67359-3_peer_review_file__u0031,019_NatCommun_s41467-025-67359-3_peer_review_file.pdf,Nature Communications,10.1038/s41467-025-67359-3,Challenges in global climate models to represent cloud response to aerosols: insights from volcanic eruptions,aerosol-cloud interaction; volcanic forcing; model evaluation,atmospheric_claim_evidence_calibration,116,recommend,no
019_NatCommun_s41467-025-67359-3_peer_review_file__u0032,019_NatCommun_s41467-025-67359-3_peer_review_file.pdf,Nature Communications,10.1038/s41467-025-67359-3,Challenges in global climate models to represent cloud response to aerosols: insights from volcanic eruptions,aerosol-cloud interaction; volcanic forcing; model evaluation,observational_product_reanalysis_validity,1193,concern; should; need; recommend,no
023_Nature_s41586-025-09005-y_peer_review_file__u0004,023_Nature_s41586-025-09005-y_peer_review_file.pdf,Nature,10.1038/s41586-025-09005-y,A foundation model for the Earth system,AI weather; Earth-system foundation model; forecast benchmark,ai_weather_climate_model_fidelity,732,concern,no
023_Nature_s41586-025-09005-y_peer_review_file__u0007,023_Nature_s41586-025-09005-y_peer_review_file.pdf,Nature,10.1038/s41586-025-09005-y,A foundation model for the Earth system,AI weather; Earth-system foundation model; forecast benchmark,ai_weather_climate_model_fidelity,549,however,no
023_Nature_s41586-025-09005-y_peer_review_file__u0009,023_Nature_s41586-025-09005-y_peer_review_file.pdf,Nature,10.1038/s41586-025-09005-y,A foundation model for the Earth system,AI weather; Earth-system foundation model; forecast benchmark,ai_weather_climate_model_fidelity,1098,why,no
023_Nature_s41586-025-09005-y_peer_review_file__u0010,023_Nature_s41586-025-09005-y_peer_review_file.pdf,Nature,10.1038/s41586-025-09005-y,A foundation model for the Earth system,AI weather; Earth-system foundation model; forecast benchmark,model_physics_assumption_sensitivity,365,need,no
023_Nature_s41586-025-09005-y_peer_review_file__u0011,023_Nature_s41586-025-09005-y_peer_review_file.pdf,Nature,10.1038/s41586-025-09005-y,A foundation model for the Earth system,AI weather; Earth-system foundation model; forecast benchmark,ai_weather_climate_model_fidelity,294,however; concern; validation,no
023_Nature_s41586-025-09005-y_peer_review_file__u0012,023_Nature_s41586-025-09005-y_peer_review_file.pdf,Nature,10.1038/s41586-025-09005-y,A foundation model for the Earth system,AI weather; Earth-system foundation model; forecast benchmark,ai_weather_climate_model_fidelity,362,however,no
023_Nature_s41586-025-09005-y_peer_review_file__u0015,023_Nature_s41586-025-09005-y_peer_review_file.pdf,Nature,10.1038/s41586-025-09005-y,A foundation model for the Earth system,AI weather; Earth-system foundation model; forecast benchmark,ai_weather_climate_model_fidelity,481,why,no
023_Nature_s41586-025-09005-y_peer_review_file__u0016,023_Nature_s41586-025-09005-y_peer_review_file.pdf,Nature,10.1038/s41586-025-09005-y,A foundation model for the Earth system,AI weather; Earth-system foundation model; forecast benchmark,scale_resolution_boundary_consistency,747,explain,no
023_Nature_s41586-025-09005-y_peer_review_file__u0023,023_Nature_s41586-025-09005-y_peer_review_file.pdf,Nature,10.1038/s41586-025-09005-y,A foundation model for the Earth system,AI weather; Earth-system foundation model; forecast benchmark,atmospheric_claim_evidence_calibration,392,however; concern; validation,no
023_Nature_s41586-025-09005-y_peer_review_file__u0027,023_Nature_s41586-025-09005-y_peer_review_file.pdf,Nature,10.1038/s41586-025-09005-y,A foundation model for the Earth system,AI weather; Earth-system foundation model; forecast benchmark,ai_weather_climate_model_fidelity,348,however,no
023_Nature_s41586-025-09005-y_peer_review_file__u0032,023_Nature_s41586-025-09005-y_peer_review_file.pdf,Nature,10.1038/s41586-025-09005-y,A foundation model for the Earth system,AI weather; Earth-system foundation model; forecast benchmark,ai_weather_climate_model_fidelity,119,validation,no
023_Nature_s41586-025-09005-y_peer_review_file__u0035,023_Nature_s41586-025-09005-y_peer_review_file.pdf,Nature,10.1038/s41586-025-09005-y,A foundation model for the Earth system,AI weather; Earth-system foundation model; forecast benchmark,detail_audit,99,concern; major; clarify,no
023_Nature_s41586-025-09005-y_peer_review_file__u0036,023_Nature_s41586-025-09005-y_peer_review_file.pdf,Nature,10.1038/s41586-025-09005-y,A foundation model for the Earth system,AI weather; Earth-system foundation model; forecast benchmark,scale_resolution_boundary_consistency,1649,need,no
023_Nature_s41586-025-09005-y_peer_review_file__u0037,023_Nature_s41586-025-09005-y_peer_review_file.pdf,Nature,10.1038/s41586-025-09005-y,A foundation model for the Earth system,AI weather; Earth-system foundation model; forecast benchmark,ai_weather_climate_model_fidelity,605,why,no
023_Nature_s41586-025-09005-y_peer_review_file__u0039,023_Nature_s41586-025-09005-y_peer_review_file.pdf,Nature,10.1038/s41586-025-09005-y,A foundation model for the Earth system,AI weather; Earth-system foundation model; forecast benchmark,scale_resolution_boundary_consistency,478,need; needs,no
023_Nature_s41586-025-09005-y_peer_review_file__u0041,023_Nature_s41586-025-09005-y_peer_review_file.pdf,Nature,10.1038/s41586-025-09005-y,A foundation model for the Earth system,AI weather; Earth-system foundation model; forecast benchmark,observational_product_reanalysis_validity,656,should,no
023_Nature_s41586-025-09005-y_peer_review_file__u0046,023_Nature_s41586-025-09005-y_peer_review_file.pdf,Nature,10.1038/s41586-025-09005-y,A foundation model for the Earth system,AI weather; Earth-system foundation model; forecast benchmark,observational_product_reanalysis_validity,353,why,no
023_Nature_s41586-025-09005-y_peer_review_file__u0048,023_Nature_s41586-025-09005-y_peer_review_file.pdf,Nature,10.1038/s41586-025-09005-y,A foundation model for the Earth system,AI weather; Earth-system foundation model; forecast benchmark,uncertainty_statistics_skill_metrics,663,validation,no
023_Nature_s41586-025-09005-y_peer_review_file__u0055,023_Nature_s41586-025-09005-y_peer_review_file.pdf,Nature,10.1038/s41586-025-09005-y,A foundation model for the Earth system,AI weather; Earth-system foundation model; forecast benchmark,ai_weather_climate_model_fidelity,966,concern; should,no
023_Nature_s41586-025-09005-y_peer_review_file__u0056,023_Nature_s41586-025-09005-y_peer_review_file.pdf,Nature,10.1038/s41586-025-09005-y,A foundation model for the Earth system,AI weather; Earth-system foundation model; forecast benchmark,atmospheric_claim_evidence_calibration,825,should,no
023_Nature_s41586-025-09005-y_peer_review_file__u0057,023_Nature_s41586-025-09005-y_peer_review_file.pdf,Nature,10.1038/s41586-025-09005-y,A foundation model for the Earth system,AI weather; Earth-system foundation model; forecast benchmark,ai_weather_climate_model_fidelity,848,however; justify,no
023_Nature_s41586-025-09005-y_peer_review_file__u0058,023_Nature_s41586-025-09005-y_peer_review_file.pdf,Nature,10.1038/s41586-025-09005-y,A foundation model for the Earth system,AI weather; Earth-system foundation model; forecast benchmark,model_physics_assumption_sensitivity,731,unclear,no
023_Nature_s41586-025-09005-y_peer_review_file__u0059,023_Nature_s41586-025-09005-y_peer_review_file.pdf,Nature,10.1038/s41586-025-09005-y,A foundation model for the Earth system,AI weather; Earth-system foundation model; forecast benchmark,ai_weather_climate_model_fidelity,984,however; not clear,no
023_Nature_s41586-025-09005-y_peer_review_file__u0060,023_Nature_s41586-025-09005-y_peer_review_file.pdf,Nature,10.1038/s41586-025-09005-y,A foundation model for the Earth system,AI weather; Earth-system foundation model; forecast benchmark,model_physics_assumption_sensitivity,86,limitation,no
023_Nature_s41586-025-09005-y_peer_review_file__u0061,023_Nature_s41586-025-09005-y_peer_review_file.pdf,Nature,10.1038/s41586-025-09005-y,A foundation model for the Earth system,AI weather; Earth-system foundation model; forecast benchmark,sampling_event_representativeness,1028,limitation; validation,no
023_Nature_s41586-025-09005-y_peer_review_file__u0062,023_Nature_s41586-025-09005-y_peer_review_file.pdf,Nature,10.1038/s41586-025-09005-y,A foundation model for the Earth system,AI weather; Earth-system foundation model; forecast benchmark,model_physics_assumption_sensitivity,426,however; unclear; should,no
023_Nature_s41586-025-09005-y_peer_review_file__u0063,023_Nature_s41586-025-09005-y_peer_review_file.pdf,Nature,10.1038/s41586-025-09005-y,A foundation model for the Earth system,AI weather; Earth-system foundation model; forecast benchmark,sampling_event_representativeness,679,however,no
023_Nature_s41586-025-09005-y_peer_review_file__u0064,023_Nature_s41586-025-09005-y_peer_review_file.pdf,Nature,10.1038/s41586-025-09005-y,A foundation model for the Earth system,AI weather; Earth-system foundation model; forecast benchmark,observational_product_reanalysis_validity,810,unclear,no
023_Nature_s41586-025-09005-y_peer_review_file__u0065,023_Nature_s41586-025-09005-y_peer_review_file.pdf,Nature,10.1038/s41586-025-09005-y,A foundation model for the Earth system,AI weather; Earth-system foundation model; forecast benchmark,model_physics_assumption_sensitivity,955,explain,no
023_Nature_s41586-025-09005-y_peer_review_file__u0066,023_Nature_s41586-025-09005-y_peer_review_file.pdf,Nature,10.1038/s41586-025-09005-y,A foundation model for the Earth system,AI weather; Earth-system foundation model; forecast benchmark,ai_weather_climate_model_fidelity,553,validation,no
023_Nature_s41586-025-09005-y_peer_review_file__u0068,023_Nature_s41586-025-09005-y_peer_review_file.pdf,Nature,10.1038/s41586-025-09005-y,A foundation model for the Earth system,AI weather; Earth-system foundation model; forecast benchmark,ai_weather_climate_model_fidelity,905,however; concern,no
023_Nature_s41586-025-09005-y_peer_review_file__u0069,023_Nature_s41586-025-09005-y_peer_review_file.pdf,Nature,10.1038/s41586-025-09005-y,A foundation model for the Earth system,AI weather; Earth-system foundation model; forecast benchmark,atmospheric_claim_evidence_calibration,224,concern,no
023_Nature_s41586-025-09005-y_peer_review_file__u0070,023_Nature_s41586-025-09005-y_peer_review_file.pdf,Nature,10.1038/s41586-025-09005-y,A foundation model for the Earth system,AI weather; Earth-system foundation model; forecast benchmark,atmospheric_claim_evidence_calibration,183,however; concern,no
023_Nature_s41586-025-09005-y_peer_review_file__u0071,023_Nature_s41586-025-09005-y_peer_review_file.pdf,Nature,10.1038/s41586-025-09005-y,A foundation model for the Earth system,AI weather; Earth-system foundation model; forecast benchmark,ai_weather_climate_model_fidelity,1165,should; why,no
023_Nature_s41586-025-09005-y_peer_review_file__u0073,023_Nature_s41586-025-09005-y_peer_review_file.pdf,Nature,10.1038/s41586-025-09005-y,A foundation model for the Earth system,AI weather; Earth-system foundation model; forecast benchmark,scale_resolution_boundary_consistency,464,explain,no
023_Nature_s41586-025-09005-y_peer_review_file__u0074,023_Nature_s41586-025-09005-y_peer_review_file.pdf,Nature,10.1038/s41586-025-09005-y,A foundation model for the Earth system,AI weather; Earth-system foundation model; forecast benchmark,ai_weather_climate_model_fidelity,229,concern,no
023_Nature_s41586-025-09005-y_peer_review_file__u0076,023_Nature_s41586-025-09005-y_peer_review_file.pdf,Nature,10.1038/s41586-025-09005-y,A foundation model for the Earth system,AI weather; Earth-system foundation model; forecast benchmark,atmospheric_claim_evidence_calibration,829,should; why,no
023_Nature_s41586-025-09005-y_peer_review_file__u0078,023_Nature_s41586-025-09005-y_peer_review_file.pdf,Nature,10.1038/s41586-025-09005-y,A foundation model for the Earth system,AI weather; Earth-system foundation model; forecast benchmark,ai_weather_climate_model_fidelity,404,should,no
023_Nature_s41586-025-09005-y_peer_review_file__u0079,023_Nature_s41586-025-09005-y_peer_review_file.pdf,Nature,10.1038/s41586-025-09005-y,A foundation model for the Earth system,AI weather; Earth-system foundation model; forecast benchmark,model_physics_assumption_sensitivity,790,concern,no
023_Nature_s41586-025-09005-y_peer_review_file__u0082,023_Nature_s41586-025-09005-y_peer_review_file.pdf,Nature,10.1038/s41586-025-09005-y,A foundation model for the Earth system,AI weather; Earth-system foundation model; forecast benchmark,scale_resolution_boundary_consistency,1646,concern; limitation,no
024_Nature_s41586-025-09242-1_peer_review_file__u0004,024_Nature_s41586-025-09242-1_peer_review_file.pdf,Nature,10.1038/s41586-025-09242-1,Decadal changes in atmospheric circulation detected in cloud motion vectors,atmospheric circulation trend; cloud-motion vectors; reanalysis comparison,atmospheric_claim_evidence_calibration,2024,however; need; needs,no
024_Nature_s41586-025-09242-1_peer_review_file__u0005,024_Nature_s41586-025-09242-1_peer_review_file.pdf,Nature,10.1038/s41586-025-09242-1,Decadal changes in atmospheric circulation detected in cloud motion vectors,atmospheric circulation trend; cloud-motion vectors; reanalysis comparison,atmospheric_claim_evidence_calibration,408,need,no
024_Nature_s41586-025-09242-1_peer_review_file__u0006,024_Nature_s41586-025-09242-1_peer_review_file.pdf,Nature,10.1038/s41586-025-09242-1,Decadal changes in atmospheric circulation detected in cloud motion vectors,atmospheric circulation trend; cloud-motion vectors; reanalysis comparison,observational_product_reanalysis_validity,1342,should; need; needs; why; would like,no
024_Nature_s41586-025-09242-1_peer_review_file__u0008,024_Nature_s41586-025-09242-1_peer_review_file.pdf,Nature,10.1038/s41586-025-09242-1,Decadal changes in atmospheric circulation detected in cloud motion vectors,atmospheric circulation trend; cloud-motion vectors; reanalysis comparison,atmospheric_claim_evidence_calibration,280,need,no
024_Nature_s41586-025-09242-1_peer_review_file__u0009,024_Nature_s41586-025-09242-1_peer_review_file.pdf,Nature,10.1038/s41586-025-09242-1,Decadal changes in atmospheric circulation detected in cloud motion vectors,atmospheric circulation trend; cloud-motion vectors; reanalysis comparison,detail_audit,240,recommend,no
024_Nature_s41586-025-09242-1_peer_review_file__u0014,024_Nature_s41586-025-09242-1_peer_review_file.pdf,Nature,10.1038/s41586-025-09242-1,Decadal changes in atmospheric circulation detected in cloud motion vectors,atmospheric circulation trend; cloud-motion vectors; reanalysis comparison,detail_audit,193,lack,no
024_Nature_s41586-025-09242-1_peer_review_file__u0017,024_Nature_s41586-025-09242-1_peer_review_file.pdf,Nature,10.1038/s41586-025-09242-1,Decadal changes in atmospheric circulation detected in cloud motion vectors,atmospheric circulation trend; cloud-motion vectors; reanalysis comparison,observational_product_reanalysis_validity,679,should,no
024_Nature_s41586-025-09242-1_peer_review_file__u0018,024_Nature_s41586-025-09242-1_peer_review_file.pdf,Nature,10.1038/s41586-025-09242-1,Decadal changes in atmospheric circulation detected in cloud motion vectors,atmospheric circulation trend; cloud-motion vectors; reanalysis comparison,detail_audit,82,should,no
024_Nature_s41586-025-09242-1_peer_review_file__u0019,024_Nature_s41586-025-09242-1_peer_review_file.pdf,Nature,10.1038/s41586-025-09242-1,Decadal changes in atmospheric circulation detected in cloud motion vectors,atmospheric circulation trend; cloud-motion vectors; reanalysis comparison,observational_product_reanalysis_validity,333,validation,no
024_Nature_s41586-025-09242-1_peer_review_file__u0020,024_Nature_s41586-025-09242-1_peer_review_file.pdf,Nature,10.1038/s41586-025-09242-1,Decadal changes in atmospheric circulation detected in cloud motion vectors,atmospheric circulation trend; cloud-motion vectors; reanalysis comparison,sampling_event_representativeness,481,need,no
024_Nature_s41586-025-09242-1_peer_review_file__u0021,024_Nature_s41586-025-09242-1_peer_review_file.pdf,Nature,10.1038/s41586-025-09242-1,Decadal changes in atmospheric circulation detected in cloud motion vectors,atmospheric circulation trend; cloud-motion vectors; reanalysis comparison,aerosol_cloud_radiation_microphysics,269,need; needs,no
024_Nature_s41586-025-09242-1_peer_review_file__u0022,024_Nature_s41586-025-09242-1_peer_review_file.pdf,Nature,10.1038/s41586-025-09242-1,Decadal changes in atmospheric circulation detected in cloud motion vectors,atmospheric circulation trend; cloud-motion vectors; reanalysis comparison,sampling_event_representativeness,271,not clear; explain,no
024_Nature_s41586-025-09242-1_peer_review_file__u0023,024_Nature_s41586-025-09242-1_peer_review_file.pdf,Nature,10.1038/s41586-025-09242-1,Decadal changes in atmospheric circulation detected in cloud motion vectors,atmospheric circulation trend; cloud-motion vectors; reanalysis comparison,observational_product_reanalysis_validity,320,however; explain,no
024_Nature_s41586-025-09242-1_peer_review_file__u0026,024_Nature_s41586-025-09242-1_peer_review_file.pdf,Nature,10.1038/s41586-025-09242-1,Decadal changes in atmospheric circulation detected in cloud motion vectors,atmospheric circulation trend; cloud-motion vectors; reanalysis comparison,observational_product_reanalysis_validity,410,concern,no
024_Nature_s41586-025-09242-1_peer_review_file__u0027,024_Nature_s41586-025-09242-1_peer_review_file.pdf,Nature,10.1038/s41586-025-09242-1,Decadal changes in atmospheric circulation detected in cloud motion vectors,atmospheric circulation trend; cloud-motion vectors; reanalysis comparison,ai_weather_climate_model_fidelity,434,concern; major; recommend,no
024_Nature_s41586-025-09242-1_peer_review_file__u0029,024_Nature_s41586-025-09242-1_peer_review_file.pdf,Nature,10.1038/s41586-025-09242-1,Decadal changes in atmospheric circulation detected in cloud motion vectors,atmospheric circulation trend; cloud-motion vectors; reanalysis comparison,observational_product_reanalysis_validity,995,lack,no
024_Nature_s41586-025-09242-1_peer_review_file__u0031,024_Nature_s41586-025-09242-1_peer_review_file.pdf,Nature,10.1038/s41586-025-09242-1,Decadal changes in atmospheric circulation detected in cloud motion vectors,atmospheric circulation trend; cloud-motion vectors; reanalysis comparison,scale_resolution_boundary_consistency,510,insufficient,no
024_Nature_s41586-025-09242-1_peer_review_file__u0032,024_Nature_s41586-025-09242-1_peer_review_file.pdf,Nature,10.1038/s41586-025-09242-1,Decadal changes in atmospheric circulation detected in cloud motion vectors,atmospheric circulation trend; cloud-motion vectors; reanalysis comparison,observational_product_reanalysis_validity,990,should; need,no
024_Nature_s41586-025-09242-1_peer_review_file__u0033,024_Nature_s41586-025-09242-1_peer_review_file.pdf,Nature,10.1038/s41586-025-09242-1,Decadal changes in atmospheric circulation detected in cloud motion vectors,atmospheric circulation trend; cloud-motion vectors; reanalysis comparison,reproducibility_data_code,289,concern; need,no
024_Nature_s41586-025-09242-1_peer_review_file__u0035,024_Nature_s41586-025-09242-1_peer_review_file.pdf,Nature,10.1038/s41586-025-09242-1,Decadal changes in atmospheric circulation detected in cloud motion vectors,atmospheric circulation trend; cloud-motion vectors; reanalysis comparison,atmospheric_claim_evidence_calibration,734,however; concern; clarify,no
024_Nature_s41586-025-09242-1_peer_review_file__u0037,024_Nature_s41586-025-09242-1_peer_review_file.pdf,Nature,10.1038/s41586-025-09242-1,Decadal changes in atmospheric circulation detected in cloud motion vectors,atmospheric circulation trend; cloud-motion vectors; reanalysis comparison,detail_audit,224,lack,no
024_Nature_s41586-025-09242-1_peer_review_file__u0043,024_Nature_s41586-025-09242-1_peer_review_file.pdf,Nature,10.1038/s41586-025-09242-1,Decadal changes in atmospheric circulation detected in cloud motion vectors,atmospheric circulation trend; cloud-motion vectors; reanalysis comparison,observational_product_reanalysis_validity,482,need,no
024_Nature_s41586-025-09242-1_peer_review_file__u0046,024_Nature_s41586-025-09242-1_peer_review_file.pdf,Nature,10.1038/s41586-025-09242-1,Decadal changes in atmospheric circulation detected in cloud motion vectors,atmospheric circulation trend; cloud-motion vectors; reanalysis comparison,atmospheric_claim_evidence_calibration,1463,however; need; needs,no
024_Nature_s41586-025-09242-1_peer_review_file__u0047,024_Nature_s41586-025-09242-1_peer_review_file.pdf,Nature,10.1038/s41586-025-09242-1,Decadal changes in atmospheric circulation detected in cloud motion vectors,atmospheric circulation trend; cloud-motion vectors; reanalysis comparison,atmospheric_claim_evidence_calibration,408,need,no
024_Nature_s41586-025-09242-1_peer_review_file__u0049,024_Nature_s41586-025-09242-1_peer_review_file.pdf,Nature,10.1038/s41586-025-09242-1,Decadal changes in atmospheric circulation detected in cloud motion vectors,atmospheric circulation trend; cloud-motion vectors; reanalysis comparison,observational_product_reanalysis_validity,710,why,no
024_Nature_s41586-025-09242-1_peer_review_file__u0052,024_Nature_s41586-025-09242-1_peer_review_file.pdf,Nature,10.1038/s41586-025-09242-1,Decadal changes in atmospheric circulation detected in cloud motion vectors,atmospheric circulation trend; cloud-motion vectors; reanalysis comparison,observational_product_reanalysis_validity,908,need; why,no
024_Nature_s41586-025-09242-1_peer_review_file__u0054,024_Nature_s41586-025-09242-1_peer_review_file.pdf,Nature,10.1038/s41586-025-09242-1,Decadal changes in atmospheric circulation detected in cloud motion vectors,atmospheric circulation trend; cloud-motion vectors; reanalysis comparison,observational_product_reanalysis_validity,457,explain; why,no
024_Nature_s41586-025-09242-1_peer_review_file__u0055,024_Nature_s41586-025-09242-1_peer_review_file.pdf,Nature,10.1038/s41586-025-09242-1,Decadal changes in atmospheric circulation detected in cloud motion vectors,atmospheric circulation trend; cloud-motion vectors; reanalysis comparison,uncertainty_statistics_skill_metrics,735,need; validation,no
024_Nature_s41586-025-09242-1_peer_review_file__u0058,024_Nature_s41586-025-09242-1_peer_review_file.pdf,Nature,10.1038/s41586-025-09242-1,Decadal changes in atmospheric circulation detected in cloud motion vectors,atmospheric circulation trend; cloud-motion vectors; reanalysis comparison,observational_product_reanalysis_validity,947,validation,no
024_Nature_s41586-025-09242-1_peer_review_file__u0063,024_Nature_s41586-025-09242-1_peer_review_file.pdf,Nature,10.1038/s41586-025-09242-1,Decadal changes in atmospheric circulation detected in cloud motion vectors,atmospheric circulation trend; cloud-motion vectors; reanalysis comparison,aerosol_cloud_radiation_microphysics,433,should; need; needs; would like,no
024_Nature_s41586-025-09242-1_peer_review_file__u0067,024_Nature_s41586-025-09242-1_peer_review_file.pdf,Nature,10.1038/s41586-025-09242-1,Decadal changes in atmospheric circulation detected in cloud motion vectors,atmospheric circulation trend; cloud-motion vectors; reanalysis comparison,detail_audit,311,major; clarify; limitation,no
024_Nature_s41586-025-09242-1_peer_review_file__u0068,024_Nature_s41586-025-09242-1_peer_review_file.pdf,Nature,10.1038/s41586-025-09242-1,Decadal changes in atmospheric circulation detected in cloud motion vectors,atmospheric circulation trend; cloud-motion vectors; reanalysis comparison,atmospheric_claim_evidence_calibration,280,need,no
024_Nature_s41586-025-09242-1_peer_review_file__u0069,024_Nature_s41586-025-09242-1_peer_review_file.pdf,Nature,10.1038/s41586-025-09242-1,Decadal changes in atmospheric circulation detected in cloud motion vectors,atmospheric circulation trend; cloud-motion vectors; reanalysis comparison,atmospheric_claim_evidence_calibration,312,concern; clarify,no
024_Nature_s41586-025-09242-1_peer_review_file__u0070,024_Nature_s41586-025-09242-1_peer_review_file.pdf,Nature,10.1038/s41586-025-09242-1,Decadal changes in atmospheric circulation detected in cloud motion vectors,atmospheric circulation trend; cloud-motion vectors; reanalysis comparison,detail_audit,240,recommend,no
024_Nature_s41586-025-09242-1_peer_review_file__u0076,024_Nature_s41586-025-09242-1_peer_review_file.pdf,Nature,10.1038/s41586-025-09242-1,Decadal changes in atmospheric circulation detected in cloud motion vectors,atmospheric circulation trend; cloud-motion vectors; reanalysis comparison,atmospheric_claim_evidence_calibration,273,need,no
024_Nature_s41586-025-09242-1_peer_review_file__u0080,024_Nature_s41586-025-09242-1_peer_review_file.pdf,Nature,10.1038/s41586-025-09242-1,Decadal changes in atmospheric circulation detected in cloud motion vectors,atmospheric circulation trend; cloud-motion vectors; reanalysis comparison,detail_audit,193,lack,no
024_Nature_s41586-025-09242-1_peer_review_file__u0087,024_Nature_s41586-025-09242-1_peer_review_file.pdf,Nature,10.1038/s41586-025-09242-1,Decadal changes in atmospheric circulation detected in cloud motion vectors,atmospheric circulation trend; cloud-motion vectors; reanalysis comparison,sampling_event_representativeness,544,should,no
024_Nature_s41586-025-09242-1_peer_review_file__u0090,024_Nature_s41586-025-09242-1_peer_review_file.pdf,Nature,10.1038/s41586-025-09242-1,Decadal changes in atmospheric circulation detected in cloud motion vectors,atmospheric circulation trend; cloud-motion vectors; reanalysis comparison,detail_audit,82,should,no
024_Nature_s41586-025-09242-1_peer_review_file__u0091,024_Nature_s41586-025-09242-1_peer_review_file.pdf,Nature,10.1038/s41586-025-09242-1,Decadal changes in atmospheric circulation detected in cloud motion vectors,atmospheric circulation trend; cloud-motion vectors; reanalysis comparison,atmospheric_claim_evidence_calibration,158,concern,no
024_Nature_s41586-025-09242-1_peer_review_file__u0092,024_Nature_s41586-025-09242-1_peer_review_file.pdf,Nature,10.1038/s41586-025-09242-1,Decadal changes in atmospheric circulation detected in cloud motion vectors,atmospheric circulation trend; cloud-motion vectors; reanalysis comparison,observational_product_reanalysis_validity,309,validation,no
025_Nature_s41586-025-09806-1_peer_review_file__u0003,025_Nature_s41586-025-09806-1_peer_review_file.pdf,Nature,10.1038/s41586-025-09806-1,The global hydrogen budget,atmospheric chemistry; global budget; indirect climate forcing,ai_weather_climate_model_fidelity,777,concern,no
025_Nature_s41586-025-09806-1_peer_review_file__u0004,025_Nature_s41586-025-09806-1_peer_review_file.pdf,Nature,10.1038/s41586-025-09806-1,The global hydrogen budget,atmospheric chemistry; global budget; indirect climate forcing,ai_weather_climate_model_fidelity,137,major,no
025_Nature_s41586-025-09806-1_peer_review_file__u0006,025_Nature_s41586-025-09806-1_peer_review_file.pdf,Nature,10.1038/s41586-025-09806-1,The global hydrogen budget,atmospheric chemistry; global budget; indirect climate forcing,atmospheric_claim_evidence_calibration,535,however,no
025_Nature_s41586-025-09806-1_peer_review_file__u0007,025_Nature_s41586-025-09806-1_peer_review_file.pdf,Nature,10.1038/s41586-025-09806-1,The global hydrogen budget,atmospheric chemistry; global budget; indirect climate forcing,model_physics_assumption_sensitivity,917,unclear; why,no
025_Nature_s41586-025-09806-1_peer_review_file__u0008,025_Nature_s41586-025-09806-1_peer_review_file.pdf,Nature,10.1038/s41586-025-09806-1,The global hydrogen budget,atmospheric chemistry; global budget; indirect climate forcing,atmospheric_claim_evidence_calibration,191,unclear,no
025_Nature_s41586-025-09806-1_peer_review_file__u0010,025_Nature_s41586-025-09806-1_peer_review_file.pdf,Nature,10.1038/s41586-025-09806-1,The global hydrogen budget,atmospheric chemistry; global budget; indirect climate forcing,model_physics_assumption_sensitivity,408,however; concern,no
025_Nature_s41586-025-09806-1_peer_review_file__u0012,025_Nature_s41586-025-09806-1_peer_review_file.pdf,Nature,10.1038/s41586-025-09806-1,The global hydrogen budget,atmospheric chemistry; global budget; indirect climate forcing,observational_product_reanalysis_validity,387,however,no
025_Nature_s41586-025-09806-1_peer_review_file__u0013,025_Nature_s41586-025-09806-1_peer_review_file.pdf,Nature,10.1038/s41586-025-09806-1,The global hydrogen budget,atmospheric chemistry; global budget; indirect climate forcing,sampling_event_representativeness,158,should,no
025_Nature_s41586-025-09806-1_peer_review_file__u0014,025_Nature_s41586-025-09806-1_peer_review_file.pdf,Nature,10.1038/s41586-025-09806-1,The global hydrogen budget,atmospheric chemistry; global budget; indirect climate forcing,observational_product_reanalysis_validity,428,however; limitation,no
025_Nature_s41586-025-09806-1_peer_review_file__u0015,025_Nature_s41586-025-09806-1_peer_review_file.pdf,Nature,10.1038/s41586-025-09806-1,The global hydrogen budget,atmospheric chemistry; global budget; indirect climate forcing,aerosol_cloud_radiation_microphysics,468,unclear,no
025_Nature_s41586-025-09806-1_peer_review_file__u0016,025_Nature_s41586-025-09806-1_peer_review_file.pdf,Nature,10.1038/s41586-025-09806-1,The global hydrogen budget,atmospheric chemistry; global budget; indirect climate forcing,chemistry_emissions_budget,179,unclear,no
025_Nature_s41586-025-09806-1_peer_review_file__u0017,025_Nature_s41586-025-09806-1_peer_review_file.pdf,Nature,10.1038/s41586-025-09806-1,The global hydrogen budget,atmospheric chemistry; global budget; indirect climate forcing,atmospheric_claim_evidence_calibration,129,insufficient,no
025_Nature_s41586-025-09806-1_peer_review_file__u0021,025_Nature_s41586-025-09806-1_peer_review_file.pdf,Nature,10.1038/s41586-025-09806-1,The global hydrogen budget,atmospheric chemistry; global budget; indirect climate forcing,ai_weather_climate_model_fidelity,193,unclear,no
025_Nature_s41586-025-09806-1_peer_review_file__u0023,025_Nature_s41586-025-09806-1_peer_review_file.pdf,Nature,10.1038/s41586-025-09806-1,The global hydrogen budget,atmospheric chemistry; global budget; indirect climate forcing,atmospheric_claim_evidence_calibration,717,however; concern; lack,no
025_Nature_s41586-025-09806-1_peer_review_file__u0028,025_Nature_s41586-025-09806-1_peer_review_file.pdf,Nature,10.1038/s41586-025-09806-1,The global hydrogen budget,atmospheric chemistry; global budget; indirect climate forcing,model_physics_assumption_sensitivity,1059,however; concern; should; sensitivity,no
025_Nature_s41586-025-09806-1_peer_review_file__u0030,025_Nature_s41586-025-09806-1_peer_review_file.pdf,Nature,10.1038/s41586-025-09806-1,The global hydrogen budget,atmospheric chemistry; global budget; indirect climate forcing,chemistry_emissions_budget,821,however; concern,no
025_Nature_s41586-025-09806-1_peer_review_file__u0031,025_Nature_s41586-025-09806-1_peer_review_file.pdf,Nature,10.1038/s41586-025-09806-1,The global hydrogen budget,atmospheric chemistry; global budget; indirect climate forcing,detail_audit,2033,however; should; explain; clarify,no
025_Nature_s41586-025-09806-1_peer_review_file__u0033,025_Nature_s41586-025-09806-1_peer_review_file.pdf,Nature,10.1038/s41586-025-09806-1,The global hydrogen budget,atmospheric chemistry; global budget; indirect climate forcing,model_physics_assumption_sensitivity,1780,unclear; need; not clear; why; sensitivity,no
025_Nature_s41586-025-09806-1_peer_review_file__u0034,025_Nature_s41586-025-09806-1_peer_review_file.pdf,Nature,10.1038/s41586-025-09806-1,The global hydrogen budget,atmospheric chemistry; global budget; indirect climate forcing,observational_product_reanalysis_validity,589,need,no
025_Nature_s41586-025-09806-1_peer_review_file__u0035,025_Nature_s41586-025-09806-1_peer_review_file.pdf,Nature,10.1038/s41586-025-09806-1,The global hydrogen budget,atmospheric chemistry; global budget; indirect climate forcing,ai_weather_climate_model_fidelity,554,lack,no
025_Nature_s41586-025-09806-1_peer_review_file__u0036,025_Nature_s41586-025-09806-1_peer_review_file.pdf,Nature,10.1038/s41586-025-09806-1,The global hydrogen budget,atmospheric chemistry; global budget; indirect climate forcing,observational_product_reanalysis_validity,629,need,no
025_Nature_s41586-025-09806-1_peer_review_file__u0038,025_Nature_s41586-025-09806-1_peer_review_file.pdf,Nature,10.1038/s41586-025-09806-1,The global hydrogen budget,atmospheric chemistry; global budget; indirect climate forcing,observational_product_reanalysis_validity,551,should,no
025_Nature_s41586-025-09806-1_peer_review_file__u0041,025_Nature_s41586-025-09806-1_peer_review_file.pdf,Nature,10.1038/s41586-025-09806-1,The global hydrogen budget,atmospheric chemistry; global budget; indirect climate forcing,chemistry_emissions_budget,414,however,no
025_Nature_s41586-025-09806-1_peer_review_file__u0043,025_Nature_s41586-025-09806-1_peer_review_file.pdf,Nature,10.1038/s41586-025-09806-1,The global hydrogen budget,atmospheric chemistry; global budget; indirect climate forcing,observational_product_reanalysis_validity,428,however,no
025_Nature_s41586-025-09806-1_peer_review_file__u0044,025_Nature_s41586-025-09806-1_peer_review_file.pdf,Nature,10.1038/s41586-025-09806-1,The global hydrogen budget,atmospheric chemistry; global budget; indirect climate forcing,observational_product_reanalysis_validity,577,major,no
025_Nature_s41586-025-09806-1_peer_review_file__u0045,025_Nature_s41586-025-09806-1_peer_review_file.pdf,Nature,10.1038/s41586-025-09806-1,The global hydrogen budget,atmospheric chemistry; global budget; indirect climate forcing,chemistry_emissions_budget,713,however; major,no
025_Nature_s41586-025-09806-1_peer_review_file__u0046,025_Nature_s41586-025-09806-1_peer_review_file.pdf,Nature,10.1038/s41586-025-09806-1,The global hydrogen budget,atmospheric chemistry; global budget; indirect climate forcing,chemistry_emissions_budget,261,unclear; why,no
025_Nature_s41586-025-09806-1_peer_review_file__u0047,025_Nature_s41586-025-09806-1_peer_review_file.pdf,Nature,10.1038/s41586-025-09806-1,The global hydrogen budget,atmospheric chemistry; global budget; indirect climate forcing,observational_product_reanalysis_validity,116,however,no
025_Nature_s41586-025-09806-1_peer_review_file__u0048,025_Nature_s41586-025-09806-1_peer_review_file.pdf,Nature,10.1038/s41586-025-09806-1,The global hydrogen budget,atmospheric chemistry; global budget; indirect climate forcing,trend_internal_variability_signal_detection,344,major,no
025_Nature_s41586-025-09806-1_peer_review_file__u0049,025_Nature_s41586-025-09806-1_peer_review_file.pdf,Nature,10.1038/s41586-025-09806-1,The global hydrogen budget,atmospheric chemistry; global budget; indirect climate forcing,chemistry_emissions_budget,237,however,no
025_Nature_s41586-025-09806-1_peer_review_file__u0050,025_Nature_s41586-025-09806-1_peer_review_file.pdf,Nature,10.1038/s41586-025-09806-1,The global hydrogen budget,atmospheric chemistry; global budget; indirect climate forcing,model_physics_assumption_sensitivity,386,however; unclear; why,no
025_Nature_s41586-025-09806-1_peer_review_file__u0052,025_Nature_s41586-025-09806-1_peer_review_file.pdf,Nature,10.1038/s41586-025-09806-1,The global hydrogen budget,atmospheric chemistry; global budget; indirect climate forcing,atmospheric_claim_evidence_calibration,666,unclear,no
025_Nature_s41586-025-09806-1_peer_review_file__u0054,025_Nature_s41586-025-09806-1_peer_review_file.pdf,Nature,10.1038/s41586-025-09806-1,The global hydrogen budget,atmospheric chemistry; global budget; indirect climate forcing,observational_product_reanalysis_validity,480,however; should; lack,no
025_Nature_s41586-025-09806-1_peer_review_file__u0055,025_Nature_s41586-025-09806-1_peer_review_file.pdf,Nature,10.1038/s41586-025-09806-1,The global hydrogen budget,atmospheric chemistry; global budget; indirect climate forcing,sampling_event_representativeness,343,should,no
025_Nature_s41586-025-09806-1_peer_review_file__u0057,025_Nature_s41586-025-09806-1_peer_review_file.pdf,Nature,10.1038/s41586-025-09806-1,The global hydrogen budget,atmospheric chemistry; global budget; indirect climate forcing,chemistry_emissions_budget,236,unclear,no
025_Nature_s41586-025-09806-1_peer_review_file__u0058,025_Nature_s41586-025-09806-1_peer_review_file.pdf,Nature,10.1038/s41586-025-09806-1,The global hydrogen budget,atmospheric chemistry; global budget; indirect climate forcing,observational_product_reanalysis_validity,712,however; major; lack,no
025_Nature_s41586-025-09806-1_peer_review_file__u0059,025_Nature_s41586-025-09806-1_peer_review_file.pdf,Nature,10.1038/s41586-025-09806-1,The global hydrogen budget,atmospheric chemistry; global budget; indirect climate forcing,scale_resolution_boundary_consistency,178,should,no
025_Nature_s41586-025-09806-1_peer_review_file__u0061,025_Nature_s41586-025-09806-1_peer_review_file.pdf,Nature,10.1038/s41586-025-09806-1,The global hydrogen budget,atmospheric chemistry; global budget; indirect climate forcing,chemistry_emissions_budget,978,need,no
025_Nature_s41586-025-09806-1_peer_review_file__u0062,025_Nature_s41586-025-09806-1_peer_review_file.pdf,Nature,10.1038/s41586-025-09806-1,The global hydrogen budget,atmospheric chemistry; global budget; indirect climate forcing,atmospheric_claim_evidence_calibration,1663,however; concern; explain; clarify,no
025_Nature_s41586-025-09806-1_peer_review_file__u0063,025_Nature_s41586-025-09806-1_peer_review_file.pdf,Nature,10.1038/s41586-025-09806-1,The global hydrogen budget,atmospheric chemistry; global budget; indirect climate forcing,uncertainty_statistics_skill_metrics,1483,limitation,no
025_Nature_s41586-025-09806-1_peer_review_file__u0065,025_Nature_s41586-025-09806-1_peer_review_file.pdf,Nature,10.1038/s41586-025-09806-1,The global hydrogen budget,atmospheric chemistry; global budget; indirect climate forcing,detail_audit,1516,however; should; need; why,no
025_Nature_s41586-025-09806-1_peer_review_file__u0066,025_Nature_s41586-025-09806-1_peer_review_file.pdf,Nature,10.1038/s41586-025-09806-1,The global hydrogen budget,atmospheric chemistry; global budget; indirect climate forcing,model_physics_assumption_sensitivity,455,should,no
025_Nature_s41586-025-09806-1_peer_review_file__u0067,025_Nature_s41586-025-09806-1_peer_review_file.pdf,Nature,10.1038/s41586-025-09806-1,The global hydrogen budget,atmospheric chemistry; global budget; indirect climate forcing,atmospheric_claim_evidence_calibration,402,lack,no
025_Nature_s41586-025-09806-1_peer_review_file__u0068,025_Nature_s41586-025-09806-1_peer_review_file.pdf,Nature,10.1038/s41586-025-09806-1,The global hydrogen budget,atmospheric chemistry; global budget; indirect climate forcing,atmospheric_claim_evidence_calibration,368,however,no
025_Nature_s41586-025-09806-1_peer_review_file__u0070,025_Nature_s41586-025-09806-1_peer_review_file.pdf,Nature,10.1038/s41586-025-09806-1,The global hydrogen budget,atmospheric chemistry; global budget; indirect climate forcing,model_physics_assumption_sensitivity,2047,should; limitation,no
025_Nature_s41586-025-09806-1_peer_review_file__u0071,025_Nature_s41586-025-09806-1_peer_review_file.pdf,Nature,10.1038/s41586-025-09806-1,The global hydrogen budget,atmospheric chemistry; global budget; indirect climate forcing,chemistry_emissions_budget,1137,missing; explain,no
025_Nature_s41586-025-09806-1_peer_review_file__u0072,025_Nature_s41586-025-09806-1_peer_review_file.pdf,Nature,10.1038/s41586-025-09806-1,The global hydrogen budget,atmospheric chemistry; global budget; indirect climate forcing,chemistry_emissions_budget,1392,need; explain,no
025_Nature_s41586-025-09806-1_peer_review_file__u0073,025_Nature_s41586-025-09806-1_peer_review_file.pdf,Nature,10.1038/s41586-025-09806-1,The global hydrogen budget,atmospheric chemistry; global budget; indirect climate forcing,observational_product_reanalysis_validity,386,limitation,no
025_Nature_s41586-025-09806-1_peer_review_file__u0082,025_Nature_s41586-025-09806-1_peer_review_file.pdf,Nature,10.1038/s41586-025-09806-1,The global hydrogen budget,atmospheric chemistry; global budget; indirect climate forcing,chemistry_emissions_budget,1022,need,no
025_Nature_s41586-025-09806-1_peer_review_file__u0083,025_Nature_s41586-025-09806-1_peer_review_file.pdf,Nature,10.1038/s41586-025-09806-1,The global hydrogen budget,atmospheric chemistry; global budget; indirect climate forcing,observational_product_reanalysis_validity,990,should; need,no
025_Nature_s41586-025-09806-1_peer_review_file__u0085,025_Nature_s41586-025-09806-1_peer_review_file.pdf,Nature,10.1038/s41586-025-09806-1,The global hydrogen budget,atmospheric chemistry; global budget; indirect climate forcing,ai_weather_climate_model_fidelity,769,concern,no
025_Nature_s41586-025-09806-1_peer_review_file__u0087,025_Nature_s41586-025-09806-1_peer_review_file.pdf,Nature,10.1038/s41586-025-09806-1,The global hydrogen budget,atmospheric chemistry; global budget; indirect climate forcing,chemistry_emissions_budget,194,concern,no
025_Nature_s41586-025-09806-1_peer_review_file__u0088,025_Nature_s41586-025-09806-1_peer_review_file.pdf,Nature,10.1038/s41586-025-09806-1,The global hydrogen budget,atmospheric chemistry; global budget; indirect climate forcing,chemistry_emissions_budget,947,concern,no
025_Nature_s41586-025-09806-1_peer_review_file__u0089,025_Nature_s41586-025-09806-1_peer_review_file.pdf,Nature,10.1038/s41586-025-09806-1,The global hydrogen budget,atmospheric chemistry; global budget; indirect climate forcing,chemistry_emissions_budget,1032,need; needs,no
025_Nature_s41586-025-09806-1_peer_review_file__u0090,025_Nature_s41586-025-09806-1_peer_review_file.pdf,Nature,10.1038/s41586-025-09806-1,The global hydrogen budget,atmospheric chemistry; global budget; indirect climate forcing,ai_weather_climate_model_fidelity,137,major,no
025_Nature_s41586-025-09806-1_peer_review_file__u0094,025_Nature_s41586-025-09806-1_peer_review_file.pdf,Nature,10.1038/s41586-025-09806-1,The global hydrogen budget,atmospheric chemistry; global budget; indirect climate forcing,model_physics_assumption_sensitivity,848,however; sensitivity,no
025_Nature_s41586-025-09806-1_peer_review_file__u0097,025_Nature_s41586-025-09806-1_peer_review_file.pdf,Nature,10.1038/s41586-025-09806-1,The global hydrogen budget,atmospheric chemistry; global budget; indirect climate forcing,model_physics_assumption_sensitivity,1142,however,no
025_Nature_s41586-025-09806-1_peer_review_file__u0098,025_Nature_s41586-025-09806-1_peer_review_file.pdf,Nature,10.1038/s41586-025-09806-1,The global hydrogen budget,atmospheric chemistry; global budget; indirect climate forcing,model_physics_assumption_sensitivity,917,unclear; why,no
025_Nature_s41586-025-09806-1_peer_review_file__u0099,025_Nature_s41586-025-09806-1_peer_review_file.pdf,Nature,10.1038/s41586-025-09806-1,The global hydrogen budget,atmospheric chemistry; global budget; indirect climate forcing,scale_resolution_boundary_consistency,179,clarify,no
025_Nature_s41586-025-09806-1_peer_review_file__u0100,025_Nature_s41586-025-09806-1_peer_review_file.pdf,Nature,10.1038/s41586-025-09806-1,The global hydrogen budget,atmospheric chemistry; global budget; indirect climate forcing,model_physics_assumption_sensitivity,851,however,no
025_Nature_s41586-025-09806-1_peer_review_file__u0105,025_Nature_s41586-025-09806-1_peer_review_file.pdf,Nature,10.1038/s41586-025-09806-1,The global hydrogen budget,atmospheric chemistry; global budget; indirect climate forcing,sampling_event_representativeness,173,why,no
025_Nature_s41586-025-09806-1_peer_review_file__u0106,025_Nature_s41586-025-09806-1_peer_review_file.pdf,Nature,10.1038/s41586-025-09806-1,The global hydrogen budget,atmospheric chemistry; global budget; indirect climate forcing,observational_product_reanalysis_validity,393,why,no
025_Nature_s41586-025-09806-1_peer_review_file__u0107,025_Nature_s41586-025-09806-1_peer_review_file.pdf,Nature,10.1038/s41586-025-09806-1,The global hydrogen budget,atmospheric chemistry; global budget; indirect climate forcing,atmospheric_claim_evidence_calibration,191,unclear,no
025_Nature_s41586-025-09806-1_peer_review_file__u0108,025_Nature_s41586-025-09806-1_peer_review_file.pdf,Nature,10.1038/s41586-025-09806-1,The global hydrogen budget,atmospheric chemistry; global budget; indirect climate forcing,sampling_event_representativeness,2968,however; limitation,no
025_Nature_s41586-025-09806-1_peer_review_file__u0109,025_Nature_s41586-025-09806-1_peer_review_file.pdf,Nature,10.1038/s41586-025-09806-1,The global hydrogen budget,atmospheric chemistry; global budget; indirect climate forcing,model_physics_assumption_sensitivity,408,however; concern,no
025_Nature_s41586-025-09806-1_peer_review_file__u0112,025_Nature_s41586-025-09806-1_peer_review_file.pdf,Nature,10.1038/s41586-025-09806-1,The global hydrogen budget,atmospheric chemistry; global budget; indirect climate forcing,sampling_event_representativeness,1274,however,no
025_Nature_s41586-025-09806-1_peer_review_file__u0113,025_Nature_s41586-025-09806-1_peer_review_file.pdf,Nature,10.1038/s41586-025-09806-1,The global hydrogen budget,atmospheric chemistry; global budget; indirect climate forcing,observational_product_reanalysis_validity,387,however,no
025_Nature_s41586-025-09806-1_peer_review_file__u0114,025_Nature_s41586-025-09806-1_peer_review_file.pdf,Nature,10.1038/s41586-025-09806-1,The global hydrogen budget,atmospheric chemistry; global budget; indirect climate forcing,sampling_event_representativeness,158,should,no
025_Nature_s41586-025-09806-1_peer_review_file__u0115,025_Nature_s41586-025-09806-1_peer_review_file.pdf,Nature,10.1038/s41586-025-09806-1,The global hydrogen budget,atmospheric chemistry; global budget; indirect climate forcing,ai_weather_climate_model_fidelity,87,why,no
025_Nature_s41586-025-09806-1_peer_review_file__u0116,025_Nature_s41586-025-09806-1_peer_review_file.pdf,Nature,10.1038/s41586-025-09806-1,The global hydrogen budget,atmospheric chemistry; global budget; indirect climate forcing,observational_product_reanalysis_validity,912,however,no
025_Nature_s41586-025-09806-1_peer_review_file__u0117,025_Nature_s41586-025-09806-1_peer_review_file.pdf,Nature,10.1038/s41586-025-09806-1,The global hydrogen budget,atmospheric chemistry; global budget; indirect climate forcing,sampling_event_representativeness,456,insufficient,no
025_Nature_s41586-025-09806-1_peer_review_file__u0118,025_Nature_s41586-025-09806-1_peer_review_file.pdf,Nature,10.1038/s41586-025-09806-1,The global hydrogen budget,atmospheric chemistry; global budget; indirect climate forcing,observational_product_reanalysis_validity,937,however; need; limitation,no
025_Nature_s41586-025-09806-1_peer_review_file__u0120,025_Nature_s41586-025-09806-1_peer_review_file.pdf,Nature,10.1038/s41586-025-09806-1,The global hydrogen budget,atmospheric chemistry; global budget; indirect climate forcing,chemistry_emissions_budget,729,however,no
025_Nature_s41586-025-09806-1_peer_review_file__u0122,025_Nature_s41586-025-09806-1_peer_review_file.pdf,Nature,10.1038/s41586-025-09806-1,The global hydrogen budget,atmospheric chemistry; global budget; indirect climate forcing,aerosol_cloud_radiation_microphysics,468,unclear,no
025_Nature_s41586-025-09806-1_peer_review_file__u0123,025_Nature_s41586-025-09806-1_peer_review_file.pdf,Nature,10.1038/s41586-025-09806-1,The global hydrogen budget,atmospheric chemistry; global budget; indirect climate forcing,chemistry_emissions_budget,1135,missing; lack,no
025_Nature_s41586-025-09806-1_peer_review_file__u0124,025_Nature_s41586-025-09806-1_peer_review_file.pdf,Nature,10.1038/s41586-025-09806-1,The global hydrogen budget,atmospheric chemistry; global budget; indirect climate forcing,chemistry_emissions_budget,541,unclear,no
025_Nature_s41586-025-09806-1_peer_review_file__u0125,025_Nature_s41586-025-09806-1_peer_review_file.pdf,Nature,10.1038/s41586-025-09806-1,The global hydrogen budget,atmospheric chemistry; global budget; indirect climate forcing,atmospheric_claim_evidence_calibration,129,insufficient,no
025_Nature_s41586-025-09806-1_peer_review_file__u0127,025_Nature_s41586-025-09806-1_peer_review_file.pdf,Nature,10.1038/s41586-025-09806-1,The global hydrogen budget,atmospheric chemistry; global budget; indirect climate forcing,model_physics_assumption_sensitivity,552,however,no
025_Nature_s41586-025-09806-1_peer_review_file__u0130,025_Nature_s41586-025-09806-1_peer_review_file.pdf,Nature,10.1038/s41586-025-09806-1,The global hydrogen budget,atmospheric chemistry; global budget; indirect climate forcing,chemistry_emissions_budget,549,major,no
025_Nature_s41586-025-09806-1_peer_review_file__u0135,025_Nature_s41586-025-09806-1_peer_review_file.pdf,Nature,10.1038/s41586-025-09806-1,The global hydrogen budget,atmospheric chemistry; global budget; indirect climate forcing,aerosol_cloud_radiation_microphysics,147,however,no
025_Nature_s41586-025-09806-1_peer_review_file__u0138,025_Nature_s41586-025-09806-1_peer_review_file.pdf,Nature,10.1038/s41586-025-09806-1,The global hydrogen budget,atmospheric chemistry; global budget; indirect climate forcing,observational_product_reanalysis_validity,257,unclear,no
025_Nature_s41586-025-09806-1_peer_review_file__u0141,025_Nature_s41586-025-09806-1_peer_review_file.pdf,Nature,10.1038/s41586-025-09806-1,The global hydrogen budget,atmospheric chemistry; global budget; indirect climate forcing,atmospheric_claim_evidence_calibration,717,however; concern; lack,no
025_Nature_s41586-025-09806-1_peer_review_file__u0149,025_Nature_s41586-025-09806-1_peer_review_file.pdf,Nature,10.1038/s41586-025-09806-1,The global hydrogen budget,atmospheric chemistry; global budget; indirect climate forcing,chemistry_emissions_budget,843,major,no
025_Nature_s41586-025-09806-1_peer_review_file__u0155,025_Nature_s41586-025-09806-1_peer_review_file.pdf,Nature,10.1038/s41586-025-09806-1,The global hydrogen budget,atmospheric chemistry; global budget; indirect climate forcing,chemistry_emissions_budget,511,missing,no
025_Nature_s41586-025-09806-1_peer_review_file__u0159,025_Nature_s41586-025-09806-1_peer_review_file.pdf,Nature,10.1038/s41586-025-09806-1,The global hydrogen budget,atmospheric chemistry; global budget; indirect climate forcing,model_physics_assumption_sensitivity,581,however,no
025_Nature_s41586-025-09806-1_peer_review_file__u0160,025_Nature_s41586-025-09806-1_peer_review_file.pdf,Nature,10.1038/s41586-025-09806-1,The global hydrogen budget,atmospheric chemistry; global budget; indirect climate forcing,model_physics_assumption_sensitivity,1059,however; concern; should; sensitivity,no
025_Nature_s41586-025-09806-1_peer_review_file__u0161,025_Nature_s41586-025-09806-1_peer_review_file.pdf,Nature,10.1038/s41586-025-09806-1,The global hydrogen budget,atmospheric chemistry; global budget; indirect climate forcing,model_physics_assumption_sensitivity,942,sensitivity,no
025_Nature_s41586-025-09806-1_peer_review_file__u0163,025_Nature_s41586-025-09806-1_peer_review_file.pdf,Nature,10.1038/s41586-025-09806-1,The global hydrogen budget,atmospheric chemistry; global budget; indirect climate forcing,atmospheric_claim_evidence_calibration,780,however,no
025_Nature_s41586-025-09806-1_peer_review_file__u0164,025_Nature_s41586-025-09806-1_peer_review_file.pdf,Nature,10.1038/s41586-025-09806-1,The global hydrogen budget,atmospheric chemistry; global budget; indirect climate forcing,model_physics_assumption_sensitivity,1804,concern; should; clarify,no
025_Nature_s41586-025-09806-1_peer_review_file__u0165,025_Nature_s41586-025-09806-1_peer_review_file.pdf,Nature,10.1038/s41586-025-09806-1,The global hydrogen budget,atmospheric chemistry; global budget; indirect climate forcing,model_physics_assumption_sensitivity,774,however; why,no
025_Nature_s41586-025-09806-1_peer_review_file__u0169,025_Nature_s41586-025-09806-1_peer_review_file.pdf,Nature,10.1038/s41586-025-09806-1,The global hydrogen budget,atmospheric chemistry; global budget; indirect climate forcing,model_physics_assumption_sensitivity,469,however; major; lack,no
025_Nature_s41586-025-09806-1_peer_review_file__u0174,025_Nature_s41586-025-09806-1_peer_review_file.pdf,Nature,10.1038/s41586-025-09806-1,The global hydrogen budget,atmospheric chemistry; global budget; indirect climate forcing,model_physics_assumption_sensitivity,946,sensitivity,no
025_Nature_s41586-025-09806-1_peer_review_file__u0175,025_Nature_s41586-025-09806-1_peer_review_file.pdf,Nature,10.1038/s41586-025-09806-1,The global hydrogen budget,atmospheric chemistry; global budget; indirect climate forcing,chemistry_emissions_budget,2214,however; concern; missing; lack,no
025_Nature_s41586-025-09806-1_peer_review_file__u0181,025_Nature_s41586-025-09806-1_peer_review_file.pdf,Nature,10.1038/s41586-025-09806-1,The global hydrogen budget,atmospheric chemistry; global budget; indirect climate forcing,scale_resolution_boundary_consistency,261,should,no
025_Nature_s41586-025-09806-1_peer_review_file__u0182,025_Nature_s41586-025-09806-1_peer_review_file.pdf,Nature,10.1038/s41586-025-09806-1,The global hydrogen budget,atmospheric chemistry; global budget; indirect climate forcing,detail_audit,260,clarify,no
025_Nature_s41586-025-09806-1_peer_review_file__u0189,025_Nature_s41586-025-09806-1_peer_review_file.pdf,Nature,10.1038/s41586-025-09806-1,The global hydrogen budget,atmospheric chemistry; global budget; indirect climate forcing,chemistry_emissions_budget,719,however; clarify,no
025_Nature_s41586-025-09806-1_peer_review_file__u0196,025_Nature_s41586-025-09806-1_peer_review_file.pdf,Nature,10.1038/s41586-025-09806-1,The global hydrogen budget,atmospheric chemistry; global budget; indirect climate forcing,scale_resolution_boundary_consistency,370,need,no
025_Nature_s41586-025-09806-1_peer_review_file__u0198,025_Nature_s41586-025-09806-1_peer_review_file.pdf,Nature,10.1038/s41586-025-09806-1,The global hydrogen budget,atmospheric chemistry; global budget; indirect climate forcing,ai_weather_climate_model_fidelity,401,however,no
025_Nature_s41586-025-09806-1_peer_review_file__u0200,025_Nature_s41586-025-09806-1_peer_review_file.pdf,Nature,10.1038/s41586-025-09806-1,The global hydrogen budget,atmospheric chemistry; global budget; indirect climate forcing,chemistry_emissions_budget,2165,sensitivity,no
025_Nature_s41586-025-09806-1_peer_review_file__u0201,025_Nature_s41586-025-09806-1_peer_review_file.pdf,Nature,10.1038/s41586-025-09806-1,The global hydrogen budget,atmospheric chemistry; global budget; indirect climate forcing,chemistry_emissions_budget,1032,however; concern; sensitivity,no
025_Nature_s41586-025-09806-1_peer_review_file__u0203,025_Nature_s41586-025-09806-1_peer_review_file.pdf,Nature,10.1038/s41586-025-09806-1,The global hydrogen budget,atmospheric chemistry; global budget; indirect climate forcing,chemistry_emissions_budget,736,major; unclear; not clear,no
025_Nature_s41586-025-09806-1_peer_review_file__u0205,025_Nature_s41586-025-09806-1_peer_review_file.pdf,Nature,10.1038/s41586-025-09806-1,The global hydrogen budget,atmospheric chemistry; global budget; indirect climate forcing,model_physics_assumption_sensitivity,333,missing; lack,no
025_Nature_s41586-025-09806-1_peer_review_file__u0206,025_Nature_s41586-025-09806-1_peer_review_file.pdf,Nature,10.1038/s41586-025-09806-1,The global hydrogen budget,atmospheric chemistry; global budget; indirect climate forcing,chemistry_emissions_budget,349,need,no
025_Nature_s41586-025-09806-1_peer_review_file__u0207,025_Nature_s41586-025-09806-1_peer_review_file.pdf,Nature,10.1038/s41586-025-09806-1,The global hydrogen budget,atmospheric chemistry; global budget; indirect climate forcing,detail_audit,357,need; needs; limitation,no
025_Nature_s41586-025-09806-1_peer_review_file__u0208,025_Nature_s41586-025-09806-1_peer_review_file.pdf,Nature,10.1038/s41586-025-09806-1,The global hydrogen budget,atmospheric chemistry; global budget; indirect climate forcing,ai_weather_climate_model_fidelity,135,limitation,no
025_Nature_s41586-025-09806-1_peer_review_file__u0209,025_Nature_s41586-025-09806-1_peer_review_file.pdf,Nature,10.1038/s41586-025-09806-1,The global hydrogen budget,atmospheric chemistry; global budget; indirect climate forcing,atmospheric_claim_evidence_calibration,158,why,no
025_Nature_s41586-025-09806-1_peer_review_file__u0210,025_Nature_s41586-025-09806-1_peer_review_file.pdf,Nature,10.1038/s41586-025-09806-1,The global hydrogen budget,atmospheric chemistry; global budget; indirect climate forcing,detail_audit,322,lack; why,no
025_Nature_s41586-025-09806-1_peer_review_file__u0211,025_Nature_s41586-025-09806-1_peer_review_file.pdf,Nature,10.1038/s41586-025-09806-1,The global hydrogen budget,atmospheric chemistry; global budget; indirect climate forcing,observational_product_reanalysis_validity,589,need,no
025_Nature_s41586-025-09806-1_peer_review_file__u0212,025_Nature_s41586-025-09806-1_peer_review_file.pdf,Nature,10.1038/s41586-025-09806-1,The global hydrogen budget,atmospheric chemistry; global budget; indirect climate forcing,atmospheric_claim_evidence_calibration,394,lack,no
025_Nature_s41586-025-09806-1_peer_review_file__u0213,025_Nature_s41586-025-09806-1_peer_review_file.pdf,Nature,10.1038/s41586-025-09806-1,The global hydrogen budget,atmospheric chemistry; global budget; indirect climate forcing,chemistry_emissions_budget,1555,need; missing; lack; why,no
025_Nature_s41586-025-09806-1_peer_review_file__u0214,025_Nature_s41586-025-09806-1_peer_review_file.pdf,Nature,10.1038/s41586-025-09806-1,The global hydrogen budget,atmospheric chemistry; global budget; indirect climate forcing,observational_product_reanalysis_validity,629,need,no
025_Nature_s41586-025-09806-1_peer_review_file__u0215,025_Nature_s41586-025-09806-1_peer_review_file.pdf,Nature,10.1038/s41586-025-09806-1,The global hydrogen budget,atmospheric chemistry; global budget; indirect climate forcing,observational_product_reanalysis_validity,760,should,no
025_Nature_s41586-025-09806-1_peer_review_file__u0218,025_Nature_s41586-025-09806-1_peer_review_file.pdf,Nature,10.1038/s41586-025-09806-1,The global hydrogen budget,atmospheric chemistry; global budget; indirect climate forcing,ai_weather_climate_model_fidelity,559,however,no
025_Nature_s41586-025-09806-1_peer_review_file__u0224,025_Nature_s41586-025-09806-1_peer_review_file.pdf,Nature,10.1038/s41586-025-09806-1,The global hydrogen budget,atmospheric chemistry; global budget; indirect climate forcing,detail_audit,97,need,no
025_Nature_s41586-025-09806-1_peer_review_file__u0226,025_Nature_s41586-025-09806-1_peer_review_file.pdf,Nature,10.1038/s41586-025-09806-1,The global hydrogen budget,atmospheric chemistry; global budget; indirect climate forcing,scale_resolution_boundary_consistency,152,limitation,no
025_Nature_s41586-025-09806-1_peer_review_file__u0227,025_Nature_s41586-025-09806-1_peer_review_file.pdf,Nature,10.1038/s41586-025-09806-1,The global hydrogen budget,atmospheric chemistry; global budget; indirect climate forcing,model_physics_assumption_sensitivity,202,sensitivity,no
025_Nature_s41586-025-09806-1_peer_review_file__u0262,025_Nature_s41586-025-09806-1_peer_review_file.pdf,Nature,10.1038/s41586-025-09806-1,The global hydrogen budget,atmospheric chemistry; global budget; indirect climate forcing,chemistry_emissions_budget,390,however,no
025_Nature_s41586-025-09806-1_peer_review_file__u0264,025_Nature_s41586-025-09806-1_peer_review_file.pdf,Nature,10.1038/s41586-025-09806-1,The global hydrogen budget,atmospheric chemistry; global budget; indirect climate forcing,observational_product_reanalysis_validity,428,however,no
025_Nature_s41586-025-09806-1_peer_review_file__u0265,025_Nature_s41586-025-09806-1_peer_review_file.pdf,Nature,10.1038/s41586-025-09806-1,The global hydrogen budget,atmospheric chemistry; global budget; indirect climate forcing,observational_product_reanalysis_validity,577,major,no
025_Nature_s41586-025-09806-1_peer_review_file__u0266,025_Nature_s41586-025-09806-1_peer_review_file.pdf,Nature,10.1038/s41586-025-09806-1,The global hydrogen budget,atmospheric chemistry; global budget; indirect climate forcing,scale_resolution_boundary_consistency,295,major,no
025_Nature_s41586-025-09806-1_peer_review_file__u0267,025_Nature_s41586-025-09806-1_peer_review_file.pdf,Nature,10.1038/s41586-025-09806-1,The global hydrogen budget,atmospheric chemistry; global budget; indirect climate forcing,sampling_event_representativeness,813,however; major,no
025_Nature_s41586-025-09806-1_peer_review_file__u0269,025_Nature_s41586-025-09806-1_peer_review_file.pdf,Nature,10.1038/s41586-025-09806-1,The global hydrogen budget,atmospheric chemistry; global budget; indirect climate forcing,chemistry_emissions_budget,713,however; major,no
025_Nature_s41586-025-09806-1_peer_review_file__u0270,025_Nature_s41586-025-09806-1_peer_review_file.pdf,Nature,10.1038/s41586-025-09806-1,The global hydrogen budget,atmospheric chemistry; global budget; indirect climate forcing,chemistry_emissions_budget,798,however; major,no
025_Nature_s41586-025-09806-1_peer_review_file__u0271,025_Nature_s41586-025-09806-1_peer_review_file.pdf,Nature,10.1038/s41586-025-09806-1,The global hydrogen budget,atmospheric chemistry; global budget; indirect climate forcing,chemistry_emissions_budget,718,however; major; unclear; why,no
025_Nature_s41586-025-09806-1_peer_review_file__u0272,025_Nature_s41586-025-09806-1_peer_review_file.pdf,Nature,10.1038/s41586-025-09806-1,The global hydrogen budget,atmospheric chemistry; global budget; indirect climate forcing,chemistry_emissions_budget,237,however,no
025_Nature_s41586-025-09806-1_peer_review_file__u0273,025_Nature_s41586-025-09806-1_peer_review_file.pdf,Nature,10.1038/s41586-025-09806-1,The global hydrogen budget,atmospheric chemistry; global budget; indirect climate forcing,scale_resolution_boundary_consistency,417,clarify; limitation; would like,no
025_Nature_s41586-025-09806-1_peer_review_file__u0276,025_Nature_s41586-025-09806-1_peer_review_file.pdf,Nature,10.1038/s41586-025-09806-1,The global hydrogen budget,atmospheric chemistry; global budget; indirect climate forcing,scale_resolution_boundary_consistency,416,however; lack,no
025_Nature_s41586-025-09806-1_peer_review_file__u0277,025_Nature_s41586-025-09806-1_peer_review_file.pdf,Nature,10.1038/s41586-025-09806-1,The global hydrogen budget,atmospheric chemistry; global budget; indirect climate forcing,observational_product_reanalysis_validity,506,however,no
025_Nature_s41586-025-09806-1_peer_review_file__u0279,025_Nature_s41586-025-09806-1_peer_review_file.pdf,Nature,10.1038/s41586-025-09806-1,The global hydrogen budget,atmospheric chemistry; global budget; indirect climate forcing,sampling_event_representativeness,553,should; need; limitation,no
025_Nature_s41586-025-09806-1_peer_review_file__u0280,025_Nature_s41586-025-09806-1_peer_review_file.pdf,Nature,10.1038/s41586-025-09806-1,The global hydrogen budget,atmospheric chemistry; global budget; indirect climate forcing,model_physics_assumption_sensitivity,386,however; unclear; why,no
025_Nature_s41586-025-09806-1_peer_review_file__u0281,025_Nature_s41586-025-09806-1_peer_review_file.pdf,Nature,10.1038/s41586-025-09806-1,The global hydrogen budget,atmospheric chemistry; global budget; indirect climate forcing,model_physics_assumption_sensitivity,217,unclear,no
025_Nature_s41586-025-09806-1_peer_review_file__u0283,025_Nature_s41586-025-09806-1_peer_review_file.pdf,Nature,10.1038/s41586-025-09806-1,The global hydrogen budget,atmospheric chemistry; global budget; indirect climate forcing,model_physics_assumption_sensitivity,375,sensitivity,no
025_Nature_s41586-025-09806-1_peer_review_file__u0286,025_Nature_s41586-025-09806-1_peer_review_file.pdf,Nature,10.1038/s41586-025-09806-1,The global hydrogen budget,atmospheric chemistry; global budget; indirect climate forcing,atmospheric_claim_evidence_calibration,666,unclear,no
025_Nature_s41586-025-09806-1_peer_review_file__u0288,025_Nature_s41586-025-09806-1_peer_review_file.pdf,Nature,10.1038/s41586-025-09806-1,The global hydrogen budget,atmospheric chemistry; global budget; indirect climate forcing,atmospheric_claim_evidence_calibration,381,clarify,no
026_NatCommun_s41467-025-61133-1_peer_review_file__u0002,026_NatCommun_s41467-025-61133-1_peer_review_file.pdf,Nature Communications,10.1038/s41467-025-61133-1,Direct observations of airflow separation over ocean surface waves,boundary layer; air-sea interaction; airflow separation,mechanism_causality_circulation_dynamics,884,explain,no
026_NatCommun_s41467-025-61133-1_peer_review_file__u0003,026_NatCommun_s41467-025-61133-1_peer_review_file.pdf,Nature Communications,10.1038/s41467-025-61133-1,Direct observations of airflow separation over ocean surface waves,boundary layer; air-sea interaction; airflow separation,sampling_event_representativeness,1050,unclear; need; recommend,no
026_NatCommun_s41467-025-61133-1_peer_review_file__u0004,026_NatCommun_s41467-025-61133-1_peer_review_file.pdf,Nature Communications,10.1038/s41467-025-61133-1,Direct observations of airflow separation over ocean surface waves,boundary layer; air-sea interaction; airflow separation,atmospheric_claim_evidence_calibration,843,recommend,no
026_NatCommun_s41467-025-61133-1_peer_review_file__u0006,026_NatCommun_s41467-025-61133-1_peer_review_file.pdf,Nature Communications,10.1038/s41467-025-61133-1,Direct observations of airflow separation over ocean surface waves,boundary layer; air-sea interaction; airflow separation,atmospheric_claim_evidence_calibration,2030,however; should,no
026_NatCommun_s41467-025-61133-1_peer_review_file__u0007,026_NatCommun_s41467-025-61133-1_peer_review_file.pdf,Nature Communications,10.1038/s41467-025-61133-1,Direct observations of airflow separation over ocean surface waves,boundary layer; air-sea interaction; airflow separation,ai_weather_climate_model_fidelity,135,recommend,no
026_NatCommun_s41467-025-61133-1_peer_review_file__u0008,026_NatCommun_s41467-025-61133-1_peer_review_file.pdf,Nature Communications,10.1038/s41467-025-61133-1,Direct observations of airflow separation over ocean surface waves,boundary layer; air-sea interaction; airflow separation,reproducibility_data_code,205,major; should,no
026_NatCommun_s41467-025-61133-1_peer_review_file__u0019,026_NatCommun_s41467-025-61133-1_peer_review_file.pdf,Nature Communications,10.1038/s41467-025-61133-1,Direct observations of airflow separation over ocean surface waves,boundary layer; air-sea interaction; airflow separation,mechanism_causality_circulation_dynamics,645,should; lack; explain,no
026_NatCommun_s41467-025-61133-1_peer_review_file__u0027,026_NatCommun_s41467-025-61133-1_peer_review_file.pdf,Nature Communications,10.1038/s41467-025-61133-1,Direct observations of airflow separation over ocean surface waves,boundary layer; air-sea interaction; airflow separation,mechanism_causality_circulation_dynamics,414,concern; limitation,no
026_NatCommun_s41467-025-61133-1_peer_review_file__u0028,026_NatCommun_s41467-025-61133-1_peer_review_file.pdf,Nature Communications,10.1038/s41467-025-61133-1,Direct observations of airflow separation over ocean surface waves,boundary layer; air-sea interaction; airflow separation,ai_weather_climate_model_fidelity,1295,should; need,no
026_NatCommun_s41467-025-61133-1_peer_review_file__u0029,026_NatCommun_s41467-025-61133-1_peer_review_file.pdf,Nature Communications,10.1038/s41467-025-61133-1,Direct observations of airflow separation over ocean surface waves,boundary layer; air-sea interaction; airflow separation,atmospheric_claim_evidence_calibration,448,lack; would like,no
026_NatCommun_s41467-025-61133-1_peer_review_file__u0032,026_NatCommun_s41467-025-61133-1_peer_review_file.pdf,Nature Communications,10.1038/s41467-025-61133-1,Direct observations of airflow separation over ocean surface waves,boundary layer; air-sea interaction; airflow separation,atmospheric_claim_evidence_calibration,489,explain,no
026_NatCommun_s41467-025-61133-1_peer_review_file__u0033,026_NatCommun_s41467-025-61133-1_peer_review_file.pdf,Nature Communications,10.1038/s41467-025-61133-1,Direct observations of airflow separation over ocean surface waves,boundary layer; air-sea interaction; airflow separation,observational_product_reanalysis_validity,284,unclear,no
026_NatCommun_s41467-025-61133-1_peer_review_file__u0034,026_NatCommun_s41467-025-61133-1_peer_review_file.pdf,Nature Communications,10.1038/s41467-025-61133-1,Direct observations of airflow separation over ocean surface waves,boundary layer; air-sea interaction; airflow separation,aerosol_cloud_radiation_microphysics,1769,unclear; should; need; recommend,no
026_NatCommun_s41467-025-61133-1_peer_review_file__u0036,026_NatCommun_s41467-025-61133-1_peer_review_file.pdf,Nature Communications,10.1038/s41467-025-61133-1,Direct observations of airflow separation over ocean surface waves,boundary layer; air-sea interaction; airflow separation,observational_product_reanalysis_validity,1696,should; need,no
026_NatCommun_s41467-025-61133-1_peer_review_file__u0037,026_NatCommun_s41467-025-61133-1_peer_review_file.pdf,Nature Communications,10.1038/s41467-025-61133-1,Direct observations of airflow separation over ocean surface waves,boundary layer; air-sea interaction; airflow separation,sampling_event_representativeness,675,concern,no
026_NatCommun_s41467-025-61133-1_peer_review_file__u0038,026_NatCommun_s41467-025-61133-1_peer_review_file.pdf,Nature Communications,10.1038/s41467-025-61133-1,Direct observations of airflow separation over ocean surface waves,boundary layer; air-sea interaction; airflow separation,uncertainty_statistics_skill_metrics,936,however,no
026_NatCommun_s41467-025-61133-1_peer_review_file__u0040,026_NatCommun_s41467-025-61133-1_peer_review_file.pdf,Nature Communications,10.1038/s41467-025-61133-1,Direct observations of airflow separation over ocean surface waves,boundary layer; air-sea interaction; airflow separation,observational_product_reanalysis_validity,1589,however; recommend,no
026_NatCommun_s41467-025-61133-1_peer_review_file__u0043,026_NatCommun_s41467-025-61133-1_peer_review_file.pdf,Nature Communications,10.1038/s41467-025-61133-1,Direct observations of airflow separation over ocean surface waves,boundary layer; air-sea interaction; airflow separation,mechanism_causality_circulation_dynamics,1661,should,no
026_NatCommun_s41467-025-61133-1_peer_review_file__u0044,026_NatCommun_s41467-025-61133-1_peer_review_file.pdf,Nature Communications,10.1038/s41467-025-61133-1,Direct observations of airflow separation over ocean surface waves,boundary layer; air-sea interaction; airflow separation,scale_resolution_boundary_consistency,1667,however,no
026_NatCommun_s41467-025-61133-1_peer_review_file__u0046,026_NatCommun_s41467-025-61133-1_peer_review_file.pdf,Nature Communications,10.1038/s41467-025-61133-1,Direct observations of airflow separation over ocean surface waves,boundary layer; air-sea interaction; airflow separation,atmospheric_claim_evidence_calibration,516,should; recommend,no
026_NatCommun_s41467-025-61133-1_peer_review_file__u0047,026_NatCommun_s41467-025-61133-1_peer_review_file.pdf,Nature Communications,10.1038/s41467-025-61133-1,Direct observations of airflow separation over ocean surface waves,boundary layer; air-sea interaction; airflow separation,ai_weather_climate_model_fidelity,606,major; should,no
026_NatCommun_s41467-025-61133-1_peer_review_file__u0048,026_NatCommun_s41467-025-61133-1_peer_review_file.pdf,Nature Communications,10.1038/s41467-025-61133-1,Direct observations of airflow separation over ocean surface waves,boundary layer; air-sea interaction; airflow separation,atmospheric_claim_evidence_calibration,961,however,no
026_NatCommun_s41467-025-61133-1_peer_review_file__u0051,026_NatCommun_s41467-025-61133-1_peer_review_file.pdf,Nature Communications,10.1038/s41467-025-61133-1,Direct observations of airflow separation over ocean surface waves,boundary layer; air-sea interaction; airflow separation,observational_product_reanalysis_validity,2795,however,no
026_NatCommun_s41467-025-61133-1_peer_review_file__u0052,026_NatCommun_s41467-025-61133-1_peer_review_file.pdf,Nature Communications,10.1038/s41467-025-61133-1,Direct observations of airflow separation over ocean surface waves,boundary layer; air-sea interaction; airflow separation,observational_product_reanalysis_validity,1029,lack,no
026_NatCommun_s41467-025-61133-1_peer_review_file__u0054,026_NatCommun_s41467-025-61133-1_peer_review_file.pdf,Nature Communications,10.1038/s41467-025-61133-1,Direct observations of airflow separation over ocean surface waves,boundary layer; air-sea interaction; airflow separation,scale_resolution_boundary_consistency,1873,unclear; explain,no
026_NatCommun_s41467-025-61133-1_peer_review_file__u0057,026_NatCommun_s41467-025-61133-1_peer_review_file.pdf,Nature Communications,10.1038/s41467-025-61133-1,Direct observations of airflow separation over ocean surface waves,boundary layer; air-sea interaction; airflow separation,model_physics_assumption_sensitivity,1036,concern,no
027_NatCommun_s41467-026-68841-2_peer_review_file__u0004,027_NatCommun_s41467-026-68841-2_peer_review_file.pdf,Nature Communications,10.1038/s41467-026-68841-2,Shifting winter atmospheric teleconnections to the North Pacific reconcile Younger-Dryas and Holocene δ18O signals,teleconnections; paleoclimate; isotope proxy; atmospheric circulation,detail_audit,365,major; should,no
027_NatCommun_s41467-026-68841-2_peer_review_file__u0008,027_NatCommun_s41467-026-68841-2_peer_review_file.pdf,Nature Communications,10.1038/s41467-026-68841-2,Shifting winter atmospheric teleconnections to the North Pacific reconcile Younger-Dryas and Holocene δ18O signals,teleconnections; paleoclimate; isotope proxy; atmospheric circulation,detail_audit,111,need,no
027_NatCommun_s41467-026-68841-2_peer_review_file__u0009,027_NatCommun_s41467-026-68841-2_peer_review_file.pdf,Nature Communications,10.1038/s41467-026-68841-2,Shifting winter atmospheric teleconnections to the North Pacific reconcile Younger-Dryas and Holocene δ18O signals,teleconnections; paleoclimate; isotope proxy; atmospheric circulation,atmospheric_claim_evidence_calibration,299,unclear,no
027_NatCommun_s41467-026-68841-2_peer_review_file__u0010,027_NatCommun_s41467-026-68841-2_peer_review_file.pdf,Nature Communications,10.1038/s41467-026-68841-2,Shifting winter atmospheric teleconnections to the North Pacific reconcile Younger-Dryas and Holocene δ18O signals,teleconnections; paleoclimate; isotope proxy; atmospheric circulation,observational_product_reanalysis_validity,240,however; sensitivity,no
027_NatCommun_s41467-026-68841-2_peer_review_file__u0014,027_NatCommun_s41467-026-68841-2_peer_review_file.pdf,Nature Communications,10.1038/s41467-026-68841-2,Shifting winter atmospheric teleconnections to the North Pacific reconcile Younger-Dryas and Holocene δ18O signals,teleconnections; paleoclimate; isotope proxy; atmospheric circulation,atmospheric_claim_evidence_calibration,236,need; needs,no
027_NatCommun_s41467-026-68841-2_peer_review_file__u0023,027_NatCommun_s41467-026-68841-2_peer_review_file.pdf,Nature Communications,10.1038/s41467-026-68841-2,Shifting winter atmospheric teleconnections to the North Pacific reconcile Younger-Dryas and Holocene δ18O signals,teleconnections; paleoclimate; isotope proxy; atmospheric circulation,sampling_event_representativeness,305,should; need; needs; why,no
027_NatCommun_s41467-026-68841-2_peer_review_file__u0024,027_NatCommun_s41467-026-68841-2_peer_review_file.pdf,Nature Communications,10.1038/s41467-026-68841-2,Shifting winter atmospheric teleconnections to the North Pacific reconcile Younger-Dryas and Holocene δ18O signals,teleconnections; paleoclimate; isotope proxy; atmospheric circulation,detail_audit,619,clarify,no
027_NatCommun_s41467-026-68841-2_peer_review_file__u0025,027_NatCommun_s41467-026-68841-2_peer_review_file.pdf,Nature Communications,10.1038/s41467-026-68841-2,Shifting winter atmospheric teleconnections to the North Pacific reconcile Younger-Dryas and Holocene δ18O signals,teleconnections; paleoclimate; isotope proxy; atmospheric circulation,atmospheric_claim_evidence_calibration,338,however; need; lack,no
027_NatCommun_s41467-026-68841-2_peer_review_file__u0026,027_NatCommun_s41467-026-68841-2_peer_review_file.pdf,Nature Communications,10.1038/s41467-026-68841-2,Shifting winter atmospheric teleconnections to the North Pacific reconcile Younger-Dryas and Holocene δ18O signals,teleconnections; paleoclimate; isotope proxy; atmospheric circulation,atmospheric_claim_evidence_calibration,692,however,no
027_NatCommun_s41467-026-68841-2_peer_review_file__u0027,027_NatCommun_s41467-026-68841-2_peer_review_file.pdf,Nature Communications,10.1038/s41467-026-68841-2,Shifting winter atmospheric teleconnections to the North Pacific reconcile Younger-Dryas and Holocene δ18O signals,teleconnections; paleoclimate; isotope proxy; atmospheric circulation,ai_weather_climate_model_fidelity,490,should; why,no
027_NatCommun_s41467-026-68841-2_peer_review_file__u0028,027_NatCommun_s41467-026-68841-2_peer_review_file.pdf,Nature Communications,10.1038/s41467-026-68841-2,Shifting winter atmospheric teleconnections to the North Pacific reconcile Younger-Dryas and Holocene δ18O signals,teleconnections; paleoclimate; isotope proxy; atmospheric circulation,atmospheric_claim_evidence_calibration,563,justify; why,no
027_NatCommun_s41467-026-68841-2_peer_review_file__u0029,027_NatCommun_s41467-026-68841-2_peer_review_file.pdf,Nature Communications,10.1038/s41467-026-68841-2,Shifting winter atmospheric teleconnections to the North Pacific reconcile Younger-Dryas and Holocene δ18O signals,teleconnections; paleoclimate; isotope proxy; atmospheric circulation,chemistry_emissions_budget,578,however; concern; clarify,no
027_NatCommun_s41467-026-68841-2_peer_review_file__u0031,027_NatCommun_s41467-026-68841-2_peer_review_file.pdf,Nature Communications,10.1038/s41467-026-68841-2,Shifting winter atmospheric teleconnections to the North Pacific reconcile Younger-Dryas and Holocene δ18O signals,teleconnections; paleoclimate; isotope proxy; atmospheric circulation,atmospheric_claim_evidence_calibration,440,should; limitation; recommend,no
027_NatCommun_s41467-026-68841-2_peer_review_file__u0032,027_NatCommun_s41467-026-68841-2_peer_review_file.pdf,Nature Communications,10.1038/s41467-026-68841-2,Shifting winter atmospheric teleconnections to the North Pacific reconcile Younger-Dryas and Holocene δ18O signals,teleconnections; paleoclimate; isotope proxy; atmospheric circulation,atmospheric_claim_evidence_calibration,890,however; overstate,no
027_NatCommun_s41467-026-68841-2_peer_review_file__u0033,027_NatCommun_s41467-026-68841-2_peer_review_file.pdf,Nature Communications,10.1038/s41467-026-68841-2,Shifting winter atmospheric teleconnections to the North Pacific reconcile Younger-Dryas and Holocene δ18O signals,teleconnections; paleoclimate; isotope proxy; atmospheric circulation,atmospheric_claim_evidence_calibration,188,recommend,no
027_NatCommun_s41467-026-68841-2_peer_review_file__u0035,027_NatCommun_s41467-026-68841-2_peer_review_file.pdf,Nature Communications,10.1038/s41467-026-68841-2,Shifting winter atmospheric teleconnections to the North Pacific reconcile Younger-Dryas and Holocene δ18O signals,teleconnections; paleoclimate; isotope proxy; atmospheric circulation,atmospheric_claim_evidence_calibration,570,need; explain; why,no
027_NatCommun_s41467-026-68841-2_peer_review_file__u0036,027_NatCommun_s41467-026-68841-2_peer_review_file.pdf,Nature Communications,10.1038/s41467-026-68841-2,Shifting winter atmospheric teleconnections to the North Pacific reconcile Younger-Dryas and Holocene δ18O signals,teleconnections; paleoclimate; isotope proxy; atmospheric circulation,atmospheric_claim_evidence_calibration,268,explain,no
027_NatCommun_s41467-026-68841-2_peer_review_file__u0037,027_NatCommun_s41467-026-68841-2_peer_review_file.pdf,Nature Communications,10.1038/s41467-026-68841-2,Shifting winter atmospheric teleconnections to the North Pacific reconcile Younger-Dryas and Holocene δ18O signals,teleconnections; paleoclimate; isotope proxy; atmospheric circulation,atmospheric_claim_evidence_calibration,390,need,no
027_NatCommun_s41467-026-68841-2_peer_review_file__u0038,027_NatCommun_s41467-026-68841-2_peer_review_file.pdf,Nature Communications,10.1038/s41467-026-68841-2,Shifting winter atmospheric teleconnections to the North Pacific reconcile Younger-Dryas and Holocene δ18O signals,teleconnections; paleoclimate; isotope proxy; atmospheric circulation,sampling_event_representativeness,366,concern,no
027_NatCommun_s41467-026-68841-2_peer_review_file__u0039,027_NatCommun_s41467-026-68841-2_peer_review_file.pdf,Nature Communications,10.1038/s41467-026-68841-2,Shifting winter atmospheric teleconnections to the North Pacific reconcile Younger-Dryas and Holocene δ18O signals,teleconnections; paleoclimate; isotope proxy; atmospheric circulation,atmospheric_claim_evidence_calibration,275,explain; why,no
027_NatCommun_s41467-026-68841-2_peer_review_file__u0042,027_NatCommun_s41467-026-68841-2_peer_review_file.pdf,Nature Communications,10.1038/s41467-026-68841-2,Shifting winter atmospheric teleconnections to the North Pacific reconcile Younger-Dryas and Holocene δ18O signals,teleconnections; paleoclimate; isotope proxy; atmospheric circulation,sampling_event_representativeness,490,should,no
027_NatCommun_s41467-026-68841-2_peer_review_file__u0046,027_NatCommun_s41467-026-68841-2_peer_review_file.pdf,Nature Communications,10.1038/s41467-026-68841-2,Shifting winter atmospheric teleconnections to the North Pacific reconcile Younger-Dryas and Holocene δ18O signals,teleconnections; paleoclimate; isotope proxy; atmospheric circulation,uncertainty_statistics_skill_metrics,157,however,no
027_NatCommun_s41467-026-68841-2_peer_review_file__u0047,027_NatCommun_s41467-026-68841-2_peer_review_file.pdf,Nature Communications,10.1038/s41467-026-68841-2,Shifting winter atmospheric teleconnections to the North Pacific reconcile Younger-Dryas and Holocene δ18O signals,teleconnections; paleoclimate; isotope proxy; atmospheric circulation,mechanism_causality_circulation_dynamics,1132,need; why; sensitivity,no
027_NatCommun_s41467-026-68841-2_peer_review_file__u0048,027_NatCommun_s41467-026-68841-2_peer_review_file.pdf,Nature Communications,10.1038/s41467-026-68841-2,Shifting winter atmospheric teleconnections to the North Pacific reconcile Younger-Dryas and Holocene δ18O signals,teleconnections; paleoclimate; isotope proxy; atmospheric circulation,atmospheric_claim_evidence_calibration,535,should,no
027_NatCommun_s41467-026-68841-2_peer_review_file__u0049,027_NatCommun_s41467-026-68841-2_peer_review_file.pdf,Nature Communications,10.1038/s41467-026-68841-2,Shifting winter atmospheric teleconnections to the North Pacific reconcile Younger-Dryas and Holocene δ18O signals,teleconnections; paleoclimate; isotope proxy; atmospheric circulation,atmospheric_claim_evidence_calibration,444,should,no
027_NatCommun_s41467-026-68841-2_peer_review_file__u0057,027_NatCommun_s41467-026-68841-2_peer_review_file.pdf,Nature Communications,10.1038/s41467-026-68841-2,Shifting winter atmospheric teleconnections to the North Pacific reconcile Younger-Dryas and Holocene δ18O signals,teleconnections; paleoclimate; isotope proxy; atmospheric circulation,atmospheric_claim_evidence_calibration,299,should; need,no
027_NatCommun_s41467-026-68841-2_peer_review_file__u0060,027_NatCommun_s41467-026-68841-2_peer_review_file.pdf,Nature Communications,10.1038/s41467-026-68841-2,Shifting winter atmospheric teleconnections to the North Pacific reconcile Younger-Dryas and Holocene δ18O signals,teleconnections; paleoclimate; isotope proxy; atmospheric circulation,atmospheric_claim_evidence_calibration,603,major; should; explain; why,no
027_NatCommun_s41467-026-68841-2_peer_review_file__u0061,027_NatCommun_s41467-026-68841-2_peer_review_file.pdf,Nature Communications,10.1038/s41467-026-68841-2,Shifting winter atmospheric teleconnections to the North Pacific reconcile Younger-Dryas and Holocene δ18O signals,teleconnections; paleoclimate; isotope proxy; atmospheric circulation,scale_resolution_boundary_consistency,462,why,no
027_NatCommun_s41467-026-68841-2_peer_review_file__u0062,027_NatCommun_s41467-026-68841-2_peer_review_file.pdf,Nature Communications,10.1038/s41467-026-68841-2,Shifting winter atmospheric teleconnections to the North Pacific reconcile Younger-Dryas and Holocene δ18O signals,teleconnections; paleoclimate; isotope proxy; atmospheric circulation,detail_audit,225,need,no
027_NatCommun_s41467-026-68841-2_peer_review_file__u0064,027_NatCommun_s41467-026-68841-2_peer_review_file.pdf,Nature Communications,10.1038/s41467-026-68841-2,Shifting winter atmospheric teleconnections to the North Pacific reconcile Younger-Dryas and Holocene δ18O signals,teleconnections; paleoclimate; isotope proxy; atmospheric circulation,atmospheric_claim_evidence_calibration,648,need; needs; why,no
027_NatCommun_s41467-026-68841-2_peer_review_file__u0065,027_NatCommun_s41467-026-68841-2_peer_review_file.pdf,Nature Communications,10.1038/s41467-026-68841-2,Shifting winter atmospheric teleconnections to the North Pacific reconcile Younger-Dryas and Holocene δ18O signals,teleconnections; paleoclimate; isotope proxy; atmospheric circulation,ai_weather_climate_model_fidelity,485,explain,no
027_NatCommun_s41467-026-68841-2_peer_review_file__u0066,027_NatCommun_s41467-026-68841-2_peer_review_file.pdf,Nature Communications,10.1038/s41467-026-68841-2,Shifting winter atmospheric teleconnections to the North Pacific reconcile Younger-Dryas and Holocene δ18O signals,teleconnections; paleoclimate; isotope proxy; atmospheric circulation,uncertainty_statistics_skill_metrics,199,concern; major,no
027_NatCommun_s41467-026-68841-2_peer_review_file__u0067,027_NatCommun_s41467-026-68841-2_peer_review_file.pdf,Nature Communications,10.1038/s41467-026-68841-2,Shifting winter atmospheric teleconnections to the North Pacific reconcile Younger-Dryas and Holocene δ18O signals,teleconnections; paleoclimate; isotope proxy; atmospheric circulation,detail_audit,129,should,no
027_NatCommun_s41467-026-68841-2_peer_review_file__u0068,027_NatCommun_s41467-026-68841-2_peer_review_file.pdf,Nature Communications,10.1038/s41467-026-68841-2,Shifting winter atmospheric teleconnections to the North Pacific reconcile Younger-Dryas and Holocene δ18O signals,teleconnections; paleoclimate; isotope proxy; atmospheric circulation,reproducibility_data_code,391,need; needs,no
027_NatCommun_s41467-026-68841-2_peer_review_file__u0071,027_NatCommun_s41467-026-68841-2_peer_review_file.pdf,Nature Communications,10.1038/s41467-026-68841-2,Shifting winter atmospheric teleconnections to the North Pacific reconcile Younger-Dryas and Holocene δ18O signals,teleconnections; paleoclimate; isotope proxy; atmospheric circulation,atmospheric_claim_evidence_calibration,399,concern,no
027_NatCommun_s41467-026-68841-2_peer_review_file__u0072,027_NatCommun_s41467-026-68841-2_peer_review_file.pdf,Nature Communications,10.1038/s41467-026-68841-2,Shifting winter atmospheric teleconnections to the North Pacific reconcile Younger-Dryas and Holocene δ18O signals,teleconnections; paleoclimate; isotope proxy; atmospheric circulation,atmospheric_claim_evidence_calibration,854,concern; unclear; should; recommend,no
027_NatCommun_s41467-026-68841-2_peer_review_file__u0073,027_NatCommun_s41467-026-68841-2_peer_review_file.pdf,Nature Communications,10.1038/s41467-026-68841-2,Shifting winter atmospheric teleconnections to the North Pacific reconcile Younger-Dryas and Holocene δ18O signals,teleconnections; paleoclimate; isotope proxy; atmospheric circulation,ai_weather_climate_model_fidelity,374,recommend,no
027_NatCommun_s41467-026-68841-2_peer_review_file__u0074,027_NatCommun_s41467-026-68841-2_peer_review_file.pdf,Nature Communications,10.1038/s41467-026-68841-2,Shifting winter atmospheric teleconnections to the North Pacific reconcile Younger-Dryas and Holocene δ18O signals,teleconnections; paleoclimate; isotope proxy; atmospheric circulation,scale_resolution_boundary_consistency,1163,explain; why,no
027_NatCommun_s41467-026-68841-2_peer_review_file__u0076,027_NatCommun_s41467-026-68841-2_peer_review_file.pdf,Nature Communications,10.1038/s41467-026-68841-2,Shifting winter atmospheric teleconnections to the North Pacific reconcile Younger-Dryas and Holocene δ18O signals,teleconnections; paleoclimate; isotope proxy; atmospheric circulation,ai_weather_climate_model_fidelity,329,recommend,no
027_NatCommun_s41467-026-68841-2_peer_review_file__u0078,027_NatCommun_s41467-026-68841-2_peer_review_file.pdf,Nature Communications,10.1038/s41467-026-68841-2,Shifting winter atmospheric teleconnections to the North Pacific reconcile Younger-Dryas and Holocene δ18O signals,teleconnections; paleoclimate; isotope proxy; atmospheric circulation,ai_weather_climate_model_fidelity,143,missing,no
027_NatCommun_s41467-026-68841-2_peer_review_file__u0081,027_NatCommun_s41467-026-68841-2_peer_review_file.pdf,Nature Communications,10.1038/s41467-026-68841-2,Shifting winter atmospheric teleconnections to the North Pacific reconcile Younger-Dryas and Holocene δ18O signals,teleconnections; paleoclimate; isotope proxy; atmospheric circulation,detail_audit,217,recommend,no
027_NatCommun_s41467-026-68841-2_peer_review_file__u0082,027_NatCommun_s41467-026-68841-2_peer_review_file.pdf,Nature Communications,10.1038/s41467-026-68841-2,Shifting winter atmospheric teleconnections to the North Pacific reconcile Younger-Dryas and Holocene δ18O signals,teleconnections; paleoclimate; isotope proxy; atmospheric circulation,ai_weather_climate_model_fidelity,290,unclear; should,no
027_NatCommun_s41467-026-68841-2_peer_review_file__u0084,027_NatCommun_s41467-026-68841-2_peer_review_file.pdf,Nature Communications,10.1038/s41467-026-68841-2,Shifting winter atmospheric teleconnections to the North Pacific reconcile Younger-Dryas and Holocene δ18O signals,teleconnections; paleoclimate; isotope proxy; atmospheric circulation,ai_weather_climate_model_fidelity,456,should,no
027_NatCommun_s41467-026-68841-2_peer_review_file__u0086,027_NatCommun_s41467-026-68841-2_peer_review_file.pdf,Nature Communications,10.1038/s41467-026-68841-2,Shifting winter atmospheric teleconnections to the North Pacific reconcile Younger-Dryas and Holocene δ18O signals,teleconnections; paleoclimate; isotope proxy; atmospheric circulation,atmospheric_claim_evidence_calibration,186,need; not clear; why,no
027_NatCommun_s41467-026-68841-2_peer_review_file__u0087,027_NatCommun_s41467-026-68841-2_peer_review_file.pdf,Nature Communications,10.1038/s41467-026-68841-2,Shifting winter atmospheric teleconnections to the North Pacific reconcile Younger-Dryas and Holocene δ18O signals,teleconnections; paleoclimate; isotope proxy; atmospheric circulation,uncertainty_statistics_skill_metrics,100,need,no
027_NatCommun_s41467-026-68841-2_peer_review_file__u0088,027_NatCommun_s41467-026-68841-2_peer_review_file.pdf,Nature Communications,10.1038/s41467-026-68841-2,Shifting winter atmospheric teleconnections to the North Pacific reconcile Younger-Dryas and Holocene δ18O signals,teleconnections; paleoclimate; isotope proxy; atmospheric circulation,mechanism_causality_circulation_dynamics,195,why,no
027_NatCommun_s41467-026-68841-2_peer_review_file__u0089,027_NatCommun_s41467-026-68841-2_peer_review_file.pdf,Nature Communications,10.1038/s41467-026-68841-2,Shifting winter atmospheric teleconnections to the North Pacific reconcile Younger-Dryas and Holocene δ18O signals,teleconnections; paleoclimate; isotope proxy; atmospheric circulation,atmospheric_claim_evidence_calibration,143,should; why,no
027_NatCommun_s41467-026-68841-2_peer_review_file__u0093,027_NatCommun_s41467-026-68841-2_peer_review_file.pdf,Nature Communications,10.1038/s41467-026-68841-2,Shifting winter atmospheric teleconnections to the North Pacific reconcile Younger-Dryas and Holocene δ18O signals,teleconnections; paleoclimate; isotope proxy; atmospheric circulation,mechanism_causality_circulation_dynamics,436,explain,no
027_NatCommun_s41467-026-68841-2_peer_review_file__u0097,027_NatCommun_s41467-026-68841-2_peer_review_file.pdf,Nature Communications,10.1038/s41467-026-68841-2,Shifting winter atmospheric teleconnections to the North Pacific reconcile Younger-Dryas and Holocene δ18O signals,teleconnections; paleoclimate; isotope proxy; atmospheric circulation,sampling_event_representativeness,456,recommend,no
027_NatCommun_s41467-026-68841-2_peer_review_file__u0102,027_NatCommun_s41467-026-68841-2_peer_review_file.pdf,Nature Communications,10.1038/s41467-026-68841-2,Shifting winter atmospheric teleconnections to the North Pacific reconcile Younger-Dryas and Holocene δ18O signals,teleconnections; paleoclimate; isotope proxy; atmospheric circulation,mechanism_causality_circulation_dynamics,289,should,no
027_NatCommun_s41467-026-68841-2_peer_review_file__u0104,027_NatCommun_s41467-026-68841-2_peer_review_file.pdf,Nature Communications,10.1038/s41467-026-68841-2,Shifting winter atmospheric teleconnections to the North Pacific reconcile Younger-Dryas and Holocene δ18O signals,teleconnections; paleoclimate; isotope proxy; atmospheric circulation,ai_weather_climate_model_fidelity,417,should,no
027_NatCommun_s41467-026-68841-2_peer_review_file__u0105,027_NatCommun_s41467-026-68841-2_peer_review_file.pdf,Nature Communications,10.1038/s41467-026-68841-2,Shifting winter atmospheric teleconnections to the North Pacific reconcile Younger-Dryas and Holocene δ18O signals,teleconnections; paleoclimate; isotope proxy; atmospheric circulation,observational_product_reanalysis_validity,1184,should; need; lack,no
027_NatCommun_s41467-026-68841-2_peer_review_file__u0107,027_NatCommun_s41467-026-68841-2_peer_review_file.pdf,Nature Communications,10.1038/s41467-026-68841-2,Shifting winter atmospheric teleconnections to the North Pacific reconcile Younger-Dryas and Holocene δ18O signals,teleconnections; paleoclimate; isotope proxy; atmospheric circulation,detail_audit,365,major; should,no
027_NatCommun_s41467-026-68841-2_peer_review_file__u0113,027_NatCommun_s41467-026-68841-2_peer_review_file.pdf,Nature Communications,10.1038/s41467-026-68841-2,Shifting winter atmospheric teleconnections to the North Pacific reconcile Younger-Dryas and Holocene δ18O signals,teleconnections; paleoclimate; isotope proxy; atmospheric circulation,ai_weather_climate_model_fidelity,177,should,no
027_NatCommun_s41467-026-68841-2_peer_review_file__u0114,027_NatCommun_s41467-026-68841-2_peer_review_file.pdf,Nature Communications,10.1038/s41467-026-68841-2,Shifting winter atmospheric teleconnections to the North Pacific reconcile Younger-Dryas and Holocene δ18O signals,teleconnections; paleoclimate; isotope proxy; atmospheric circulation,model_physics_assumption_sensitivity,238,need,no
027_NatCommun_s41467-026-68841-2_peer_review_file__u0116,027_NatCommun_s41467-026-68841-2_peer_review_file.pdf,Nature Communications,10.1038/s41467-026-68841-2,Shifting winter atmospheric teleconnections to the North Pacific reconcile Younger-Dryas and Holocene δ18O signals,teleconnections; paleoclimate; isotope proxy; atmospheric circulation,detail_audit,133,need,no
027_NatCommun_s41467-026-68841-2_peer_review_file__u0117,027_NatCommun_s41467-026-68841-2_peer_review_file.pdf,Nature Communications,10.1038/s41467-026-68841-2,Shifting winter atmospheric teleconnections to the North Pacific reconcile Younger-Dryas and Holocene δ18O signals,teleconnections; paleoclimate; isotope proxy; atmospheric circulation,detail_audit,92,unclear,no
027_NatCommun_s41467-026-68841-2_peer_review_file__u0118,027_NatCommun_s41467-026-68841-2_peer_review_file.pdf,Nature Communications,10.1038/s41467-026-68841-2,Shifting winter atmospheric teleconnections to the North Pacific reconcile Younger-Dryas and Holocene δ18O signals,teleconnections; paleoclimate; isotope proxy; atmospheric circulation,atmospheric_claim_evidence_calibration,430,need; clarify,no
027_NatCommun_s41467-026-68841-2_peer_review_file__u0120,027_NatCommun_s41467-026-68841-2_peer_review_file.pdf,Nature Communications,10.1038/s41467-026-68841-2,Shifting winter atmospheric teleconnections to the North Pacific reconcile Younger-Dryas and Holocene δ18O signals,teleconnections; paleoclimate; isotope proxy; atmospheric circulation,observational_product_reanalysis_validity,534,concern,no
027_NatCommun_s41467-026-68841-2_peer_review_file__u0121,027_NatCommun_s41467-026-68841-2_peer_review_file.pdf,Nature Communications,10.1038/s41467-026-68841-2,Shifting winter atmospheric teleconnections to the North Pacific reconcile Younger-Dryas and Holocene δ18O signals,teleconnections; paleoclimate; isotope proxy; atmospheric circulation,model_physics_assumption_sensitivity,94,however; sensitivity,no
027_NatCommun_s41467-026-68841-2_peer_review_file__u0124,027_NatCommun_s41467-026-68841-2_peer_review_file.pdf,Nature Communications,10.1038/s41467-026-68841-2,Shifting winter atmospheric teleconnections to the North Pacific reconcile Younger-Dryas and Holocene δ18O signals,teleconnections; paleoclimate; isotope proxy; atmospheric circulation,atmospheric_claim_evidence_calibration,213,however,no
027_NatCommun_s41467-026-68841-2_peer_review_file__u0125,027_NatCommun_s41467-026-68841-2_peer_review_file.pdf,Nature Communications,10.1038/s41467-026-68841-2,Shifting winter atmospheric teleconnections to the North Pacific reconcile Younger-Dryas and Holocene δ18O signals,teleconnections; paleoclimate; isotope proxy; atmospheric circulation,atmospheric_claim_evidence_calibration,312,need; needs,no
027_NatCommun_s41467-026-68841-2_peer_review_file__u0130,027_NatCommun_s41467-026-68841-2_peer_review_file.pdf,Nature Communications,10.1038/s41467-026-68841-2,Shifting winter atmospheric teleconnections to the North Pacific reconcile Younger-Dryas and Holocene δ18O signals,teleconnections; paleoclimate; isotope proxy; atmospheric circulation,ai_weather_climate_model_fidelity,176,explain,no
027_NatCommun_s41467-026-68841-2_peer_review_file__u0135,027_NatCommun_s41467-026-68841-2_peer_review_file.pdf,Nature Communications,10.1038/s41467-026-68841-2,Shifting winter atmospheric teleconnections to the North Pacific reconcile Younger-Dryas and Holocene δ18O signals,teleconnections; paleoclimate; isotope proxy; atmospheric circulation,detail_audit,312,clarify,no
028_NatCommun_s41467-024-45001-y_peer_review_file__u0001,028_NatCommun_s41467-024-45001-y_peer_review_file.pdf,Nature Communications,10.1038/s41467-024-45001-y,Process-evaluation of forest aerosol-cloud-climate feedback shows clear evidence from observations and large uncertainty in models,aerosol-cloud-climate feedback; model process evaluation,observational_product_reanalysis_validity,1077,should; need,no
028_NatCommun_s41467-024-45001-y_peer_review_file__u0003,028_NatCommun_s41467-024-45001-y_peer_review_file.pdf,Nature Communications,10.1038/s41467-024-45001-y,Process-evaluation of forest aerosol-cloud-climate feedback shows clear evidence from observations and large uncertainty in models,aerosol-cloud-climate feedback; model process evaluation,mechanism_causality_circulation_dynamics,521,need,no
028_NatCommun_s41467-024-45001-y_peer_review_file__u0005,028_NatCommun_s41467-024-45001-y_peer_review_file.pdf,Nature Communications,10.1038/s41467-024-45001-y,Process-evaluation of forest aerosol-cloud-climate feedback shows clear evidence from observations and large uncertainty in models,aerosol-cloud-climate feedback; model process evaluation,aerosol_cloud_radiation_microphysics,919,however; explain; would like,no
028_NatCommun_s41467-024-45001-y_peer_review_file__u0011,028_NatCommun_s41467-024-45001-y_peer_review_file.pdf,Nature Communications,10.1038/s41467-024-45001-y,Process-evaluation of forest aerosol-cloud-climate feedback shows clear evidence from observations and large uncertainty in models,aerosol-cloud-climate feedback; model process evaluation,detail_audit,142,missing,no
028_NatCommun_s41467-024-45001-y_peer_review_file__u0012,028_NatCommun_s41467-024-45001-y_peer_review_file.pdf,Nature Communications,10.1038/s41467-024-45001-y,Process-evaluation of forest aerosol-cloud-climate feedback shows clear evidence from observations and large uncertainty in models,aerosol-cloud-climate feedback; model process evaluation,sampling_event_representativeness,2608,concern; recommend,no
028_NatCommun_s41467-024-45001-y_peer_review_file__u0013,028_NatCommun_s41467-024-45001-y_peer_review_file.pdf,Nature Communications,10.1038/s41467-024-45001-y,Process-evaluation of forest aerosol-cloud-climate feedback shows clear evidence from observations and large uncertainty in models,aerosol-cloud-climate feedback; model process evaluation,model_physics_assumption_sensitivity,1082,should; why,no
028_NatCommun_s41467-024-45001-y_peer_review_file__u0014,028_NatCommun_s41467-024-45001-y_peer_review_file.pdf,Nature Communications,10.1038/s41467-024-45001-y,Process-evaluation of forest aerosol-cloud-climate feedback shows clear evidence from observations and large uncertainty in models,aerosol-cloud-climate feedback; model process evaluation,observational_product_reanalysis_validity,1277,should,no
028_NatCommun_s41467-024-45001-y_peer_review_file__u0015,028_NatCommun_s41467-024-45001-y_peer_review_file.pdf,Nature Communications,10.1038/s41467-024-45001-y,Process-evaluation of forest aerosol-cloud-climate feedback shows clear evidence from observations and large uncertainty in models,aerosol-cloud-climate feedback; model process evaluation,sampling_event_representativeness,688,need; clarify; why,no
028_NatCommun_s41467-024-45001-y_peer_review_file__u0017,028_NatCommun_s41467-024-45001-y_peer_review_file.pdf,Nature Communications,10.1038/s41467-024-45001-y,Process-evaluation of forest aerosol-cloud-climate feedback shows clear evidence from observations and large uncertainty in models,aerosol-cloud-climate feedback; model process evaluation,ai_weather_climate_model_fidelity,373,need; needs,no
028_NatCommun_s41467-024-45001-y_peer_review_file__u0019,028_NatCommun_s41467-024-45001-y_peer_review_file.pdf,Nature Communications,10.1038/s41467-024-45001-y,Process-evaluation of forest aerosol-cloud-climate feedback shows clear evidence from observations and large uncertainty in models,aerosol-cloud-climate feedback; model process evaluation,mechanism_causality_circulation_dynamics,3109,major; should; not clear; missing; explain,no
028_NatCommun_s41467-024-45001-y_peer_review_file__u0022,028_NatCommun_s41467-024-45001-y_peer_review_file.pdf,Nature Communications,10.1038/s41467-024-45001-y,Process-evaluation of forest aerosol-cloud-climate feedback shows clear evidence from observations and large uncertainty in models,aerosol-cloud-climate feedback; model process evaluation,mechanism_causality_circulation_dynamics,607,should; need,no
028_NatCommun_s41467-024-45001-y_peer_review_file__u0024,028_NatCommun_s41467-024-45001-y_peer_review_file.pdf,Nature Communications,10.1038/s41467-024-45001-y,Process-evaluation of forest aerosol-cloud-climate feedback shows clear evidence from observations and large uncertainty in models,aerosol-cloud-climate feedback; model process evaluation,ai_weather_climate_model_fidelity,452,however; major; should; need,no
028_NatCommun_s41467-024-45001-y_peer_review_file__u0032,028_NatCommun_s41467-024-45001-y_peer_review_file.pdf,Nature Communications,10.1038/s41467-024-45001-y,Process-evaluation of forest aerosol-cloud-climate feedback shows clear evidence from observations and large uncertainty in models,aerosol-cloud-climate feedback; model process evaluation,atmospheric_claim_evidence_calibration,308,explain,no
028_NatCommun_s41467-024-45001-y_peer_review_file__u0033,028_NatCommun_s41467-024-45001-y_peer_review_file.pdf,Nature Communications,10.1038/s41467-024-45001-y,Process-evaluation of forest aerosol-cloud-climate feedback shows clear evidence from observations and large uncertainty in models,aerosol-cloud-climate feedback; model process evaluation,ai_weather_climate_model_fidelity,270,should,no
028_NatCommun_s41467-024-45001-y_peer_review_file__u0035,028_NatCommun_s41467-024-45001-y_peer_review_file.pdf,Nature Communications,10.1038/s41467-024-45001-y,Process-evaluation of forest aerosol-cloud-climate feedback shows clear evidence from observations and large uncertainty in models,aerosol-cloud-climate feedback; model process evaluation,ai_weather_climate_model_fidelity,321,should; need; explain,no
028_NatCommun_s41467-024-45001-y_peer_review_file__u0036,028_NatCommun_s41467-024-45001-y_peer_review_file.pdf,Nature Communications,10.1038/s41467-024-45001-y,Process-evaluation of forest aerosol-cloud-climate feedback shows clear evidence from observations and large uncertainty in models,aerosol-cloud-climate feedback; model process evaluation,ai_weather_climate_model_fidelity,359,however; should,no
028_NatCommun_s41467-024-45001-y_peer_review_file__u0037,028_NatCommun_s41467-024-45001-y_peer_review_file.pdf,Nature Communications,10.1038/s41467-024-45001-y,Process-evaluation of forest aerosol-cloud-climate feedback shows clear evidence from observations and large uncertainty in models,aerosol-cloud-climate feedback; model process evaluation,ai_weather_climate_model_fidelity,242,explain,no
028_NatCommun_s41467-024-45001-y_peer_review_file__u0038,028_NatCommun_s41467-024-45001-y_peer_review_file.pdf,Nature Communications,10.1038/s41467-024-45001-y,Process-evaluation of forest aerosol-cloud-climate feedback shows clear evidence from observations and large uncertainty in models,aerosol-cloud-climate feedback; model process evaluation,atmospheric_claim_evidence_calibration,245,should,no
028_NatCommun_s41467-024-45001-y_peer_review_file__u0041,028_NatCommun_s41467-024-45001-y_peer_review_file.pdf,Nature Communications,10.1038/s41467-024-45001-y,Process-evaluation of forest aerosol-cloud-climate feedback shows clear evidence from observations and large uncertainty in models,aerosol-cloud-climate feedback; model process evaluation,trend_internal_variability_signal_detection,215,explain,no
028_NatCommun_s41467-024-45001-y_peer_review_file__u0043,028_NatCommun_s41467-024-45001-y_peer_review_file.pdf,Nature Communications,10.1038/s41467-024-45001-y,Process-evaluation of forest aerosol-cloud-climate feedback shows clear evidence from observations and large uncertainty in models,aerosol-cloud-climate feedback; model process evaluation,atmospheric_claim_evidence_calibration,108,why,no
028_NatCommun_s41467-024-45001-y_peer_review_file__u0046,028_NatCommun_s41467-024-45001-y_peer_review_file.pdf,Nature Communications,10.1038/s41467-024-45001-y,Process-evaluation of forest aerosol-cloud-climate feedback shows clear evidence from observations and large uncertainty in models,aerosol-cloud-climate feedback; model process evaluation,ai_weather_climate_model_fidelity,600,need; recommend,no
028_NatCommun_s41467-024-45001-y_peer_review_file__u0053,028_NatCommun_s41467-024-45001-y_peer_review_file.pdf,Nature Communications,10.1038/s41467-024-45001-y,Process-evaluation of forest aerosol-cloud-climate feedback shows clear evidence from observations and large uncertainty in models,aerosol-cloud-climate feedback; model process evaluation,ai_weather_climate_model_fidelity,170,why,no
028_NatCommun_s41467-024-45001-y_peer_review_file__u0057,028_NatCommun_s41467-024-45001-y_peer_review_file.pdf,Nature Communications,10.1038/s41467-024-45001-y,Process-evaluation of forest aerosol-cloud-climate feedback shows clear evidence from observations and large uncertainty in models,aerosol-cloud-climate feedback; model process evaluation,atmospheric_claim_evidence_calibration,560,concern; must,no
028_NatCommun_s41467-024-45001-y_peer_review_file__u0058,028_NatCommun_s41467-024-45001-y_peer_review_file.pdf,Nature Communications,10.1038/s41467-024-45001-y,Process-evaluation of forest aerosol-cloud-climate feedback shows clear evidence from observations and large uncertainty in models,aerosol-cloud-climate feedback; model process evaluation,model_physics_assumption_sensitivity,314,major; should; missing,no
028_NatCommun_s41467-024-45001-y_peer_review_file__u0060,028_NatCommun_s41467-024-45001-y_peer_review_file.pdf,Nature Communications,10.1038/s41467-024-45001-y,Process-evaluation of forest aerosol-cloud-climate feedback shows clear evidence from observations and large uncertainty in models,aerosol-cloud-climate feedback; model process evaluation,detail_audit,658,lack,no
028_NatCommun_s41467-024-45001-y_peer_review_file__u0063,028_NatCommun_s41467-024-45001-y_peer_review_file.pdf,Nature Communications,10.1038/s41467-024-45001-y,Process-evaluation of forest aerosol-cloud-climate feedback shows clear evidence from observations and large uncertainty in models,aerosol-cloud-climate feedback; model process evaluation,ai_weather_climate_model_fidelity,601,need; recommend,no
028_NatCommun_s41467-024-45001-y_peer_review_file__u0064,028_NatCommun_s41467-024-45001-y_peer_review_file.pdf,Nature Communications,10.1038/s41467-024-45001-y,Process-evaluation of forest aerosol-cloud-climate feedback shows clear evidence from observations and large uncertainty in models,aerosol-cloud-climate feedback; model process evaluation,ai_weather_climate_model_fidelity,125,would like,no
028_NatCommun_s41467-024-45001-y_peer_review_file__u0067,028_NatCommun_s41467-024-45001-y_peer_review_file.pdf,Nature Communications,10.1038/s41467-024-45001-y,Process-evaluation of forest aerosol-cloud-climate feedback shows clear evidence from observations and large uncertainty in models,aerosol-cloud-climate feedback; model process evaluation,model_physics_assumption_sensitivity,169,need,no
028_NatCommun_s41467-024-45001-y_peer_review_file__u0072,028_NatCommun_s41467-024-45001-y_peer_review_file.pdf,Nature Communications,10.1038/s41467-024-45001-y,Process-evaluation of forest aerosol-cloud-climate feedback shows clear evidence from observations and large uncertainty in models,aerosol-cloud-climate feedback; model process evaluation,ai_weather_climate_model_fidelity,121,why,no
028_NatCommun_s41467-024-45001-y_peer_review_file__u0075,028_NatCommun_s41467-024-45001-y_peer_review_file.pdf,Nature Communications,10.1038/s41467-024-45001-y,Process-evaluation of forest aerosol-cloud-climate feedback shows clear evidence from observations and large uncertainty in models,aerosol-cloud-climate feedback; model process evaluation,atmospheric_claim_evidence_calibration,564,concern; must,no
028_NatCommun_s41467-024-45001-y_peer_review_file__u0076,028_NatCommun_s41467-024-45001-y_peer_review_file.pdf,Nature Communications,10.1038/s41467-024-45001-y,Process-evaluation of forest aerosol-cloud-climate feedback shows clear evidence from observations and large uncertainty in models,aerosol-cloud-climate feedback; model process evaluation,observational_product_reanalysis_validity,316,major; should; missing,no
029_NatCommun_s41467-024-55143-8_peer_review_file__u0002,029_NatCommun_s41467-024-55143-8_peer_review_file.pdf,Nature Communications,10.1038/s41467-024-55143-8,Thermodynamically inconsistent extreme precipitation sensitivities across continents driven by cloud-radiative effects,extreme precipitation; cloud-radiative effects; thermodynamic scaling,sampling_event_representativeness,1111,however; concern; need; why,no
029_NatCommun_s41467-024-55143-8_peer_review_file__u0003,029_NatCommun_s41467-024-55143-8_peer_review_file.pdf,Nature Communications,10.1038/s41467-024-55143-8,Thermodynamically inconsistent extreme precipitation sensitivities across continents driven by cloud-radiative effects,extreme precipitation; cloud-radiative effects; thermodynamic scaling,mechanism_causality_circulation_dynamics,701,however; sensitivity,no
029_NatCommun_s41467-024-55143-8_peer_review_file__u0005,029_NatCommun_s41467-024-55143-8_peer_review_file.pdf,Nature Communications,10.1038/s41467-024-55143-8,Thermodynamically inconsistent extreme precipitation sensitivities across continents driven by cloud-radiative effects,extreme precipitation; cloud-radiative effects; thermodynamic scaling,model_physics_assumption_sensitivity,223,sensitivity,no
029_NatCommun_s41467-024-55143-8_peer_review_file__u0006,029_NatCommun_s41467-024-55143-8_peer_review_file.pdf,Nature Communications,10.1038/s41467-024-55143-8,Thermodynamically inconsistent extreme precipitation sensitivities across continents driven by cloud-radiative effects,extreme precipitation; cloud-radiative effects; thermodynamic scaling,scale_resolution_boundary_consistency,438,explain; why,no
029_NatCommun_s41467-024-55143-8_peer_review_file__u0009,029_NatCommun_s41467-024-55143-8_peer_review_file.pdf,Nature Communications,10.1038/s41467-024-55143-8,Thermodynamically inconsistent extreme precipitation sensitivities across continents driven by cloud-radiative effects,extreme precipitation; cloud-radiative effects; thermodynamic scaling,aerosol_cloud_radiation_microphysics,887,however; should; explain; why,no
029_NatCommun_s41467-024-55143-8_peer_review_file__u0010,029_NatCommun_s41467-024-55143-8_peer_review_file.pdf,Nature Communications,10.1038/s41467-024-55143-8,Thermodynamically inconsistent extreme precipitation sensitivities across continents driven by cloud-radiative effects,extreme precipitation; cloud-radiative effects; thermodynamic scaling,scale_resolution_boundary_consistency,373,however; explain,no
029_NatCommun_s41467-024-55143-8_peer_review_file__u0012,029_NatCommun_s41467-024-55143-8_peer_review_file.pdf,Nature Communications,10.1038/s41467-024-55143-8,Thermodynamically inconsistent extreme precipitation sensitivities across continents driven by cloud-radiative effects,extreme precipitation; cloud-radiative effects; thermodynamic scaling,model_physics_assumption_sensitivity,439,concern,no
029_NatCommun_s41467-024-55143-8_peer_review_file__u0014,029_NatCommun_s41467-024-55143-8_peer_review_file.pdf,Nature Communications,10.1038/s41467-024-55143-8,Thermodynamically inconsistent extreme precipitation sensitivities across continents driven by cloud-radiative effects,extreme precipitation; cloud-radiative effects; thermodynamic scaling,detail_audit,304,should,no
029_NatCommun_s41467-024-55143-8_peer_review_file__u0015,029_NatCommun_s41467-024-55143-8_peer_review_file.pdf,Nature Communications,10.1038/s41467-024-55143-8,Thermodynamically inconsistent extreme precipitation sensitivities across continents driven by cloud-radiative effects,extreme precipitation; cloud-radiative effects; thermodynamic scaling,detail_audit,239,need; clarify,no
029_NatCommun_s41467-024-55143-8_peer_review_file__u0016,029_NatCommun_s41467-024-55143-8_peer_review_file.pdf,Nature Communications,10.1038/s41467-024-55143-8,Thermodynamically inconsistent extreme precipitation sensitivities across continents driven by cloud-radiative effects,extreme precipitation; cloud-radiative effects; thermodynamic scaling,detail_audit,219,clarify; why,no
029_NatCommun_s41467-024-55143-8_peer_review_file__u0019,029_NatCommun_s41467-024-55143-8_peer_review_file.pdf,Nature Communications,10.1038/s41467-024-55143-8,Thermodynamically inconsistent extreme precipitation sensitivities across continents driven by cloud-radiative effects,extreme precipitation; cloud-radiative effects; thermodynamic scaling,atmospheric_claim_evidence_calibration,1289,concern; major,no
029_NatCommun_s41467-024-55143-8_peer_review_file__u0020,029_NatCommun_s41467-024-55143-8_peer_review_file.pdf,Nature Communications,10.1038/s41467-024-55143-8,Thermodynamically inconsistent extreme precipitation sensitivities across continents driven by cloud-radiative effects,extreme precipitation; cloud-radiative effects; thermodynamic scaling,aerosol_cloud_radiation_microphysics,1178,concern; major; explain,no
029_NatCommun_s41467-024-55143-8_peer_review_file__u0021,029_NatCommun_s41467-024-55143-8_peer_review_file.pdf,Nature Communications,10.1038/s41467-024-55143-8,Thermodynamically inconsistent extreme precipitation sensitivities across continents driven by cloud-radiative effects,extreme precipitation; cloud-radiative effects; thermodynamic scaling,atmospheric_claim_evidence_calibration,573,concern; major; unclear; need; needs,no
029_NatCommun_s41467-024-55143-8_peer_review_file__u0022,029_NatCommun_s41467-024-55143-8_peer_review_file.pdf,Nature Communications,10.1038/s41467-024-55143-8,Thermodynamically inconsistent extreme precipitation sensitivities across continents driven by cloud-radiative effects,extreme precipitation; cloud-radiative effects; thermodynamic scaling,ai_weather_climate_model_fidelity,219,should,no
029_NatCommun_s41467-024-55143-8_peer_review_file__u0024,029_NatCommun_s41467-024-55143-8_peer_review_file.pdf,Nature Communications,10.1038/s41467-024-55143-8,Thermodynamically inconsistent extreme precipitation sensitivities across continents driven by cloud-radiative effects,extreme precipitation; cloud-radiative effects; thermodynamic scaling,atmospheric_claim_evidence_calibration,195,unclear,no
029_NatCommun_s41467-024-55143-8_peer_review_file__u0025,029_NatCommun_s41467-024-55143-8_peer_review_file.pdf,Nature Communications,10.1038/s41467-024-55143-8,Thermodynamically inconsistent extreme precipitation sensitivities across continents driven by cloud-radiative effects,extreme precipitation; cloud-radiative effects; thermodynamic scaling,uncertainty_statistics_skill_metrics,212,should,no
029_NatCommun_s41467-024-55143-8_peer_review_file__u0027,029_NatCommun_s41467-024-55143-8_peer_review_file.pdf,Nature Communications,10.1038/s41467-024-55143-8,Thermodynamically inconsistent extreme precipitation sensitivities across continents driven by cloud-radiative effects,extreme precipitation; cloud-radiative effects; thermodynamic scaling,mechanism_causality_circulation_dynamics,113,should,no
029_NatCommun_s41467-024-55143-8_peer_review_file__u0029,029_NatCommun_s41467-024-55143-8_peer_review_file.pdf,Nature Communications,10.1038/s41467-024-55143-8,Thermodynamically inconsistent extreme precipitation sensitivities across continents driven by cloud-radiative effects,extreme precipitation; cloud-radiative effects; thermodynamic scaling,atmospheric_claim_evidence_calibration,215,missing,no
029_NatCommun_s41467-024-55143-8_peer_review_file__u0030,029_NatCommun_s41467-024-55143-8_peer_review_file.pdf,Nature Communications,10.1038/s41467-024-55143-8,Thermodynamically inconsistent extreme precipitation sensitivities across continents driven by cloud-radiative effects,extreme precipitation; cloud-radiative effects; thermodynamic scaling,ai_weather_climate_model_fidelity,197,major,no
029_NatCommun_s41467-024-55143-8_peer_review_file__u0033,029_NatCommun_s41467-024-55143-8_peer_review_file.pdf,Nature Communications,10.1038/s41467-024-55143-8,Thermodynamically inconsistent extreme precipitation sensitivities across continents driven by cloud-radiative effects,extreme precipitation; cloud-radiative effects; thermodynamic scaling,aerosol_cloud_radiation_microphysics,311,should,no
029_NatCommun_s41467-024-55143-8_peer_review_file__u0040,029_NatCommun_s41467-024-55143-8_peer_review_file.pdf,Nature Communications,10.1038/s41467-024-55143-8,Thermodynamically inconsistent extreme precipitation sensitivities across continents driven by cloud-radiative effects,extreme precipitation; cloud-radiative effects; thermodynamic scaling,sampling_event_representativeness,807,however; concern; would like,no
029_NatCommun_s41467-024-55143-8_peer_review_file__u0041,029_NatCommun_s41467-024-55143-8_peer_review_file.pdf,Nature Communications,10.1038/s41467-024-55143-8,Thermodynamically inconsistent extreme precipitation sensitivities across continents driven by cloud-radiative effects,extreme precipitation; cloud-radiative effects; thermodynamic scaling,sampling_event_representativeness,867,why,no
029_NatCommun_s41467-024-55143-8_peer_review_file__u0042,029_NatCommun_s41467-024-55143-8_peer_review_file.pdf,Nature Communications,10.1038/s41467-024-55143-8,Thermodynamically inconsistent extreme precipitation sensitivities across continents driven by cloud-radiative effects,extreme precipitation; cloud-radiative effects; thermodynamic scaling,ai_weather_climate_model_fidelity,227,need; recommend,no
029_NatCommun_s41467-024-55143-8_peer_review_file__u0043,029_NatCommun_s41467-024-55143-8_peer_review_file.pdf,Nature Communications,10.1038/s41467-024-55143-8,Thermodynamically inconsistent extreme precipitation sensitivities across continents driven by cloud-radiative effects,extreme precipitation; cloud-radiative effects; thermodynamic scaling,detail_audit,186,unclear,no
029_NatCommun_s41467-024-55143-8_peer_review_file__u0046,029_NatCommun_s41467-024-55143-8_peer_review_file.pdf,Nature Communications,10.1038/s41467-024-55143-8,Thermodynamically inconsistent extreme precipitation sensitivities across continents driven by cloud-radiative effects,extreme precipitation; cloud-radiative effects; thermodynamic scaling,atmospheric_claim_evidence_calibration,113,concern,no
029_NatCommun_s41467-024-55143-8_peer_review_file__u0047,029_NatCommun_s41467-024-55143-8_peer_review_file.pdf,Nature Communications,10.1038/s41467-024-55143-8,Thermodynamically inconsistent extreme precipitation sensitivities across continents driven by cloud-radiative effects,extreme precipitation; cloud-radiative effects; thermodynamic scaling,observational_product_reanalysis_validity,1007,should; need,no
029_NatCommun_s41467-024-55143-8_peer_review_file__u0048,029_NatCommun_s41467-024-55143-8_peer_review_file.pdf,Nature Communications,10.1038/s41467-024-55143-8,Thermodynamically inconsistent extreme precipitation sensitivities across continents driven by cloud-radiative effects,extreme precipitation; cloud-radiative effects; thermodynamic scaling,sampling_event_representativeness,1085,however; concern; need; why,no
029_NatCommun_s41467-024-55143-8_peer_review_file__u0049,029_NatCommun_s41467-024-55143-8_peer_review_file.pdf,Nature Communications,10.1038/s41467-024-55143-8,Thermodynamically inconsistent extreme precipitation sensitivities across continents driven by cloud-radiative effects,extreme precipitation; cloud-radiative effects; thermodynamic scaling,ai_weather_climate_model_fidelity,596,need; lack,no
029_NatCommun_s41467-024-55143-8_peer_review_file__u0050,029_NatCommun_s41467-024-55143-8_peer_review_file.pdf,Nature Communications,10.1038/s41467-024-55143-8,Thermodynamically inconsistent extreme precipitation sensitivities across continents driven by cloud-radiative effects,extreme precipitation; cloud-radiative effects; thermodynamic scaling,mechanism_causality_circulation_dynamics,682,however,no
029_NatCommun_s41467-024-55143-8_peer_review_file__u0059,029_NatCommun_s41467-024-55143-8_peer_review_file.pdf,Nature Communications,10.1038/s41467-024-55143-8,Thermodynamically inconsistent extreme precipitation sensitivities across continents driven by cloud-radiative effects,extreme precipitation; cloud-radiative effects; thermodynamic scaling,ai_weather_climate_model_fidelity,666,however,no
029_NatCommun_s41467-024-55143-8_peer_review_file__u0061,029_NatCommun_s41467-024-55143-8_peer_review_file.pdf,Nature Communications,10.1038/s41467-024-55143-8,Thermodynamically inconsistent extreme precipitation sensitivities across continents driven by cloud-radiative effects,extreme precipitation; cloud-radiative effects; thermodynamic scaling,scale_resolution_boundary_consistency,436,explain; why,no
029_NatCommun_s41467-024-55143-8_peer_review_file__u0065,029_NatCommun_s41467-024-55143-8_peer_review_file.pdf,Nature Communications,10.1038/s41467-024-55143-8,Thermodynamically inconsistent extreme precipitation sensitivities across continents driven by cloud-radiative effects,extreme precipitation; cloud-radiative effects; thermodynamic scaling,scale_resolution_boundary_consistency,170,however,no
029_NatCommun_s41467-024-55143-8_peer_review_file__u0066,029_NatCommun_s41467-024-55143-8_peer_review_file.pdf,Nature Communications,10.1038/s41467-024-55143-8,Thermodynamically inconsistent extreme precipitation sensitivities across continents driven by cloud-radiative effects,extreme precipitation; cloud-radiative effects; thermodynamic scaling,scale_resolution_boundary_consistency,512,clarify,no
029_NatCommun_s41467-024-55143-8_peer_review_file__u0067,029_NatCommun_s41467-024-55143-8_peer_review_file.pdf,Nature Communications,10.1038/s41467-024-55143-8,Thermodynamically inconsistent extreme precipitation sensitivities across continents driven by cloud-radiative effects,extreme precipitation; cloud-radiative effects; thermodynamic scaling,scale_resolution_boundary_consistency,840,however; would like,no
029_NatCommun_s41467-024-55143-8_peer_review_file__u0070,029_NatCommun_s41467-024-55143-8_peer_review_file.pdf,Nature Communications,10.1038/s41467-024-55143-8,Thermodynamically inconsistent extreme precipitation sensitivities across continents driven by cloud-radiative effects,extreme precipitation; cloud-radiative effects; thermodynamic scaling,sampling_event_representativeness,873,however; should; explain; why,no
029_NatCommun_s41467-024-55143-8_peer_review_file__u0071,029_NatCommun_s41467-024-55143-8_peer_review_file.pdf,Nature Communications,10.1038/s41467-024-55143-8,Thermodynamically inconsistent extreme precipitation sensitivities across continents driven by cloud-radiative effects,extreme precipitation; cloud-radiative effects; thermodynamic scaling,sampling_event_representativeness,1004,should; lack; why,no
029_NatCommun_s41467-024-55143-8_peer_review_file__u0072,029_NatCommun_s41467-024-55143-8_peer_review_file.pdf,Nature Communications,10.1038/s41467-024-55143-8,Thermodynamically inconsistent extreme precipitation sensitivities across continents driven by cloud-radiative effects,extreme precipitation; cloud-radiative effects; thermodynamic scaling,sampling_event_representativeness,868,however; explain,no
029_NatCommun_s41467-024-55143-8_peer_review_file__u0073,029_NatCommun_s41467-024-55143-8_peer_review_file.pdf,Nature Communications,10.1038/s41467-024-55143-8,Thermodynamically inconsistent extreme precipitation sensitivities across continents driven by cloud-radiative effects,extreme precipitation; cloud-radiative effects; thermodynamic scaling,scale_resolution_boundary_consistency,637,however,no
029_NatCommun_s41467-024-55143-8_peer_review_file__u0074,029_NatCommun_s41467-024-55143-8_peer_review_file.pdf,Nature Communications,10.1038/s41467-024-55143-8,Thermodynamically inconsistent extreme precipitation sensitivities across continents driven by cloud-radiative effects,extreme precipitation; cloud-radiative effects; thermodynamic scaling,detail_audit,769,lack,no
029_NatCommun_s41467-024-55143-8_peer_review_file__u0075,029_NatCommun_s41467-024-55143-8_peer_review_file.pdf,Nature Communications,10.1038/s41467-024-55143-8,Thermodynamically inconsistent extreme precipitation sensitivities across continents driven by cloud-radiative effects,extreme precipitation; cloud-radiative effects; thermodynamic scaling,scale_resolution_boundary_consistency,610,however; explain,no
029_NatCommun_s41467-024-55143-8_peer_review_file__u0077,029_NatCommun_s41467-024-55143-8_peer_review_file.pdf,Nature Communications,10.1038/s41467-024-55143-8,Thermodynamically inconsistent extreme precipitation sensitivities across continents driven by cloud-radiative effects,extreme precipitation; cloud-radiative effects; thermodynamic scaling,observational_product_reanalysis_validity,1039,however; should,no
029_NatCommun_s41467-024-55143-8_peer_review_file__u0078,029_NatCommun_s41467-024-55143-8_peer_review_file.pdf,Nature Communications,10.1038/s41467-024-55143-8,Thermodynamically inconsistent extreme precipitation sensitivities across continents driven by cloud-radiative effects,extreme precipitation; cloud-radiative effects; thermodynamic scaling,model_physics_assumption_sensitivity,1024,however; should; explain,no
029_NatCommun_s41467-024-55143-8_peer_review_file__u0081,029_NatCommun_s41467-024-55143-8_peer_review_file.pdf,Nature Communications,10.1038/s41467-024-55143-8,Thermodynamically inconsistent extreme precipitation sensitivities across continents driven by cloud-radiative effects,extreme precipitation; cloud-radiative effects; thermodynamic scaling,model_physics_assumption_sensitivity,441,concern,no
029_NatCommun_s41467-024-55143-8_peer_review_file__u0085,029_NatCommun_s41467-024-55143-8_peer_review_file.pdf,Nature Communications,10.1038/s41467-024-55143-8,Thermodynamically inconsistent extreme precipitation sensitivities across continents driven by cloud-radiative effects,extreme precipitation; cloud-radiative effects; thermodynamic scaling,sampling_event_representativeness,302,should,no
029_NatCommun_s41467-024-55143-8_peer_review_file__u0088,029_NatCommun_s41467-024-55143-8_peer_review_file.pdf,Nature Communications,10.1038/s41467-024-55143-8,Thermodynamically inconsistent extreme precipitation sensitivities across continents driven by cloud-radiative effects,extreme precipitation; cloud-radiative effects; thermodynamic scaling,detail_audit,237,need; clarify,no
029_NatCommun_s41467-024-55143-8_peer_review_file__u0090,029_NatCommun_s41467-024-55143-8_peer_review_file.pdf,Nature Communications,10.1038/s41467-024-55143-8,Thermodynamically inconsistent extreme precipitation sensitivities across continents driven by cloud-radiative effects,extreme precipitation; cloud-radiative effects; thermodynamic scaling,ai_weather_climate_model_fidelity,98,why,no
029_NatCommun_s41467-024-55143-8_peer_review_file__u0091,029_NatCommun_s41467-024-55143-8_peer_review_file.pdf,Nature Communications,10.1038/s41467-024-55143-8,Thermodynamically inconsistent extreme precipitation sensitivities across continents driven by cloud-radiative effects,extreme precipitation; cloud-radiative effects; thermodynamic scaling,detail_audit,118,clarify,no
029_NatCommun_s41467-024-55143-8_peer_review_file__u0101,029_NatCommun_s41467-024-55143-8_peer_review_file.pdf,Nature Communications,10.1038/s41467-024-55143-8,Thermodynamically inconsistent extreme precipitation sensitivities across continents driven by cloud-radiative effects,extreme precipitation; cloud-radiative effects; thermodynamic scaling,atmospheric_claim_evidence_calibration,710,concern; major,no
029_NatCommun_s41467-024-55143-8_peer_review_file__u0102,029_NatCommun_s41467-024-55143-8_peer_review_file.pdf,Nature Communications,10.1038/s41467-024-55143-8,Thermodynamically inconsistent extreme precipitation sensitivities across continents driven by cloud-radiative effects,extreme precipitation; cloud-radiative effects; thermodynamic scaling,scale_resolution_boundary_consistency,434,concern,no
029_NatCommun_s41467-024-55143-8_peer_review_file__u0103,029_NatCommun_s41467-024-55143-8_peer_review_file.pdf,Nature Communications,10.1038/s41467-024-55143-8,Thermodynamically inconsistent extreme precipitation sensitivities across continents driven by cloud-radiative effects,extreme precipitation; cloud-radiative effects; thermodynamic scaling,ai_weather_climate_model_fidelity,323,lack,no
029_NatCommun_s41467-024-55143-8_peer_review_file__u0109,029_NatCommun_s41467-024-55143-8_peer_review_file.pdf,Nature Communications,10.1038/s41467-024-55143-8,Thermodynamically inconsistent extreme precipitation sensitivities across continents driven by cloud-radiative effects,extreme precipitation; cloud-radiative effects; thermodynamic scaling,mechanism_causality_circulation_dynamics,710,explain,no
029_NatCommun_s41467-024-55143-8_peer_review_file__u0110,029_NatCommun_s41467-024-55143-8_peer_review_file.pdf,Nature Communications,10.1038/s41467-024-55143-8,Thermodynamically inconsistent extreme precipitation sensitivities across continents driven by cloud-radiative effects,extreme precipitation; cloud-radiative effects; thermodynamic scaling,scale_resolution_boundary_consistency,1064,however,no
029_NatCommun_s41467-024-55143-8_peer_review_file__u0111,029_NatCommun_s41467-024-55143-8_peer_review_file.pdf,Nature Communications,10.1038/s41467-024-55143-8,Thermodynamically inconsistent extreme precipitation sensitivities across continents driven by cloud-radiative effects,extreme precipitation; cloud-radiative effects; thermodynamic scaling,atmospheric_claim_evidence_calibration,621,would like,no
029_NatCommun_s41467-024-55143-8_peer_review_file__u0112,029_NatCommun_s41467-024-55143-8_peer_review_file.pdf,Nature Communications,10.1038/s41467-024-55143-8,Thermodynamically inconsistent extreme precipitation sensitivities across continents driven by cloud-radiative effects,extreme precipitation; cloud-radiative effects; thermodynamic scaling,atmospheric_claim_evidence_calibration,755,lack,no
029_NatCommun_s41467-024-55143-8_peer_review_file__u0115,029_NatCommun_s41467-024-55143-8_peer_review_file.pdf,Nature Communications,10.1038/s41467-024-55143-8,Thermodynamically inconsistent extreme precipitation sensitivities across continents driven by cloud-radiative effects,extreme precipitation; cloud-radiative effects; thermodynamic scaling,scale_resolution_boundary_consistency,832,lack,no
029_NatCommun_s41467-024-55143-8_peer_review_file__u0118,029_NatCommun_s41467-024-55143-8_peer_review_file.pdf,Nature Communications,10.1038/s41467-024-55143-8,Thermodynamically inconsistent extreme precipitation sensitivities across continents driven by cloud-radiative effects,extreme precipitation; cloud-radiative effects; thermodynamic scaling,mechanism_causality_circulation_dynamics,1146,however; should,no
029_NatCommun_s41467-024-55143-8_peer_review_file__u0119,029_NatCommun_s41467-024-55143-8_peer_review_file.pdf,Nature Communications,10.1038/s41467-024-55143-8,Thermodynamically inconsistent extreme precipitation sensitivities across continents driven by cloud-radiative effects,extreme precipitation; cloud-radiative effects; thermodynamic scaling,model_physics_assumption_sensitivity,999,however; should; explain,no
029_NatCommun_s41467-024-55143-8_peer_review_file__u0123,029_NatCommun_s41467-024-55143-8_peer_review_file.pdf,Nature Communications,10.1038/s41467-024-55143-8,Thermodynamically inconsistent extreme precipitation sensitivities across continents driven by cloud-radiative effects,extreme precipitation; cloud-radiative effects; thermodynamic scaling,aerosol_cloud_radiation_microphysics,269,concern; major,no
029_NatCommun_s41467-024-55143-8_peer_review_file__u0124,029_NatCommun_s41467-024-55143-8_peer_review_file.pdf,Nature Communications,10.1038/s41467-024-55143-8,Thermodynamically inconsistent extreme precipitation sensitivities across continents driven by cloud-radiative effects,extreme precipitation; cloud-radiative effects; thermodynamic scaling,sampling_event_representativeness,530,however,no
029_NatCommun_s41467-024-55143-8_peer_review_file__u0125,029_NatCommun_s41467-024-55143-8_peer_review_file.pdf,Nature Communications,10.1038/s41467-024-55143-8,Thermodynamically inconsistent extreme precipitation sensitivities across continents driven by cloud-radiative effects,extreme precipitation; cloud-radiative effects; thermodynamic scaling,atmospheric_claim_evidence_calibration,708,explain,no
029_NatCommun_s41467-024-55143-8_peer_review_file__u0126,029_NatCommun_s41467-024-55143-8_peer_review_file.pdf,Nature Communications,10.1038/s41467-024-55143-8,Thermodynamically inconsistent extreme precipitation sensitivities across continents driven by cloud-radiative effects,extreme precipitation; cloud-radiative effects; thermodynamic scaling,scale_resolution_boundary_consistency,762,however,no
029_NatCommun_s41467-024-55143-8_peer_review_file__u0127,029_NatCommun_s41467-024-55143-8_peer_review_file.pdf,Nature Communications,10.1038/s41467-024-55143-8,Thermodynamically inconsistent extreme precipitation sensitivities across continents driven by cloud-radiative effects,extreme precipitation; cloud-radiative effects; thermodynamic scaling,atmospheric_claim_evidence_calibration,394,concern; major; unclear; need; needs,no
029_NatCommun_s41467-024-55143-8_peer_review_file__u0128,029_NatCommun_s41467-024-55143-8_peer_review_file.pdf,Nature Communications,10.1038/s41467-024-55143-8,Thermodynamically inconsistent extreme precipitation sensitivities across continents driven by cloud-radiative effects,extreme precipitation; cloud-radiative effects; thermodynamic scaling,atmospheric_claim_evidence_calibration,115,concern,no
029_NatCommun_s41467-024-55143-8_peer_review_file__u0129,029_NatCommun_s41467-024-55143-8_peer_review_file.pdf,Nature Communications,10.1038/s41467-024-55143-8,Thermodynamically inconsistent extreme precipitation sensitivities across continents driven by cloud-radiative effects,extreme precipitation; cloud-radiative effects; thermodynamic scaling,ai_weather_climate_model_fidelity,212,should,no
029_NatCommun_s41467-024-55143-8_peer_review_file__u0131,029_NatCommun_s41467-024-55143-8_peer_review_file.pdf,Nature Communications,10.1038/s41467-024-55143-8,Thermodynamically inconsistent extreme precipitation sensitivities across continents driven by cloud-radiative effects,extreme precipitation; cloud-radiative effects; thermodynamic scaling,atmospheric_claim_evidence_calibration,192,unclear,no
029_NatCommun_s41467-024-55143-8_peer_review_file__u0133,029_NatCommun_s41467-024-55143-8_peer_review_file.pdf,Nature Communications,10.1038/s41467-024-55143-8,Thermodynamically inconsistent extreme precipitation sensitivities across continents driven by cloud-radiative effects,extreme precipitation; cloud-radiative effects; thermodynamic scaling,detail_audit,205,should,no
029_NatCommun_s41467-024-55143-8_peer_review_file__u0138,029_NatCommun_s41467-024-55143-8_peer_review_file.pdf,Nature Communications,10.1038/s41467-024-55143-8,Thermodynamically inconsistent extreme precipitation sensitivities across continents driven by cloud-radiative effects,extreme precipitation; cloud-radiative effects; thermodynamic scaling,mechanism_causality_circulation_dynamics,111,should,no
029_NatCommun_s41467-024-55143-8_peer_review_file__u0141,029_NatCommun_s41467-024-55143-8_peer_review_file.pdf,Nature Communications,10.1038/s41467-024-55143-8,Thermodynamically inconsistent extreme precipitation sensitivities across continents driven by cloud-radiative effects,extreme precipitation; cloud-radiative effects; thermodynamic scaling,atmospheric_claim_evidence_calibration,215,missing,no
029_NatCommun_s41467-024-55143-8_peer_review_file__u0146,029_NatCommun_s41467-024-55143-8_peer_review_file.pdf,Nature Communications,10.1038/s41467-024-55143-8,Thermodynamically inconsistent extreme precipitation sensitivities across continents driven by cloud-radiative effects,extreme precipitation; cloud-radiative effects; thermodynamic scaling,ai_weather_climate_model_fidelity,801,lack,no
029_NatCommun_s41467-024-55143-8_peer_review_file__u0148,029_NatCommun_s41467-024-55143-8_peer_review_file.pdf,Nature Communications,10.1038/s41467-024-55143-8,Thermodynamically inconsistent extreme precipitation sensitivities across continents driven by cloud-radiative effects,extreme precipitation; cloud-radiative effects; thermodynamic scaling,model_physics_assumption_sensitivity,302,should,no
029_NatCommun_s41467-024-55143-8_peer_review_file__u0162,029_NatCommun_s41467-024-55143-8_peer_review_file.pdf,Nature Communications,10.1038/s41467-024-55143-8,Thermodynamically inconsistent extreme precipitation sensitivities across continents driven by cloud-radiative effects,extreme precipitation; cloud-radiative effects; thermodynamic scaling,ai_weather_climate_model_fidelity,820,lack,no
029_NatCommun_s41467-024-55143-8_peer_review_file__u0163,029_NatCommun_s41467-024-55143-8_peer_review_file.pdf,Nature Communications,10.1038/s41467-024-55143-8,Thermodynamically inconsistent extreme precipitation sensitivities across continents driven by cloud-radiative effects,extreme precipitation; cloud-radiative effects; thermodynamic scaling,sampling_event_representativeness,799,however; concern; would like,no
029_NatCommun_s41467-024-55143-8_peer_review_file__u0164,029_NatCommun_s41467-024-55143-8_peer_review_file.pdf,Nature Communications,10.1038/s41467-024-55143-8,Thermodynamically inconsistent extreme precipitation sensitivities across continents driven by cloud-radiative effects,extreme precipitation; cloud-radiative effects; thermodynamic scaling,scale_resolution_boundary_consistency,272,major,no
029_NatCommun_s41467-024-55143-8_peer_review_file__u0170,029_NatCommun_s41467-024-55143-8_peer_review_file.pdf,Nature Communications,10.1038/s41467-024-55143-8,Thermodynamically inconsistent extreme precipitation sensitivities across continents driven by cloud-radiative effects,extreme precipitation; cloud-radiative effects; thermodynamic scaling,sampling_event_representativeness,359,why,no
029_NatCommun_s41467-024-55143-8_peer_review_file__u0171,029_NatCommun_s41467-024-55143-8_peer_review_file.pdf,Nature Communications,10.1038/s41467-024-55143-8,Thermodynamically inconsistent extreme precipitation sensitivities across continents driven by cloud-radiative effects,extreme precipitation; cloud-radiative effects; thermodynamic scaling,scale_resolution_boundary_consistency,1053,however,no
029_NatCommun_s41467-024-55143-8_peer_review_file__u0172,029_NatCommun_s41467-024-55143-8_peer_review_file.pdf,Nature Communications,10.1038/s41467-024-55143-8,Thermodynamically inconsistent extreme precipitation sensitivities across continents driven by cloud-radiative effects,extreme precipitation; cloud-radiative effects; thermodynamic scaling,aerosol_cloud_radiation_microphysics,554,would like,no
029_NatCommun_s41467-024-55143-8_peer_review_file__u0173,029_NatCommun_s41467-024-55143-8_peer_review_file.pdf,Nature Communications,10.1038/s41467-024-55143-8,Thermodynamically inconsistent extreme precipitation sensitivities across continents driven by cloud-radiative effects,extreme precipitation; cloud-radiative effects; thermodynamic scaling,mechanism_causality_circulation_dynamics,699,major; explain,no
029_NatCommun_s41467-024-55143-8_peer_review_file__u0174,029_NatCommun_s41467-024-55143-8_peer_review_file.pdf,Nature Communications,10.1038/s41467-024-55143-8,Thermodynamically inconsistent extreme precipitation sensitivities across continents driven by cloud-radiative effects,extreme precipitation; cloud-radiative effects; thermodynamic scaling,atmospheric_claim_evidence_calibration,723,however; explain,no
029_NatCommun_s41467-024-55143-8_peer_review_file__u0175,029_NatCommun_s41467-024-55143-8_peer_review_file.pdf,Nature Communications,10.1038/s41467-024-55143-8,Thermodynamically inconsistent extreme precipitation sensitivities across continents driven by cloud-radiative effects,extreme precipitation; cloud-radiative effects; thermodynamic scaling,scale_resolution_boundary_consistency,605,explain,no
029_NatCommun_s41467-024-55143-8_peer_review_file__u0182,029_NatCommun_s41467-024-55143-8_peer_review_file.pdf,Nature Communications,10.1038/s41467-024-55143-8,Thermodynamically inconsistent extreme precipitation sensitivities across continents driven by cloud-radiative effects,extreme precipitation; cloud-radiative effects; thermodynamic scaling,ai_weather_climate_model_fidelity,203,need; recommend,no
029_NatCommun_s41467-024-55143-8_peer_review_file__u0183,029_NatCommun_s41467-024-55143-8_peer_review_file.pdf,Nature Communications,10.1038/s41467-024-55143-8,Thermodynamically inconsistent extreme precipitation sensitivities across continents driven by cloud-radiative effects,extreme precipitation; cloud-radiative effects; thermodynamic scaling,detail_audit,171,unclear,no
030_NatCommun_s41467-024-48280-7_peer_review_file__u0001,030_NatCommun_s41467-024-48280-7_peer_review_file.pdf,Nature Communications,10.1038/s41467-024-48280-7,Heatwave attribution based on reliable operational weather forecasts,heatwave attribution; operational forecast; counterfactual weather,observational_product_reanalysis_validity,1330,should; need,no
030_NatCommun_s41467-024-48280-7_peer_review_file__u0002,030_NatCommun_s41467-024-48280-7_peer_review_file.pdf,Nature Communications,10.1038/s41467-024-48280-7,Heatwave attribution based on reliable operational weather forecasts,heatwave attribution; operational forecast; counterfactual weather,atmospheric_claim_evidence_calibration,99,concern,no
030_NatCommun_s41467-024-48280-7_peer_review_file__u0003,030_NatCommun_s41467-024-48280-7_peer_review_file.pdf,Nature Communications,10.1038/s41467-024-48280-7,Heatwave attribution based on reliable operational weather forecasts,heatwave attribution; operational forecast; counterfactual weather,scale_resolution_boundary_consistency,514,concern,no
030_NatCommun_s41467-024-48280-7_peer_review_file__u0006,030_NatCommun_s41467-024-48280-7_peer_review_file.pdf,Nature Communications,10.1038/s41467-024-48280-7,Heatwave attribution based on reliable operational weather forecasts,heatwave attribution; operational forecast; counterfactual weather,atmospheric_claim_evidence_calibration,969,however; should,no
030_NatCommun_s41467-024-48280-7_peer_review_file__u0008,030_NatCommun_s41467-024-48280-7_peer_review_file.pdf,Nature Communications,10.1038/s41467-024-48280-7,Heatwave attribution based on reliable operational weather forecasts,heatwave attribution; operational forecast; counterfactual weather,scale_resolution_boundary_consistency,361,major,no
030_NatCommun_s41467-024-48280-7_peer_review_file__u0010,030_NatCommun_s41467-024-48280-7_peer_review_file.pdf,Nature Communications,10.1038/s41467-024-48280-7,Heatwave attribution based on reliable operational weather forecasts,heatwave attribution; operational forecast; counterfactual weather,atmospheric_claim_evidence_calibration,259,should,no
030_NatCommun_s41467-024-48280-7_peer_review_file__u0012,030_NatCommun_s41467-024-48280-7_peer_review_file.pdf,Nature Communications,10.1038/s41467-024-48280-7,Heatwave attribution based on reliable operational weather forecasts,heatwave attribution; operational forecast; counterfactual weather,extreme_event_attribution_counterfactual,194,lack,no
030_NatCommun_s41467-024-48280-7_peer_review_file__u0013,030_NatCommun_s41467-024-48280-7_peer_review_file.pdf,Nature Communications,10.1038/s41467-024-48280-7,Heatwave attribution based on reliable operational weather forecasts,heatwave attribution; operational forecast; counterfactual weather,model_physics_assumption_sensitivity,253,should,no
030_NatCommun_s41467-024-48280-7_peer_review_file__u0015,030_NatCommun_s41467-024-48280-7_peer_review_file.pdf,Nature Communications,10.1038/s41467-024-48280-7,Heatwave attribution based on reliable operational weather forecasts,heatwave attribution; operational forecast; counterfactual weather,atmospheric_claim_evidence_calibration,84,should,no
030_NatCommun_s41467-024-48280-7_peer_review_file__u0019,030_NatCommun_s41467-024-48280-7_peer_review_file.pdf,Nature Communications,10.1038/s41467-024-48280-7,Heatwave attribution based on reliable operational weather forecasts,heatwave attribution; operational forecast; counterfactual weather,ai_weather_climate_model_fidelity,197,should,no
030_NatCommun_s41467-024-48280-7_peer_review_file__u0021,030_NatCommun_s41467-024-48280-7_peer_review_file.pdf,Nature Communications,10.1038/s41467-024-48280-7,Heatwave attribution based on reliable operational weather forecasts,heatwave attribution; operational forecast; counterfactual weather,scale_resolution_boundary_consistency,617,concern,no
030_NatCommun_s41467-024-48280-7_peer_review_file__u0022,030_NatCommun_s41467-024-48280-7_peer_review_file.pdf,Nature Communications,10.1038/s41467-024-48280-7,Heatwave attribution based on reliable operational weather forecasts,heatwave attribution; operational forecast; counterfactual weather,model_physics_assumption_sensitivity,564,concern; limitation,no
030_NatCommun_s41467-024-48280-7_peer_review_file__u0023,030_NatCommun_s41467-024-48280-7_peer_review_file.pdf,Nature Communications,10.1038/s41467-024-48280-7,Heatwave attribution based on reliable operational weather forecasts,heatwave attribution; operational forecast; counterfactual weather,model_physics_assumption_sensitivity,1035,need,no
030_NatCommun_s41467-024-48280-7_peer_review_file__u0026,030_NatCommun_s41467-024-48280-7_peer_review_file.pdf,Nature Communications,10.1038/s41467-024-48280-7,Heatwave attribution based on reliable operational weather forecasts,heatwave attribution; operational forecast; counterfactual weather,atmospheric_claim_evidence_calibration,970,however; should,no
030_NatCommun_s41467-024-48280-7_peer_review_file__u0028,030_NatCommun_s41467-024-48280-7_peer_review_file.pdf,Nature Communications,10.1038/s41467-024-48280-7,Heatwave attribution based on reliable operational weather forecasts,heatwave attribution; operational forecast; counterfactual weather,ai_weather_climate_model_fidelity,560,major,no
030_NatCommun_s41467-024-48280-7_peer_review_file__u0032,030_NatCommun_s41467-024-48280-7_peer_review_file.pdf,Nature Communications,10.1038/s41467-024-48280-7,Heatwave attribution based on reliable operational weather forecasts,heatwave attribution; operational forecast; counterfactual weather,atmospheric_claim_evidence_calibration,568,should,no
030_NatCommun_s41467-024-48280-7_peer_review_file__u0033,030_NatCommun_s41467-024-48280-7_peer_review_file.pdf,Nature Communications,10.1038/s41467-024-48280-7,Heatwave attribution based on reliable operational weather forecasts,heatwave attribution; operational forecast; counterfactual weather,atmospheric_claim_evidence_calibration,1575,however,no
030_NatCommun_s41467-024-48280-7_peer_review_file__u0035,030_NatCommun_s41467-024-48280-7_peer_review_file.pdf,Nature Communications,10.1038/s41467-024-48280-7,Heatwave attribution based on reliable operational weather forecasts,heatwave attribution; operational forecast; counterfactual weather,extreme_event_attribution_counterfactual,660,lack,no
030_NatCommun_s41467-024-48280-7_peer_review_file__u0037,030_NatCommun_s41467-024-48280-7_peer_review_file.pdf,Nature Communications,10.1038/s41467-024-48280-7,Heatwave attribution based on reliable operational weather forecasts,heatwave attribution; operational forecast; counterfactual weather,scale_resolution_boundary_consistency,255,should,no
030_NatCommun_s41467-024-48280-7_peer_review_file__u0038,030_NatCommun_s41467-024-48280-7_peer_review_file.pdf,Nature Communications,10.1038/s41467-024-48280-7,Heatwave attribution based on reliable operational weather forecasts,heatwave attribution; operational forecast; counterfactual weather,model_physics_assumption_sensitivity,229,need,no
030_NatCommun_s41467-024-48280-7_peer_review_file__u0041,030_NatCommun_s41467-024-48280-7_peer_review_file.pdf,Nature Communications,10.1038/s41467-024-48280-7,Heatwave attribution based on reliable operational weather forecasts,heatwave attribution; operational forecast; counterfactual weather,scale_resolution_boundary_consistency,673,however,no
030_NatCommun_s41467-024-48280-7_peer_review_file__u0044,030_NatCommun_s41467-024-48280-7_peer_review_file.pdf,Nature Communications,10.1038/s41467-024-48280-7,Heatwave attribution based on reliable operational weather forecasts,heatwave attribution; operational forecast; counterfactual weather,observational_product_reanalysis_validity,998,however,no
030_NatCommun_s41467-024-48280-7_peer_review_file__u0046,030_NatCommun_s41467-024-48280-7_peer_review_file.pdf,Nature Communications,10.1038/s41467-024-48280-7,Heatwave attribution based on reliable operational weather forecasts,heatwave attribution; operational forecast; counterfactual weather,detail_audit,140,should,no
030_NatCommun_s41467-024-48280-7_peer_review_file__u0050,030_NatCommun_s41467-024-48280-7_peer_review_file.pdf,Nature Communications,10.1038/s41467-024-48280-7,Heatwave attribution based on reliable operational weather forecasts,heatwave attribution; operational forecast; counterfactual weather,model_physics_assumption_sensitivity,368,however,no
030_NatCommun_s41467-024-48280-7_peer_review_file__u0051,030_NatCommun_s41467-024-48280-7_peer_review_file.pdf,Nature Communications,10.1038/s41467-024-48280-7,Heatwave attribution based on reliable operational weather forecasts,heatwave attribution; operational forecast; counterfactual weather,model_physics_assumption_sensitivity,391,unclear; should,no
030_NatCommun_s41467-024-48280-7_peer_review_file__u0052,030_NatCommun_s41467-024-48280-7_peer_review_file.pdf,Nature Communications,10.1038/s41467-024-48280-7,Heatwave attribution based on reliable operational weather forecasts,heatwave attribution; operational forecast; counterfactual weather,detail_audit,276,clarify,no
030_NatCommun_s41467-024-48280-7_peer_review_file__u0056,030_NatCommun_s41467-024-48280-7_peer_review_file.pdf,Nature Communications,10.1038/s41467-024-48280-7,Heatwave attribution based on reliable operational weather forecasts,heatwave attribution; operational forecast; counterfactual weather,reproducibility_data_code,249,recommend,no
031_NatCommun_s41467-024-49115-1_peer_review_file__u0000,031_NatCommun_s41467-024-49115-1_peer_review_file.pdf,Nature Communications,10.1038/s41467-024-49115-1,Global expansion of tropical cyclone precipitation footprint,tropical cyclone precipitation; metric definition; satellite data,observational_product_reanalysis_validity,1077,should; need,no
031_NatCommun_s41467-024-49115-1_peer_review_file__u0002,031_NatCommun_s41467-024-49115-1_peer_review_file.pdf,Nature Communications,10.1038/s41467-024-49115-1,Global expansion of tropical cyclone precipitation footprint,tropical cyclone precipitation; metric definition; satellite data,atmospheric_claim_evidence_calibration,596,however; major,no
031_NatCommun_s41467-024-49115-1_peer_review_file__u0003,031_NatCommun_s41467-024-49115-1_peer_review_file.pdf,Nature Communications,10.1038/s41467-024-49115-1,Global expansion of tropical cyclone precipitation footprint,tropical cyclone precipitation; metric definition; satellite data,sampling_event_representativeness,972,need; needs; explain,no
031_NatCommun_s41467-024-49115-1_peer_review_file__u0009,031_NatCommun_s41467-024-49115-1_peer_review_file.pdf,Nature Communications,10.1038/s41467-024-49115-1,Global expansion of tropical cyclone precipitation footprint,tropical cyclone precipitation; metric definition; satellite data,detail_audit,894,explain; would like,no
031_NatCommun_s41467-024-49115-1_peer_review_file__u0013,031_NatCommun_s41467-024-49115-1_peer_review_file.pdf,Nature Communications,10.1038/s41467-024-49115-1,Global expansion of tropical cyclone precipitation footprint,tropical cyclone precipitation; metric definition; satellite data,scale_resolution_boundary_consistency,209,however,no
031_NatCommun_s41467-024-49115-1_peer_review_file__u0019,031_NatCommun_s41467-024-49115-1_peer_review_file.pdf,Nature Communications,10.1038/s41467-024-49115-1,Global expansion of tropical cyclone precipitation footprint,tropical cyclone precipitation; metric definition; satellite data,atmospheric_claim_evidence_calibration,147,recommend,no
031_NatCommun_s41467-024-49115-1_peer_review_file__u0020,031_NatCommun_s41467-024-49115-1_peer_review_file.pdf,Nature Communications,10.1038/s41467-024-49115-1,Global expansion of tropical cyclone precipitation footprint,tropical cyclone precipitation; metric definition; satellite data,ai_weather_climate_model_fidelity,500,should,no
031_NatCommun_s41467-024-49115-1_peer_review_file__u0021,031_NatCommun_s41467-024-49115-1_peer_review_file.pdf,Nature Communications,10.1038/s41467-024-49115-1,Global expansion of tropical cyclone precipitation footprint,tropical cyclone precipitation; metric definition; satellite data,scale_resolution_boundary_consistency,653,however; need,no
031_NatCommun_s41467-024-49115-1_peer_review_file__u0022,031_NatCommun_s41467-024-49115-1_peer_review_file.pdf,Nature Communications,10.1038/s41467-024-49115-1,Global expansion of tropical cyclone precipitation footprint,tropical cyclone precipitation; metric definition; satellite data,observational_product_reanalysis_validity,342,concern,no
031_NatCommun_s41467-024-49115-1_peer_review_file__u0024,031_NatCommun_s41467-024-49115-1_peer_review_file.pdf,Nature Communications,10.1038/s41467-024-49115-1,Global expansion of tropical cyclone precipitation footprint,tropical cyclone precipitation; metric definition; satellite data,atmospheric_claim_evidence_calibration,343,lack,no
031_NatCommun_s41467-024-49115-1_peer_review_file__u0025,031_NatCommun_s41467-024-49115-1_peer_review_file.pdf,Nature Communications,10.1038/s41467-024-49115-1,Global expansion of tropical cyclone precipitation footprint,tropical cyclone precipitation; metric definition; satellite data,atmospheric_claim_evidence_calibration,114,need,no
031_NatCommun_s41467-024-49115-1_peer_review_file__u0027,031_NatCommun_s41467-024-49115-1_peer_review_file.pdf,Nature Communications,10.1038/s41467-024-49115-1,Global expansion of tropical cyclone precipitation footprint,tropical cyclone precipitation; metric definition; satellite data,atmospheric_claim_evidence_calibration,194,should,no
031_NatCommun_s41467-024-49115-1_peer_review_file__u0028,031_NatCommun_s41467-024-49115-1_peer_review_file.pdf,Nature Communications,10.1038/s41467-024-49115-1,Global expansion of tropical cyclone precipitation footprint,tropical cyclone precipitation; metric definition; satellite data,observational_product_reanalysis_validity,1220,however; major,no
031_NatCommun_s41467-024-49115-1_peer_review_file__u0029,031_NatCommun_s41467-024-49115-1_peer_review_file.pdf,Nature Communications,10.1038/s41467-024-49115-1,Global expansion of tropical cyclone precipitation footprint,tropical cyclone precipitation; metric definition; satellite data,atmospheric_claim_evidence_calibration,1718,need; needs; explain,no
031_NatCommun_s41467-024-49115-1_peer_review_file__u0031,031_NatCommun_s41467-024-49115-1_peer_review_file.pdf,Nature Communications,10.1038/s41467-024-49115-1,Global expansion of tropical cyclone precipitation footprint,tropical cyclone precipitation; metric definition; satellite data,ai_weather_climate_model_fidelity,247,limitation,no
031_NatCommun_s41467-024-49115-1_peer_review_file__u0041,031_NatCommun_s41467-024-49115-1_peer_review_file.pdf,Nature Communications,10.1038/s41467-024-49115-1,Global expansion of tropical cyclone precipitation footprint,tropical cyclone precipitation; metric definition; satellite data,detail_audit,133,why,no
031_NatCommun_s41467-024-49115-1_peer_review_file__u0043,031_NatCommun_s41467-024-49115-1_peer_review_file.pdf,Nature Communications,10.1038/s41467-024-49115-1,Global expansion of tropical cyclone precipitation footprint,tropical cyclone precipitation; metric definition; satellite data,atmospheric_claim_evidence_calibration,651,explain,no
031_NatCommun_s41467-024-49115-1_peer_review_file__u0044,031_NatCommun_s41467-024-49115-1_peer_review_file.pdf,Nature Communications,10.1038/s41467-024-49115-1,Global expansion of tropical cyclone precipitation footprint,tropical cyclone precipitation; metric definition; satellite data,detail_audit,2193,lack; explain; would like; sensitivity,no
031_NatCommun_s41467-024-49115-1_peer_review_file__u0047,031_NatCommun_s41467-024-49115-1_peer_review_file.pdf,Nature Communications,10.1038/s41467-024-49115-1,Global expansion of tropical cyclone precipitation footprint,tropical cyclone precipitation; metric definition; satellite data,model_physics_assumption_sensitivity,298,sensitivity,no
031_NatCommun_s41467-024-49115-1_peer_review_file__u0049,031_NatCommun_s41467-024-49115-1_peer_review_file.pdf,Nature Communications,10.1038/s41467-024-49115-1,Global expansion of tropical cyclone precipitation footprint,tropical cyclone precipitation; metric definition; satellite data,detail_audit,419,lack,no
031_NatCommun_s41467-024-49115-1_peer_review_file__u0052,031_NatCommun_s41467-024-49115-1_peer_review_file.pdf,Nature Communications,10.1038/s41467-024-49115-1,Global expansion of tropical cyclone precipitation footprint,tropical cyclone precipitation; metric definition; satellite data,observational_product_reanalysis_validity,353,however,no
031_NatCommun_s41467-024-49115-1_peer_review_file__u0054,031_NatCommun_s41467-024-49115-1_peer_review_file.pdf,Nature Communications,10.1038/s41467-024-49115-1,Global expansion of tropical cyclone precipitation footprint,tropical cyclone precipitation; metric definition; satellite data,sampling_event_representativeness,320,recommend,no
031_NatCommun_s41467-024-49115-1_peer_review_file__u0055,031_NatCommun_s41467-024-49115-1_peer_review_file.pdf,Nature Communications,10.1038/s41467-024-49115-1,Global expansion of tropical cyclone precipitation footprint,tropical cyclone precipitation; metric definition; satellite data,sampling_event_representativeness,835,explain,no
031_NatCommun_s41467-024-49115-1_peer_review_file__u0057,031_NatCommun_s41467-024-49115-1_peer_review_file.pdf,Nature Communications,10.1038/s41467-024-49115-1,Global expansion of tropical cyclone precipitation footprint,tropical cyclone precipitation; metric definition; satellite data,observational_product_reanalysis_validity,247,explain,no
031_NatCommun_s41467-024-49115-1_peer_review_file__u0061,031_NatCommun_s41467-024-49115-1_peer_review_file.pdf,Nature Communications,10.1038/s41467-024-49115-1,Global expansion of tropical cyclone precipitation footprint,tropical cyclone precipitation; metric definition; satellite data,detail_audit,524,however,no
031_NatCommun_s41467-024-49115-1_peer_review_file__u0068,031_NatCommun_s41467-024-49115-1_peer_review_file.pdf,Nature Communications,10.1038/s41467-024-49115-1,Global expansion of tropical cyclone precipitation footprint,tropical cyclone precipitation; metric definition; satellite data,atmospheric_claim_evidence_calibration,411,recommend,no
031_NatCommun_s41467-024-49115-1_peer_review_file__u0070,031_NatCommun_s41467-024-49115-1_peer_review_file.pdf,Nature Communications,10.1038/s41467-024-49115-1,Global expansion of tropical cyclone precipitation footprint,tropical cyclone precipitation; metric definition; satellite data,uncertainty_statistics_skill_metrics,1010,however; validation,no
031_NatCommun_s41467-024-49115-1_peer_review_file__u0071,031_NatCommun_s41467-024-49115-1_peer_review_file.pdf,Nature Communications,10.1038/s41467-024-49115-1,Global expansion of tropical cyclone precipitation footprint,tropical cyclone precipitation; metric definition; satellite data,ai_weather_climate_model_fidelity,757,need,no
031_NatCommun_s41467-024-49115-1_peer_review_file__u0074,031_NatCommun_s41467-024-49115-1_peer_review_file.pdf,Nature Communications,10.1038/s41467-024-49115-1,Global expansion of tropical cyclone precipitation footprint,tropical cyclone precipitation; metric definition; satellite data,uncertainty_statistics_skill_metrics,843,should,no
031_NatCommun_s41467-024-49115-1_peer_review_file__u0075,031_NatCommun_s41467-024-49115-1_peer_review_file.pdf,Nature Communications,10.1038/s41467-024-49115-1,Global expansion of tropical cyclone precipitation footprint,tropical cyclone precipitation; metric definition; satellite data,scale_resolution_boundary_consistency,818,however; need,no
031_NatCommun_s41467-024-49115-1_peer_review_file__u0076,031_NatCommun_s41467-024-49115-1_peer_review_file.pdf,Nature Communications,10.1038/s41467-024-49115-1,Global expansion of tropical cyclone precipitation footprint,tropical cyclone precipitation; metric definition; satellite data,observational_product_reanalysis_validity,730,concern,no
031_NatCommun_s41467-024-49115-1_peer_review_file__u0077,031_NatCommun_s41467-024-49115-1_peer_review_file.pdf,Nature Communications,10.1038/s41467-024-49115-1,Global expansion of tropical cyclone precipitation footprint,tropical cyclone precipitation; metric definition; satellite data,ai_weather_climate_model_fidelity,724,why,no
031_NatCommun_s41467-024-49115-1_peer_review_file__u0080,031_NatCommun_s41467-024-49115-1_peer_review_file.pdf,Nature Communications,10.1038/s41467-024-49115-1,Global expansion of tropical cyclone precipitation footprint,tropical cyclone precipitation; metric definition; satellite data,ai_weather_climate_model_fidelity,631,major; lack,no
031_NatCommun_s41467-024-49115-1_peer_review_file__u0081,031_NatCommun_s41467-024-49115-1_peer_review_file.pdf,Nature Communications,10.1038/s41467-024-49115-1,Global expansion of tropical cyclone precipitation footprint,tropical cyclone precipitation; metric definition; satellite data,detail_audit,361,need,no
031_NatCommun_s41467-024-49115-1_peer_review_file__u0082,031_NatCommun_s41467-024-49115-1_peer_review_file.pdf,Nature Communications,10.1038/s41467-024-49115-1,Global expansion of tropical cyclone precipitation footprint,tropical cyclone precipitation; metric definition; satellite data,ai_weather_climate_model_fidelity,991,however; sensitivity,no
031_NatCommun_s41467-024-49115-1_peer_review_file__u0083,031_NatCommun_s41467-024-49115-1_peer_review_file.pdf,Nature Communications,10.1038/s41467-024-49115-1,Global expansion of tropical cyclone precipitation footprint,tropical cyclone precipitation; metric definition; satellite data,model_physics_assumption_sensitivity,281,sensitivity,no
031_NatCommun_s41467-024-49115-1_peer_review_file__u0085,031_NatCommun_s41467-024-49115-1_peer_review_file.pdf,Nature Communications,10.1038/s41467-024-49115-1,Global expansion of tropical cyclone precipitation footprint,tropical cyclone precipitation; metric definition; satellite data,detail_audit,309,should,no
031_NatCommun_s41467-024-49115-1_peer_review_file__u0087,031_NatCommun_s41467-024-49115-1_peer_review_file.pdf,Nature Communications,10.1038/s41467-024-49115-1,Global expansion of tropical cyclone precipitation footprint,tropical cyclone precipitation; metric definition; satellite data,ai_weather_climate_model_fidelity,197,recommend,no
031_NatCommun_s41467-024-49115-1_peer_review_file__u0089,031_NatCommun_s41467-024-49115-1_peer_review_file.pdf,Nature Communications,10.1038/s41467-024-49115-1,Global expansion of tropical cyclone precipitation footprint,tropical cyclone precipitation; metric definition; satellite data,ai_weather_climate_model_fidelity,216,concern; recommend,no
032_NatCommun_s41467-024-45504-8_peer_review_file__u0001,032_NatCommun_s41467-024-45504-8_peer_review_file.pdf,Nature Communications,10.1038/s41467-024-45504-8,Anthropogenic aerosols mask increases in US rainfall by greenhouse gases,aerosol forcing; precipitation attribution; regional climate signal,observational_product_reanalysis_validity,1333,should; need,no
032_NatCommun_s41467-024-45504-8_peer_review_file__u0003,032_NatCommun_s41467-024-45504-8_peer_review_file.pdf,Nature Communications,10.1038/s41467-024-45504-8,Anthropogenic aerosols mask increases in US rainfall by greenhouse gases,aerosol forcing; precipitation attribution; regional climate signal,ai_weather_climate_model_fidelity,571,major,no
032_NatCommun_s41467-024-45504-8_peer_review_file__u0006,032_NatCommun_s41467-024-45504-8_peer_review_file.pdf,Nature Communications,10.1038/s41467-024-45504-8,Anthropogenic aerosols mask increases in US rainfall by greenhouse gases,aerosol forcing; precipitation attribution; regional climate signal,sampling_event_representativeness,331,clarify,no
032_NatCommun_s41467-024-45504-8_peer_review_file__u0007,032_NatCommun_s41467-024-45504-8_peer_review_file.pdf,Nature Communications,10.1038/s41467-024-45504-8,Anthropogenic aerosols mask increases in US rainfall by greenhouse gases,aerosol forcing; precipitation attribution; regional climate signal,detail_audit,101,unclear,no
032_NatCommun_s41467-024-45504-8_peer_review_file__u0008,032_NatCommun_s41467-024-45504-8_peer_review_file.pdf,Nature Communications,10.1038/s41467-024-45504-8,Anthropogenic aerosols mask increases in US rainfall by greenhouse gases,aerosol forcing; precipitation attribution; regional climate signal,trend_internal_variability_signal_detection,565,need; needs,no
032_NatCommun_s41467-024-45504-8_peer_review_file__u0011,032_NatCommun_s41467-024-45504-8_peer_review_file.pdf,Nature Communications,10.1038/s41467-024-45504-8,Anthropogenic aerosols mask increases in US rainfall by greenhouse gases,aerosol forcing; precipitation attribution; regional climate signal,scale_resolution_boundary_consistency,359,must,no
032_NatCommun_s41467-024-45504-8_peer_review_file__u0015,032_NatCommun_s41467-024-45504-8_peer_review_file.pdf,Nature Communications,10.1038/s41467-024-45504-8,Anthropogenic aerosols mask increases in US rainfall by greenhouse gases,aerosol forcing; precipitation attribution; regional climate signal,aerosol_cloud_radiation_microphysics,417,major,no
032_NatCommun_s41467-024-45504-8_peer_review_file__u0016,032_NatCommun_s41467-024-45504-8_peer_review_file.pdf,Nature Communications,10.1038/s41467-024-45504-8,Anthropogenic aerosols mask increases in US rainfall by greenhouse gases,aerosol forcing; precipitation attribution; regional climate signal,uncertainty_statistics_skill_metrics,755,should; why,no
032_NatCommun_s41467-024-45504-8_peer_review_file__u0017,032_NatCommun_s41467-024-45504-8_peer_review_file.pdf,Nature Communications,10.1038/s41467-024-45504-8,Anthropogenic aerosols mask increases in US rainfall by greenhouse gases,aerosol forcing; precipitation attribution; regional climate signal,sampling_event_representativeness,1131,should; lack,no
032_NatCommun_s41467-024-45504-8_peer_review_file__u0018,032_NatCommun_s41467-024-45504-8_peer_review_file.pdf,Nature Communications,10.1038/s41467-024-45504-8,Anthropogenic aerosols mask increases in US rainfall by greenhouse gases,aerosol forcing; precipitation attribution; regional climate signal,scale_resolution_boundary_consistency,971,however,no
032_NatCommun_s41467-024-45504-8_peer_review_file__u0021,032_NatCommun_s41467-024-45504-8_peer_review_file.pdf,Nature Communications,10.1038/s41467-024-45504-8,Anthropogenic aerosols mask increases in US rainfall by greenhouse gases,aerosol forcing; precipitation attribution; regional climate signal,atmospheric_claim_evidence_calibration,201,concern; major,no
032_NatCommun_s41467-024-45504-8_peer_review_file__u0022,032_NatCommun_s41467-024-45504-8_peer_review_file.pdf,Nature Communications,10.1038/s41467-024-45504-8,Anthropogenic aerosols mask increases in US rainfall by greenhouse gases,aerosol forcing; precipitation attribution; regional climate signal,model_physics_assumption_sensitivity,1022,major; unclear,no
032_NatCommun_s41467-024-45504-8_peer_review_file__u0023,032_NatCommun_s41467-024-45504-8_peer_review_file.pdf,Nature Communications,10.1038/s41467-024-45504-8,Anthropogenic aerosols mask increases in US rainfall by greenhouse gases,aerosol forcing; precipitation attribution; regional climate signal,sampling_event_representativeness,967,concern,no
032_NatCommun_s41467-024-45504-8_peer_review_file__u0025,032_NatCommun_s41467-024-45504-8_peer_review_file.pdf,Nature Communications,10.1038/s41467-024-45504-8,Anthropogenic aerosols mask increases in US rainfall by greenhouse gases,aerosol forcing; precipitation attribution; regional climate signal,atmospheric_claim_evidence_calibration,681,however; major,no
032_NatCommun_s41467-024-45504-8_peer_review_file__u0026,032_NatCommun_s41467-024-45504-8_peer_review_file.pdf,Nature Communications,10.1038/s41467-024-45504-8,Anthropogenic aerosols mask increases in US rainfall by greenhouse gases,aerosol forcing; precipitation attribution; regional climate signal,sampling_event_representativeness,414,need; clarify,no
032_NatCommun_s41467-024-45504-8_peer_review_file__u0028,032_NatCommun_s41467-024-45504-8_peer_review_file.pdf,Nature Communications,10.1038/s41467-024-45504-8,Anthropogenic aerosols mask increases in US rainfall by greenhouse gases,aerosol forcing; precipitation attribution; regional climate signal,atmospheric_claim_evidence_calibration,545,explain,no
032_NatCommun_s41467-024-45504-8_peer_review_file__u0029,032_NatCommun_s41467-024-45504-8_peer_review_file.pdf,Nature Communications,10.1038/s41467-024-45504-8,Anthropogenic aerosols mask increases in US rainfall by greenhouse gases,aerosol forcing; precipitation attribution; regional climate signal,uncertainty_statistics_skill_metrics,494,need; explain,no
032_NatCommun_s41467-024-45504-8_peer_review_file__u0031,032_NatCommun_s41467-024-45504-8_peer_review_file.pdf,Nature Communications,10.1038/s41467-024-45504-8,Anthropogenic aerosols mask increases in US rainfall by greenhouse gases,aerosol forcing; precipitation attribution; regional climate signal,trend_internal_variability_signal_detection,812,major; need,no
032_NatCommun_s41467-024-45504-8_peer_review_file__u0038,032_NatCommun_s41467-024-45504-8_peer_review_file.pdf,Nature Communications,10.1038/s41467-024-45504-8,Anthropogenic aerosols mask increases in US rainfall by greenhouse gases,aerosol forcing; precipitation attribution; regional climate signal,sampling_event_representativeness,700,unclear; clarify,no
032_NatCommun_s41467-024-45504-8_peer_review_file__u0039,032_NatCommun_s41467-024-45504-8_peer_review_file.pdf,Nature Communications,10.1038/s41467-024-45504-8,Anthropogenic aerosols mask increases in US rainfall by greenhouse gases,aerosol forcing; precipitation attribution; regional climate signal,chemistry_emissions_budget,270,unclear,no
032_NatCommun_s41467-024-45504-8_peer_review_file__u0040,032_NatCommun_s41467-024-45504-8_peer_review_file.pdf,Nature Communications,10.1038/s41467-024-45504-8,Anthropogenic aerosols mask increases in US rainfall by greenhouse gases,aerosol forcing; precipitation attribution; regional climate signal,uncertainty_statistics_skill_metrics,212,unclear,no
032_NatCommun_s41467-024-45504-8_peer_review_file__u0041,032_NatCommun_s41467-024-45504-8_peer_review_file.pdf,Nature Communications,10.1038/s41467-024-45504-8,Anthropogenic aerosols mask increases in US rainfall by greenhouse gases,aerosol forcing; precipitation attribution; regional climate signal,model_physics_assumption_sensitivity,592,need; needs,no
032_NatCommun_s41467-024-45504-8_peer_review_file__u0048,032_NatCommun_s41467-024-45504-8_peer_review_file.pdf,Nature Communications,10.1038/s41467-024-45504-8,Anthropogenic aerosols mask increases in US rainfall by greenhouse gases,aerosol forcing; precipitation attribution; regional climate signal,uncertainty_statistics_skill_metrics,466,must,no
032_NatCommun_s41467-024-45504-8_peer_review_file__u0049,032_NatCommun_s41467-024-45504-8_peer_review_file.pdf,Nature Communications,10.1038/s41467-024-45504-8,Anthropogenic aerosols mask increases in US rainfall by greenhouse gases,aerosol forcing; precipitation attribution; regional climate signal,detail_audit,564,however; need,no
032_NatCommun_s41467-024-45504-8_peer_review_file__u0053,032_NatCommun_s41467-024-45504-8_peer_review_file.pdf,Nature Communications,10.1038/s41467-024-45504-8,Anthropogenic aerosols mask increases in US rainfall by greenhouse gases,aerosol forcing; precipitation attribution; regional climate signal,aerosol_cloud_radiation_microphysics,241,major,no
032_NatCommun_s41467-024-45504-8_peer_review_file__u0060,032_NatCommun_s41467-024-45504-8_peer_review_file.pdf,Nature Communications,10.1038/s41467-024-45504-8,Anthropogenic aerosols mask increases in US rainfall by greenhouse gases,aerosol forcing; precipitation attribution; regional climate signal,uncertainty_statistics_skill_metrics,201,should,no
032_NatCommun_s41467-024-45504-8_peer_review_file__u0061,032_NatCommun_s41467-024-45504-8_peer_review_file.pdf,Nature Communications,10.1038/s41467-024-45504-8,Anthropogenic aerosols mask increases in US rainfall by greenhouse gases,aerosol forcing; precipitation attribution; regional climate signal,uncertainty_statistics_skill_metrics,276,why,no
032_NatCommun_s41467-024-45504-8_peer_review_file__u0062,032_NatCommun_s41467-024-45504-8_peer_review_file.pdf,Nature Communications,10.1038/s41467-024-45504-8,Anthropogenic aerosols mask increases in US rainfall by greenhouse gases,aerosol forcing; precipitation attribution; regional climate signal,sampling_event_representativeness,1188,should; lack,no
032_NatCommun_s41467-024-45504-8_peer_review_file__u0064,032_NatCommun_s41467-024-45504-8_peer_review_file.pdf,Nature Communications,10.1038/s41467-024-45504-8,Anthropogenic aerosols mask increases in US rainfall by greenhouse gases,aerosol forcing; precipitation attribution; regional climate signal,scale_resolution_boundary_consistency,315,however,no
032_NatCommun_s41467-024-45504-8_peer_review_file__u0067,032_NatCommun_s41467-024-45504-8_peer_review_file.pdf,Nature Communications,10.1038/s41467-024-45504-8,Anthropogenic aerosols mask increases in US rainfall by greenhouse gases,aerosol forcing; precipitation attribution; regional climate signal,atmospheric_claim_evidence_calibration,562,concern; major,no
032_NatCommun_s41467-024-45504-8_peer_review_file__u0069,032_NatCommun_s41467-024-45504-8_peer_review_file.pdf,Nature Communications,10.1038/s41467-024-45504-8,Anthropogenic aerosols mask increases in US rainfall by greenhouse gases,aerosol forcing; precipitation attribution; regional climate signal,ai_weather_climate_model_fidelity,106,unclear,no
032_NatCommun_s41467-024-45504-8_peer_review_file__u0070,032_NatCommun_s41467-024-45504-8_peer_review_file.pdf,Nature Communications,10.1038/s41467-024-45504-8,Anthropogenic aerosols mask increases in US rainfall by greenhouse gases,aerosol forcing; precipitation attribution; regional climate signal,observational_product_reanalysis_validity,105,major,no
032_NatCommun_s41467-024-45504-8_peer_review_file__u0073,032_NatCommun_s41467-024-45504-8_peer_review_file.pdf,Nature Communications,10.1038/s41467-024-45504-8,Anthropogenic aerosols mask increases in US rainfall by greenhouse gases,aerosol forcing; precipitation attribution; regional climate signal,model_physics_assumption_sensitivity,211,concern,no
032_NatCommun_s41467-024-45504-8_peer_review_file__u0074,032_NatCommun_s41467-024-45504-8_peer_review_file.pdf,Nature Communications,10.1038/s41467-024-45504-8,Anthropogenic aerosols mask increases in US rainfall by greenhouse gases,aerosol forcing; precipitation attribution; regional climate signal,atmospheric_claim_evidence_calibration,217,concern,no
032_NatCommun_s41467-024-45504-8_peer_review_file__u0089,032_NatCommun_s41467-024-45504-8_peer_review_file.pdf,Nature Communications,10.1038/s41467-024-45504-8,Anthropogenic aerosols mask increases in US rainfall by greenhouse gases,aerosol forcing; precipitation attribution; regional climate signal,scale_resolution_boundary_consistency,224,however; major,no
032_NatCommun_s41467-024-45504-8_peer_review_file__u0095,032_NatCommun_s41467-024-45504-8_peer_review_file.pdf,Nature Communications,10.1038/s41467-024-45504-8,Anthropogenic aerosols mask increases in US rainfall by greenhouse gases,aerosol forcing; precipitation attribution; regional climate signal,sampling_event_representativeness,1139,need; clarify,no
032_NatCommun_s41467-024-45504-8_peer_review_file__u0097,032_NatCommun_s41467-024-45504-8_peer_review_file.pdf,Nature Communications,10.1038/s41467-024-45504-8,Anthropogenic aerosols mask increases in US rainfall by greenhouse gases,aerosol forcing; precipitation attribution; regional climate signal,atmospheric_claim_evidence_calibration,814,explain,no
032_NatCommun_s41467-024-45504-8_peer_review_file__u0098,032_NatCommun_s41467-024-45504-8_peer_review_file.pdf,Nature Communications,10.1038/s41467-024-45504-8,Anthropogenic aerosols mask increases in US rainfall by greenhouse gases,aerosol forcing; precipitation attribution; regional climate signal,uncertainty_statistics_skill_metrics,1010,need; explain,no
032_NatCommun_s41467-024-45504-8_peer_review_file__u0099,032_NatCommun_s41467-024-45504-8_peer_review_file.pdf,Nature Communications,10.1038/s41467-024-45504-8,Anthropogenic aerosols mask increases in US rainfall by greenhouse gases,aerosol forcing; precipitation attribution; regional climate signal,atmospheric_claim_evidence_calibration,944,however; should,no
032_NatCommun_s41467-024-45504-8_peer_review_file__u0101,032_NatCommun_s41467-024-45504-8_peer_review_file.pdf,Nature Communications,10.1038/s41467-024-45504-8,Anthropogenic aerosols mask increases in US rainfall by greenhouse gases,aerosol forcing; precipitation attribution; regional climate signal,trend_internal_variability_signal_detection,878,need; would like,no
032_NatCommun_s41467-024-45504-8_peer_review_file__u0106,032_NatCommun_s41467-024-45504-8_peer_review_file.pdf,Nature Communications,10.1038/s41467-024-45504-8,Anthropogenic aerosols mask increases in US rainfall by greenhouse gases,aerosol forcing; precipitation attribution; regional climate signal,aerosol_cloud_radiation_microphysics,305,sensitivity,no
032_NatCommun_s41467-024-45504-8_peer_review_file__u0107,032_NatCommun_s41467-024-45504-8_peer_review_file.pdf,Nature Communications,10.1038/s41467-024-45504-8,Anthropogenic aerosols mask increases in US rainfall by greenhouse gases,aerosol forcing; precipitation attribution; regional climate signal,aerosol_cloud_radiation_microphysics,305,major; recommend; would like,no
033_NatCommun_s41467-024-46349-x_peer_review_file__u0000,033_NatCommun_s41467-024-46349-x_peer_review_file.pdf,Nature Communications,10.1038/s41467-024-46349-x,Pitfalls in diagnosing temperature extremes,temperature extremes; diagnostic metrics; extreme event definition,observational_product_reanalysis_validity,1077,should; need,no
033_NatCommun_s41467-024-46349-x_peer_review_file__u0005,033_NatCommun_s41467-024-46349-x_peer_review_file.pdf,Nature Communications,10.1038/s41467-024-46349-x,Pitfalls in diagnosing temperature extremes,temperature extremes; diagnostic metrics; extreme event definition,atmospheric_claim_evidence_calibration,192,recommend,no
033_NatCommun_s41467-024-46349-x_peer_review_file__u0007,033_NatCommun_s41467-024-46349-x_peer_review_file.pdf,Nature Communications,10.1038/s41467-024-46349-x,Pitfalls in diagnosing temperature extremes,temperature extremes; diagnostic metrics; extreme event definition,scale_resolution_boundary_consistency,1787,however,no
033_NatCommun_s41467-024-46349-x_peer_review_file__u0009,033_NatCommun_s41467-024-46349-x_peer_review_file.pdf,Nature Communications,10.1038/s41467-024-46349-x,Pitfalls in diagnosing temperature extremes,temperature extremes; diagnostic metrics; extreme event definition,observational_product_reanalysis_validity,668,however,no
033_NatCommun_s41467-024-46349-x_peer_review_file__u0010,033_NatCommun_s41467-024-46349-x_peer_review_file.pdf,Nature Communications,10.1038/s41467-024-46349-x,Pitfalls in diagnosing temperature extremes,temperature extremes; diagnostic metrics; extreme event definition,sampling_event_representativeness,371,should,no
033_NatCommun_s41467-024-46349-x_peer_review_file__u0011,033_NatCommun_s41467-024-46349-x_peer_review_file.pdf,Nature Communications,10.1038/s41467-024-46349-x,Pitfalls in diagnosing temperature extremes,temperature extremes; diagnostic metrics; extreme event definition,sampling_event_representativeness,1258,should,no
033_NatCommun_s41467-024-46349-x_peer_review_file__u0013,033_NatCommun_s41467-024-46349-x_peer_review_file.pdf,Nature Communications,10.1038/s41467-024-46349-x,Pitfalls in diagnosing temperature extremes,temperature extremes; diagnostic metrics; extreme event definition,extreme_event_attribution_counterfactual,331,would like,no
033_NatCommun_s41467-024-46349-x_peer_review_file__u0020,033_NatCommun_s41467-024-46349-x_peer_review_file.pdf,Nature Communications,10.1038/s41467-024-46349-x,Pitfalls in diagnosing temperature extremes,temperature extremes; diagnostic metrics; extreme event definition,detail_audit,160,why,no
033_NatCommun_s41467-024-46349-x_peer_review_file__u0025,033_NatCommun_s41467-024-46349-x_peer_review_file.pdf,Nature Communications,10.1038/s41467-024-46349-x,Pitfalls in diagnosing temperature extremes,temperature extremes; diagnostic metrics; extreme event definition,sampling_event_representativeness,885,however,no
033_NatCommun_s41467-024-46349-x_peer_review_file__u0026,033_NatCommun_s41467-024-46349-x_peer_review_file.pdf,Nature Communications,10.1038/s41467-024-46349-x,Pitfalls in diagnosing temperature extremes,temperature extremes; diagnostic metrics; extreme event definition,sampling_event_representativeness,701,recommend,no
033_NatCommun_s41467-024-46349-x_peer_review_file__u0027,033_NatCommun_s41467-024-46349-x_peer_review_file.pdf,Nature Communications,10.1038/s41467-024-46349-x,Pitfalls in diagnosing temperature extremes,temperature extremes; diagnostic metrics; extreme event definition,ai_weather_climate_model_fidelity,1127,however,no
033_NatCommun_s41467-024-46349-x_peer_review_file__u0034,033_NatCommun_s41467-024-46349-x_peer_review_file.pdf,Nature Communications,10.1038/s41467-024-46349-x,Pitfalls in diagnosing temperature extremes,temperature extremes; diagnostic metrics; extreme event definition,observational_product_reanalysis_validity,163,however,no
033_NatCommun_s41467-024-46349-x_peer_review_file__u0035,033_NatCommun_s41467-024-46349-x_peer_review_file.pdf,Nature Communications,10.1038/s41467-024-46349-x,Pitfalls in diagnosing temperature extremes,temperature extremes; diagnostic metrics; extreme event definition,sampling_event_representativeness,413,however; recommend,no
033_NatCommun_s41467-024-46349-x_peer_review_file__u0038,033_NatCommun_s41467-024-46349-x_peer_review_file.pdf,Nature Communications,10.1038/s41467-024-46349-x,Pitfalls in diagnosing temperature extremes,temperature extremes; diagnostic metrics; extreme event definition,detail_audit,1759,however,no
033_NatCommun_s41467-024-46349-x_peer_review_file__u0040,033_NatCommun_s41467-024-46349-x_peer_review_file.pdf,Nature Communications,10.1038/s41467-024-46349-x,Pitfalls in diagnosing temperature extremes,temperature extremes; diagnostic metrics; extreme event definition,sampling_event_representativeness,682,should,no
033_NatCommun_s41467-024-46349-x_peer_review_file__u0041,033_NatCommun_s41467-024-46349-x_peer_review_file.pdf,Nature Communications,10.1038/s41467-024-46349-x,Pitfalls in diagnosing temperature extremes,temperature extremes; diagnostic metrics; extreme event definition,detail_audit,1516,should,no
033_NatCommun_s41467-024-46349-x_peer_review_file__u0045,033_NatCommun_s41467-024-46349-x_peer_review_file.pdf,Nature Communications,10.1038/s41467-024-46349-x,Pitfalls in diagnosing temperature extremes,temperature extremes; diagnostic metrics; extreme event definition,extreme_event_attribution_counterfactual,499,would like,no
034_NatCommun_s41467-024-52255-z_peer_review_file__u0000,034_NatCommun_s41467-024-52255-z_peer_review_file.pdf,Nature Communications,10.1038/s41467-024-52255-z,Surface albedo regulates aerosol direct climate effect,aerosol direct climate effect; surface albedo; radiative forcing,observational_product_reanalysis_validity,1077,should; need,no
034_NatCommun_s41467-024-52255-z_peer_review_file__u0002,034_NatCommun_s41467-024-52255-z_peer_review_file.pdf,Nature Communications,10.1038/s41467-024-52255-z,Surface albedo regulates aerosol direct climate effect,aerosol direct climate effect; surface albedo; radiative forcing,aerosol_cloud_radiation_microphysics,2052,however; should; lack,no
034_NatCommun_s41467-024-52255-z_peer_review_file__u0004,034_NatCommun_s41467-024-52255-z_peer_review_file.pdf,Nature Communications,10.1038/s41467-024-52255-z,Surface albedo regulates aerosol direct climate effect,aerosol direct climate effect; surface albedo; radiative forcing,aerosol_cloud_radiation_microphysics,279,should,no
034_NatCommun_s41467-024-52255-z_peer_review_file__u0006,034_NatCommun_s41467-024-52255-z_peer_review_file.pdf,Nature Communications,10.1038/s41467-024-52255-z,Surface albedo regulates aerosol direct climate effect,aerosol direct climate effect; surface albedo; radiative forcing,aerosol_cloud_radiation_microphysics,673,should,no
034_NatCommun_s41467-024-52255-z_peer_review_file__u0009,034_NatCommun_s41467-024-52255-z_peer_review_file.pdf,Nature Communications,10.1038/s41467-024-52255-z,Surface albedo regulates aerosol direct climate effect,aerosol direct climate effect; surface albedo; radiative forcing,trend_internal_variability_signal_detection,246,sensitivity,no
034_NatCommun_s41467-024-52255-z_peer_review_file__u0010,034_NatCommun_s41467-024-52255-z_peer_review_file.pdf,Nature Communications,10.1038/s41467-024-52255-z,Surface albedo regulates aerosol direct climate effect,aerosol direct climate effect; surface albedo; radiative forcing,aerosol_cloud_radiation_microphysics,300,major,no
034_NatCommun_s41467-024-52255-z_peer_review_file__u0013,034_NatCommun_s41467-024-52255-z_peer_review_file.pdf,Nature Communications,10.1038/s41467-024-52255-z,Surface albedo regulates aerosol direct climate effect,aerosol direct climate effect; surface albedo; radiative forcing,trend_internal_variability_signal_detection,194,however; limitation,no
034_NatCommun_s41467-024-52255-z_peer_review_file__u0015,034_NatCommun_s41467-024-52255-z_peer_review_file.pdf,Nature Communications,10.1038/s41467-024-52255-z,Surface albedo regulates aerosol direct climate effect,aerosol direct climate effect; surface albedo; radiative forcing,observational_product_reanalysis_validity,398,recommend,no
034_NatCommun_s41467-024-52255-z_peer_review_file__u0016,034_NatCommun_s41467-024-52255-z_peer_review_file.pdf,Nature Communications,10.1038/s41467-024-52255-z,Surface albedo regulates aerosol direct climate effect,aerosol direct climate effect; surface albedo; radiative forcing,aerosol_cloud_radiation_microphysics,390,however; lack,no
034_NatCommun_s41467-024-52255-z_peer_review_file__u0020,034_NatCommun_s41467-024-52255-z_peer_review_file.pdf,Nature Communications,10.1038/s41467-024-52255-z,Surface albedo regulates aerosol direct climate effect,aerosol direct climate effect; surface albedo; radiative forcing,sampling_event_representativeness,233,why,no
034_NatCommun_s41467-024-52255-z_peer_review_file__u0021,034_NatCommun_s41467-024-52255-z_peer_review_file.pdf,Nature Communications,10.1038/s41467-024-52255-z,Surface albedo regulates aerosol direct climate effect,aerosol direct climate effect; surface albedo; radiative forcing,detail_audit,731,clarify; why; would like,no
034_NatCommun_s41467-024-52255-z_peer_review_file__u0024,034_NatCommun_s41467-024-52255-z_peer_review_file.pdf,Nature Communications,10.1038/s41467-024-52255-z,Surface albedo regulates aerosol direct climate effect,aerosol direct climate effect; surface albedo; radiative forcing,sampling_event_representativeness,222,should; why,no
034_NatCommun_s41467-024-52255-z_peer_review_file__u0032,034_NatCommun_s41467-024-52255-z_peer_review_file.pdf,Nature Communications,10.1038/s41467-024-52255-z,Surface albedo regulates aerosol direct climate effect,aerosol direct climate effect; surface albedo; radiative forcing,aerosol_cloud_radiation_microphysics,796,lack,no
034_NatCommun_s41467-024-52255-z_peer_review_file__u0034,034_NatCommun_s41467-024-52255-z_peer_review_file.pdf,Nature Communications,10.1038/s41467-024-52255-z,Surface albedo regulates aerosol direct climate effect,aerosol direct climate effect; surface albedo; radiative forcing,aerosol_cloud_radiation_microphysics,2334,however; should; lack; recommend,no
034_NatCommun_s41467-024-52255-z_peer_review_file__u0035,034_NatCommun_s41467-024-52255-z_peer_review_file.pdf,Nature Communications,10.1038/s41467-024-52255-z,Surface albedo regulates aerosol direct climate effect,aerosol direct climate effect; surface albedo; radiative forcing,aerosol_cloud_radiation_microphysics,567,limitation,no
034_NatCommun_s41467-024-52255-z_peer_review_file__u0036,034_NatCommun_s41467-024-52255-z_peer_review_file.pdf,Nature Communications,10.1038/s41467-024-52255-z,Surface albedo regulates aerosol direct climate effect,aerosol direct climate effect; surface albedo; radiative forcing,aerosol_cloud_radiation_microphysics,3931,major; limitation,no
034_NatCommun_s41467-024-52255-z_peer_review_file__u0037,034_NatCommun_s41467-024-52255-z_peer_review_file.pdf,Nature Communications,10.1038/s41467-024-52255-z,Surface albedo regulates aerosol direct climate effect,aerosol direct climate effect; surface albedo; radiative forcing,aerosol_cloud_radiation_microphysics,254,lack,no
034_NatCommun_s41467-024-52255-z_peer_review_file__u0038,034_NatCommun_s41467-024-52255-z_peer_review_file.pdf,Nature Communications,10.1038/s41467-024-52255-z,Surface albedo regulates aerosol direct climate effect,aerosol direct climate effect; surface albedo; radiative forcing,sampling_event_representativeness,2886,concern,no
034_NatCommun_s41467-024-52255-z_peer_review_file__u0039,034_NatCommun_s41467-024-52255-z_peer_review_file.pdf,Nature Communications,10.1038/s41467-024-52255-z,Surface albedo regulates aerosol direct climate effect,aerosol direct climate effect; surface albedo; radiative forcing,aerosol_cloud_radiation_microphysics,582,lack,no
034_NatCommun_s41467-024-52255-z_peer_review_file__u0043,034_NatCommun_s41467-024-52255-z_peer_review_file.pdf,Nature Communications,10.1038/s41467-024-52255-z,Surface albedo regulates aerosol direct climate effect,aerosol direct climate effect; surface albedo; radiative forcing,observational_product_reanalysis_validity,232,validation,no
034_NatCommun_s41467-024-52255-z_peer_review_file__u0045,034_NatCommun_s41467-024-52255-z_peer_review_file.pdf,Nature Communications,10.1038/s41467-024-52255-z,Surface albedo regulates aerosol direct climate effect,aerosol direct climate effect; surface albedo; radiative forcing,aerosol_cloud_radiation_microphysics,3263,should; limitation,no
034_NatCommun_s41467-024-52255-z_peer_review_file__u0046,034_NatCommun_s41467-024-52255-z_peer_review_file.pdf,Nature Communications,10.1038/s41467-024-52255-z,Surface albedo regulates aerosol direct climate effect,aerosol direct climate effect; surface albedo; radiative forcing,observational_product_reanalysis_validity,271,limitation,no
034_NatCommun_s41467-024-52255-z_peer_review_file__u0049,034_NatCommun_s41467-024-52255-z_peer_review_file.pdf,Nature Communications,10.1038/s41467-024-52255-z,Surface albedo regulates aerosol direct climate effect,aerosol direct climate effect; surface albedo; radiative forcing,aerosol_cloud_radiation_microphysics,3556,should,no
034_NatCommun_s41467-024-52255-z_peer_review_file__u0052,034_NatCommun_s41467-024-52255-z_peer_review_file.pdf,Nature Communications,10.1038/s41467-024-52255-z,Surface albedo regulates aerosol direct climate effect,aerosol direct climate effect; surface albedo; radiative forcing,detail_audit,422,clarify,no
034_NatCommun_s41467-024-52255-z_peer_review_file__u0053,034_NatCommun_s41467-024-52255-z_peer_review_file.pdf,Nature Communications,10.1038/s41467-024-52255-z,Surface albedo regulates aerosol direct climate effect,aerosol direct climate effect; surface albedo; radiative forcing,trend_internal_variability_signal_detection,935,sensitivity,no
034_NatCommun_s41467-024-52255-z_peer_review_file__u0054,034_NatCommun_s41467-024-52255-z_peer_review_file.pdf,Nature Communications,10.1038/s41467-024-52255-z,Surface albedo regulates aerosol direct climate effect,aerosol direct climate effect; surface albedo; radiative forcing,aerosol_cloud_radiation_microphysics,659,major; clarify,no
034_NatCommun_s41467-024-52255-z_peer_review_file__u0069,034_NatCommun_s41467-024-52255-z_peer_review_file.pdf,Nature Communications,10.1038/s41467-024-52255-z,Surface albedo regulates aerosol direct climate effect,aerosol direct climate effect; surface albedo; radiative forcing,trend_internal_variability_signal_detection,194,however; limitation,no
034_NatCommun_s41467-024-52255-z_peer_review_file__u0071,034_NatCommun_s41467-024-52255-z_peer_review_file.pdf,Nature Communications,10.1038/s41467-024-52255-z,Surface albedo regulates aerosol direct climate effect,aerosol direct climate effect; surface albedo; radiative forcing,aerosol_cloud_radiation_microphysics,704,recommend,no
034_NatCommun_s41467-024-52255-z_peer_review_file__u0072,034_NatCommun_s41467-024-52255-z_peer_review_file.pdf,Nature Communications,10.1038/s41467-024-52255-z,Surface albedo regulates aerosol direct climate effect,aerosol direct climate effect; surface albedo; radiative forcing,aerosol_cloud_radiation_microphysics,632,however; lack,no
034_NatCommun_s41467-024-52255-z_peer_review_file__u0079,034_NatCommun_s41467-024-52255-z_peer_review_file.pdf,Nature Communications,10.1038/s41467-024-52255-z,Surface albedo regulates aerosol direct climate effect,aerosol direct climate effect; surface albedo; radiative forcing,sampling_event_representativeness,333,however,no
034_NatCommun_s41467-024-52255-z_peer_review_file__u0080,034_NatCommun_s41467-024-52255-z_peer_review_file.pdf,Nature Communications,10.1038/s41467-024-52255-z,Surface albedo regulates aerosol direct climate effect,aerosol direct climate effect; surface albedo; radiative forcing,aerosol_cloud_radiation_microphysics,1091,lack,no
034_NatCommun_s41467-024-52255-z_peer_review_file__u0083,034_NatCommun_s41467-024-52255-z_peer_review_file.pdf,Nature Communications,10.1038/s41467-024-52255-z,Surface albedo regulates aerosol direct climate effect,aerosol direct climate effect; surface albedo; radiative forcing,sampling_event_representativeness,360,why,no
034_NatCommun_s41467-024-52255-z_peer_review_file__u0090,034_NatCommun_s41467-024-52255-z_peer_review_file.pdf,Nature Communications,10.1038/s41467-024-52255-z,Surface albedo regulates aerosol direct climate effect,aerosol direct climate effect; surface albedo; radiative forcing,aerosol_cloud_radiation_microphysics,3065,however; major; why; would like,no
034_NatCommun_s41467-024-52255-z_peer_review_file__u0091,034_NatCommun_s41467-024-52255-z_peer_review_file.pdf,Nature Communications,10.1038/s41467-024-52255-z,Surface albedo regulates aerosol direct climate effect,aerosol direct climate effect; surface albedo; radiative forcing,aerosol_cloud_radiation_microphysics,3156,however; need; explain,no
034_NatCommun_s41467-024-52255-z_peer_review_file__u0092,034_NatCommun_s41467-024-52255-z_peer_review_file.pdf,Nature Communications,10.1038/s41467-024-52255-z,Surface albedo regulates aerosol direct climate effect,aerosol direct climate effect; surface albedo; radiative forcing,aerosol_cloud_radiation_microphysics,1696,major; lack,no
034_NatCommun_s41467-024-52255-z_peer_review_file__u0094,034_NatCommun_s41467-024-52255-z_peer_review_file.pdf,Nature Communications,10.1038/s41467-024-52255-z,Surface albedo regulates aerosol direct climate effect,aerosol direct climate effect; surface albedo; radiative forcing,observational_product_reanalysis_validity,1171,however; lack; clarify; limitation,no
034_NatCommun_s41467-024-52255-z_peer_review_file__u0095,034_NatCommun_s41467-024-52255-z_peer_review_file.pdf,Nature Communications,10.1038/s41467-024-52255-z,Surface albedo regulates aerosol direct climate effect,aerosol direct climate effect; surface albedo; radiative forcing,observational_product_reanalysis_validity,585,should,no
034_NatCommun_s41467-024-52255-z_peer_review_file__u0096,034_NatCommun_s41467-024-52255-z_peer_review_file.pdf,Nature Communications,10.1038/s41467-024-52255-z,Surface albedo regulates aerosol direct climate effect,aerosol direct climate effect; surface albedo; radiative forcing,observational_product_reanalysis_validity,1157,should; lack,no
034_NatCommun_s41467-024-52255-z_peer_review_file__u0097,034_NatCommun_s41467-024-52255-z_peer_review_file.pdf,Nature Communications,10.1038/s41467-024-52255-z,Surface albedo regulates aerosol direct climate effect,aerosol direct climate effect; surface albedo; radiative forcing,sampling_event_representativeness,88,major,no
034_NatCommun_s41467-024-52255-z_peer_review_file__u0101,034_NatCommun_s41467-024-52255-z_peer_review_file.pdf,Nature Communications,10.1038/s41467-024-52255-z,Surface albedo regulates aerosol direct climate effect,aerosol direct climate effect; surface albedo; radiative forcing,scale_resolution_boundary_consistency,1485,however,no
034_NatCommun_s41467-024-52255-z_peer_review_file__u0102,034_NatCommun_s41467-024-52255-z_peer_review_file.pdf,Nature Communications,10.1038/s41467-024-52255-z,Surface albedo regulates aerosol direct climate effect,aerosol direct climate effect; surface albedo; radiative forcing,scale_resolution_boundary_consistency,1385,however; missing,no
034_NatCommun_s41467-024-52255-z_peer_review_file__u0103,034_NatCommun_s41467-024-52255-z_peer_review_file.pdf,Nature Communications,10.1038/s41467-024-52255-z,Surface albedo regulates aerosol direct climate effect,aerosol direct climate effect; surface albedo; radiative forcing,trend_internal_variability_signal_detection,348,lack,no
034_NatCommun_s41467-024-52255-z_peer_review_file__u0104,034_NatCommun_s41467-024-52255-z_peer_review_file.pdf,Nature Communications,10.1038/s41467-024-52255-z,Surface albedo regulates aerosol direct climate effect,aerosol direct climate effect; surface albedo; radiative forcing,scale_resolution_boundary_consistency,2870,however; lack,no
034_NatCommun_s41467-024-52255-z_peer_review_file__u0105,034_NatCommun_s41467-024-52255-z_peer_review_file.pdf,Nature Communications,10.1038/s41467-024-52255-z,Surface albedo regulates aerosol direct climate effect,aerosol direct climate effect; surface albedo; radiative forcing,sampling_event_representativeness,1029,should; why,no
034_NatCommun_s41467-024-52255-z_peer_review_file__u0128,034_NatCommun_s41467-024-52255-z_peer_review_file.pdf,Nature Communications,10.1038/s41467-024-52255-z,Surface albedo regulates aerosol direct climate effect,aerosol direct climate effect; surface albedo; radiative forcing,detail_audit,97,recommend,no
034_NatCommun_s41467-024-52255-z_peer_review_file__u0131,034_NatCommun_s41467-024-52255-z_peer_review_file.pdf,Nature Communications,10.1038/s41467-024-52255-z,Surface albedo regulates aerosol direct climate effect,aerosol direct climate effect; surface albedo; radiative forcing,sampling_event_representativeness,505,should,no
034_NatCommun_s41467-024-52255-z_peer_review_file__u0132,034_NatCommun_s41467-024-52255-z_peer_review_file.pdf,Nature Communications,10.1038/s41467-024-52255-z,Surface albedo regulates aerosol direct climate effect,aerosol direct climate effect; surface albedo; radiative forcing,detail_audit,334,clarify,no
034_NatCommun_s41467-024-52255-z_peer_review_file__u0133,034_NatCommun_s41467-024-52255-z_peer_review_file.pdf,Nature Communications,10.1038/s41467-024-52255-z,Surface albedo regulates aerosol direct climate effect,aerosol direct climate effect; surface albedo; radiative forcing,aerosol_cloud_radiation_microphysics,621,should,no
034_NatCommun_s41467-024-52255-z_peer_review_file__u0137,034_NatCommun_s41467-024-52255-z_peer_review_file.pdf,Nature Communications,10.1038/s41467-024-52255-z,Surface albedo regulates aerosol direct climate effect,aerosol direct climate effect; surface albedo; radiative forcing,mechanism_causality_circulation_dynamics,793,lack,no
034_NatCommun_s41467-024-52255-z_peer_review_file__u0140,034_NatCommun_s41467-024-52255-z_peer_review_file.pdf,Nature Communications,10.1038/s41467-024-52255-z,Surface albedo regulates aerosol direct climate effect,aerosol direct climate effect; surface albedo; radiative forcing,ai_weather_climate_model_fidelity,245,recommend,no
034_NatCommun_s41467-024-52255-z_peer_review_file__u0142,034_NatCommun_s41467-024-52255-z_peer_review_file.pdf,Nature Communications,10.1038/s41467-024-52255-z,Surface albedo regulates aerosol direct climate effect,aerosol direct climate effect; surface albedo; radiative forcing,scale_resolution_boundary_consistency,163,should,no
034_NatCommun_s41467-024-52255-z_peer_review_file__u0144,034_NatCommun_s41467-024-52255-z_peer_review_file.pdf,Nature Communications,10.1038/s41467-024-52255-z,Surface albedo regulates aerosol direct climate effect,aerosol direct climate effect; surface albedo; radiative forcing,detail_audit,435,clarify,no
034_NatCommun_s41467-024-52255-z_peer_review_file__u0147,034_NatCommun_s41467-024-52255-z_peer_review_file.pdf,Nature Communications,10.1038/s41467-024-52255-z,Surface albedo regulates aerosol direct climate effect,aerosol direct climate effect; surface albedo; radiative forcing,sampling_event_representativeness,149,however,no
034_NatCommun_s41467-024-52255-z_peer_review_file__u0150,034_NatCommun_s41467-024-52255-z_peer_review_file.pdf,Nature Communications,10.1038/s41467-024-52255-z,Surface albedo regulates aerosol direct climate effect,aerosol direct climate effect; surface albedo; radiative forcing,detail_audit,344,clarify,no
034_NatCommun_s41467-024-52255-z_peer_review_file__u0151,034_NatCommun_s41467-024-52255-z_peer_review_file.pdf,Nature Communications,10.1038/s41467-024-52255-z,Surface albedo regulates aerosol direct climate effect,aerosol direct climate effect; surface albedo; radiative forcing,aerosol_cloud_radiation_microphysics,1433,should,no
034_NatCommun_s41467-024-52255-z_peer_review_file__u0156,034_NatCommun_s41467-024-52255-z_peer_review_file.pdf,Nature Communications,10.1038/s41467-024-52255-z,Surface albedo regulates aerosol direct climate effect,aerosol direct climate effect; surface albedo; radiative forcing,scale_resolution_boundary_consistency,1183,however; lack; sensitivity,no
034_NatCommun_s41467-024-52255-z_peer_review_file__u0158,034_NatCommun_s41467-024-52255-z_peer_review_file.pdf,Nature Communications,10.1038/s41467-024-52255-z,Surface albedo regulates aerosol direct climate effect,aerosol direct climate effect; surface albedo; radiative forcing,sampling_event_representativeness,602,lack,no
035_NatCommun_s41467-024-51885-7_peer_review_file__u0000,035_NatCommun_s41467-024-51885-7_peer_review_file.pdf,Nature Communications,10.1038/s41467-024-51885-7,Why East Asian monsoon anomalies are more robust in post El Niño than in post La Niña summers,East Asian monsoon; ENSO asymmetry; atmospheric teleconnection,atmospheric_claim_evidence_calibration,110,why,no
035_NatCommun_s41467-024-51885-7_peer_review_file__u0001,035_NatCommun_s41467-024-51885-7_peer_review_file.pdf,Nature Communications,10.1038/s41467-024-51885-7,Why East Asian monsoon anomalies are more robust in post El Niño than in post La Niña summers,East Asian monsoon; ENSO asymmetry; atmospheric teleconnection,observational_product_reanalysis_validity,1077,should; need,no
035_NatCommun_s41467-024-51885-7_peer_review_file__u0002,035_NatCommun_s41467-024-51885-7_peer_review_file.pdf,Nature Communications,10.1038/s41467-024-51885-7,Why East Asian monsoon anomalies are more robust in post El Niño than in post La Niña summers,East Asian monsoon; ENSO asymmetry; atmospheric teleconnection,mechanism_causality_circulation_dynamics,1008,however; lack,no
035_NatCommun_s41467-024-51885-7_peer_review_file__u0003,035_NatCommun_s41467-024-51885-7_peer_review_file.pdf,Nature Communications,10.1038/s41467-024-51885-7,Why East Asian monsoon anomalies are more robust in post El Niño than in post La Niña summers,East Asian monsoon; ENSO asymmetry; atmospheric teleconnection,sampling_event_representativeness,621,should,no
035_NatCommun_s41467-024-51885-7_peer_review_file__u0004,035_NatCommun_s41467-024-51885-7_peer_review_file.pdf,Nature Communications,10.1038/s41467-024-51885-7,Why East Asian monsoon anomalies are more robust in post El Niño than in post La Niña summers,East Asian monsoon; ENSO asymmetry; atmospheric teleconnection,atmospheric_claim_evidence_calibration,125,recommend,no
035_NatCommun_s41467-024-51885-7_peer_review_file__u0005,035_NatCommun_s41467-024-51885-7_peer_review_file.pdf,Nature Communications,10.1038/s41467-024-51885-7,Why East Asian monsoon anomalies are more robust in post El Niño than in post La Niña summers,East Asian monsoon; ENSO asymmetry; atmospheric teleconnection,sampling_event_representativeness,324,recommend,no
035_NatCommun_s41467-024-51885-7_peer_review_file__u0007,035_NatCommun_s41467-024-51885-7_peer_review_file.pdf,Nature Communications,10.1038/s41467-024-51885-7,Why East Asian monsoon anomalies are more robust in post El Niño than in post La Niña summers,East Asian monsoon; ENSO asymmetry; atmospheric teleconnection,reproducibility_data_code,410,explain,no
035_NatCommun_s41467-024-51885-7_peer_review_file__u0009,035_NatCommun_s41467-024-51885-7_peer_review_file.pdf,Nature Communications,10.1038/s41467-024-51885-7,Why East Asian monsoon anomalies are more robust in post El Niño than in post La Niña summers,East Asian monsoon; ENSO asymmetry; atmospheric teleconnection,atmospheric_claim_evidence_calibration,158,why,no
035_NatCommun_s41467-024-51885-7_peer_review_file__u0011,035_NatCommun_s41467-024-51885-7_peer_review_file.pdf,Nature Communications,10.1038/s41467-024-51885-7,Why East Asian monsoon anomalies are more robust in post El Niño than in post La Niña summers,East Asian monsoon; ENSO asymmetry; atmospheric teleconnection,atmospheric_claim_evidence_calibration,330,should; need,no
035_NatCommun_s41467-024-51885-7_peer_review_file__u0014,035_NatCommun_s41467-024-51885-7_peer_review_file.pdf,Nature Communications,10.1038/s41467-024-51885-7,Why East Asian monsoon anomalies are more robust in post El Niño than in post La Niña summers,East Asian monsoon; ENSO asymmetry; atmospheric teleconnection,ai_weather_climate_model_fidelity,764,missing,no
035_NatCommun_s41467-024-51885-7_peer_review_file__u0015,035_NatCommun_s41467-024-51885-7_peer_review_file.pdf,Nature Communications,10.1038/s41467-024-51885-7,Why East Asian monsoon anomalies are more robust in post El Niño than in post La Niña summers,East Asian monsoon; ENSO asymmetry; atmospheric teleconnection,atmospheric_claim_evidence_calibration,246,however; not clear; recommend,no
035_NatCommun_s41467-024-51885-7_peer_review_file__u0016,035_NatCommun_s41467-024-51885-7_peer_review_file.pdf,Nature Communications,10.1038/s41467-024-51885-7,Why East Asian monsoon anomalies are more robust in post El Niño than in post La Niña summers,East Asian monsoon; ENSO asymmetry; atmospheric teleconnection,detail_audit,289,should,no
035_NatCommun_s41467-024-51885-7_peer_review_file__u0021,035_NatCommun_s41467-024-51885-7_peer_review_file.pdf,Nature Communications,10.1038/s41467-024-51885-7,Why East Asian monsoon anomalies are more robust in post El Niño than in post La Niña summers,East Asian monsoon; ENSO asymmetry; atmospheric teleconnection,atmospheric_claim_evidence_calibration,117,should,no
035_NatCommun_s41467-024-51885-7_peer_review_file__u0023,035_NatCommun_s41467-024-51885-7_peer_review_file.pdf,Nature Communications,10.1038/s41467-024-51885-7,Why East Asian monsoon anomalies are more robust in post El Niño than in post La Niña summers,East Asian monsoon; ENSO asymmetry; atmospheric teleconnection,detail_audit,152,not clear; clarify,no
035_NatCommun_s41467-024-51885-7_peer_review_file__u0024,035_NatCommun_s41467-024-51885-7_peer_review_file.pdf,Nature Communications,10.1038/s41467-024-51885-7,Why East Asian monsoon anomalies are more robust in post El Niño than in post La Niña summers,East Asian monsoon; ENSO asymmetry; atmospheric teleconnection,sampling_event_representativeness,185,justify,no
035_NatCommun_s41467-024-51885-7_peer_review_file__u0025,035_NatCommun_s41467-024-51885-7_peer_review_file.pdf,Nature Communications,10.1038/s41467-024-51885-7,Why East Asian monsoon anomalies are more robust in post El Niño than in post La Niña summers,East Asian monsoon; ENSO asymmetry; atmospheric teleconnection,atmospheric_claim_evidence_calibration,143,justify,no
035_NatCommun_s41467-024-51885-7_peer_review_file__u0027,035_NatCommun_s41467-024-51885-7_peer_review_file.pdf,Nature Communications,10.1038/s41467-024-51885-7,Why East Asian monsoon anomalies are more robust in post El Niño than in post La Niña summers,East Asian monsoon; ENSO asymmetry; atmospheric teleconnection,observational_product_reanalysis_validity,665,however,no
035_NatCommun_s41467-024-51885-7_peer_review_file__u0029,035_NatCommun_s41467-024-51885-7_peer_review_file.pdf,Nature Communications,10.1038/s41467-024-51885-7,Why East Asian monsoon anomalies are more robust in post El Niño than in post La Niña summers,East Asian monsoon; ENSO asymmetry; atmospheric teleconnection,uncertainty_statistics_skill_metrics,433,need; needs,no
035_NatCommun_s41467-024-51885-7_peer_review_file__u0030,035_NatCommun_s41467-024-51885-7_peer_review_file.pdf,Nature Communications,10.1038/s41467-024-51885-7,Why East Asian monsoon anomalies are more robust in post El Niño than in post La Niña summers,East Asian monsoon; ENSO asymmetry; atmospheric teleconnection,observational_product_reanalysis_validity,536,however,no
035_NatCommun_s41467-024-51885-7_peer_review_file__u0032,035_NatCommun_s41467-024-51885-7_peer_review_file.pdf,Nature Communications,10.1038/s41467-024-51885-7,Why East Asian monsoon anomalies are more robust in post El Niño than in post La Niña summers,East Asian monsoon; ENSO asymmetry; atmospheric teleconnection,sampling_event_representativeness,211,should,no
035_NatCommun_s41467-024-51885-7_peer_review_file__u0033,035_NatCommun_s41467-024-51885-7_peer_review_file.pdf,Nature Communications,10.1038/s41467-024-51885-7,Why East Asian monsoon anomalies are more robust in post El Niño than in post La Niña summers,East Asian monsoon; ENSO asymmetry; atmospheric teleconnection,sampling_event_representativeness,631,however,no
035_NatCommun_s41467-024-51885-7_peer_review_file__u0042,035_NatCommun_s41467-024-51885-7_peer_review_file.pdf,Nature Communications,10.1038/s41467-024-51885-7,Why East Asian monsoon anomalies are more robust in post El Niño than in post La Niña summers,East Asian monsoon; ENSO asymmetry; atmospheric teleconnection,mechanism_causality_circulation_dynamics,1008,however; lack,no
035_NatCommun_s41467-024-51885-7_peer_review_file__u0043,035_NatCommun_s41467-024-51885-7_peer_review_file.pdf,Nature Communications,10.1038/s41467-024-51885-7,Why East Asian monsoon anomalies are more robust in post El Niño than in post La Niña summers,East Asian monsoon; ENSO asymmetry; atmospheric teleconnection,sampling_event_representativeness,621,should,no
035_NatCommun_s41467-024-51885-7_peer_review_file__u0044,035_NatCommun_s41467-024-51885-7_peer_review_file.pdf,Nature Communications,10.1038/s41467-024-51885-7,Why East Asian monsoon anomalies are more robust in post El Niño than in post La Niña summers,East Asian monsoon; ENSO asymmetry; atmospheric teleconnection,atmospheric_claim_evidence_calibration,125,recommend,no
035_NatCommun_s41467-024-51885-7_peer_review_file__u0046,035_NatCommun_s41467-024-51885-7_peer_review_file.pdf,Nature Communications,10.1038/s41467-024-51885-7,Why East Asian monsoon anomalies are more robust in post El Niño than in post La Niña summers,East Asian monsoon; ENSO asymmetry; atmospheric teleconnection,observational_product_reanalysis_validity,694,recommend,no
035_NatCommun_s41467-024-51885-7_peer_review_file__u0047,035_NatCommun_s41467-024-51885-7_peer_review_file.pdf,Nature Communications,10.1038/s41467-024-51885-7,Why East Asian monsoon anomalies are more robust in post El Niño than in post La Niña summers,East Asian monsoon; ENSO asymmetry; atmospheric teleconnection,sampling_event_representativeness,500,explain,no
035_NatCommun_s41467-024-51885-7_peer_review_file__u0048,035_NatCommun_s41467-024-51885-7_peer_review_file.pdf,Nature Communications,10.1038/s41467-024-51885-7,Why East Asian monsoon anomalies are more robust in post El Niño than in post La Niña summers,East Asian monsoon; ENSO asymmetry; atmospheric teleconnection,observational_product_reanalysis_validity,1366,need,no
035_NatCommun_s41467-024-51885-7_peer_review_file__u0049,035_NatCommun_s41467-024-51885-7_peer_review_file.pdf,Nature Communications,10.1038/s41467-024-51885-7,Why East Asian monsoon anomalies are more robust in post El Niño than in post La Niña summers,East Asian monsoon; ENSO asymmetry; atmospheric teleconnection,reproducibility_data_code,471,explain,no
035_NatCommun_s41467-024-51885-7_peer_review_file__u0051,035_NatCommun_s41467-024-51885-7_peer_review_file.pdf,Nature Communications,10.1038/s41467-024-51885-7,Why East Asian monsoon anomalies are more robust in post El Niño than in post La Niña summers,East Asian monsoon; ENSO asymmetry; atmospheric teleconnection,atmospheric_claim_evidence_calibration,85,why,no
035_NatCommun_s41467-024-51885-7_peer_review_file__u0053,035_NatCommun_s41467-024-51885-7_peer_review_file.pdf,Nature Communications,10.1038/s41467-024-51885-7,Why East Asian monsoon anomalies are more robust in post El Niño than in post La Niña summers,East Asian monsoon; ENSO asymmetry; atmospheric teleconnection,atmospheric_claim_evidence_calibration,330,should; need,no
035_NatCommun_s41467-024-51885-7_peer_review_file__u0056,035_NatCommun_s41467-024-51885-7_peer_review_file.pdf,Nature Communications,10.1038/s41467-024-51885-7,Why East Asian monsoon anomalies are more robust in post El Niño than in post La Niña summers,East Asian monsoon; ENSO asymmetry; atmospheric teleconnection,ai_weather_climate_model_fidelity,766,missing,no
035_NatCommun_s41467-024-51885-7_peer_review_file__u0057,035_NatCommun_s41467-024-51885-7_peer_review_file.pdf,Nature Communications,10.1038/s41467-024-51885-7,Why East Asian monsoon anomalies are more robust in post El Niño than in post La Niña summers,East Asian monsoon; ENSO asymmetry; atmospheric teleconnection,detail_audit,248,however; not clear; recommend,no
035_NatCommun_s41467-024-51885-7_peer_review_file__u0058,035_NatCommun_s41467-024-51885-7_peer_review_file.pdf,Nature Communications,10.1038/s41467-024-51885-7,Why East Asian monsoon anomalies are more robust in post El Niño than in post La Niña summers,East Asian monsoon; ENSO asymmetry; atmospheric teleconnection,trend_internal_variability_signal_detection,279,explain,no
035_NatCommun_s41467-024-51885-7_peer_review_file__u0063,035_NatCommun_s41467-024-51885-7_peer_review_file.pdf,Nature Communications,10.1038/s41467-024-51885-7,Why East Asian monsoon anomalies are more robust in post El Niño than in post La Niña summers,East Asian monsoon; ENSO asymmetry; atmospheric teleconnection,extreme_event_attribution_counterfactual,689,however; should,no
035_NatCommun_s41467-024-51885-7_peer_review_file__u0068,035_NatCommun_s41467-024-51885-7_peer_review_file.pdf,Nature Communications,10.1038/s41467-024-51885-7,Why East Asian monsoon anomalies are more robust in post El Niño than in post La Niña summers,East Asian monsoon; ENSO asymmetry; atmospheric teleconnection,observational_product_reanalysis_validity,687,should; need,no
035_NatCommun_s41467-024-51885-7_peer_review_file__u0070,035_NatCommun_s41467-024-51885-7_peer_review_file.pdf,Nature Communications,10.1038/s41467-024-51885-7,Why East Asian monsoon anomalies are more robust in post El Niño than in post La Niña summers,East Asian monsoon; ENSO asymmetry; atmospheric teleconnection,observational_product_reanalysis_validity,693,not clear; clarify,no
035_NatCommun_s41467-024-51885-7_peer_review_file__u0071,035_NatCommun_s41467-024-51885-7_peer_review_file.pdf,Nature Communications,10.1038/s41467-024-51885-7,Why East Asian monsoon anomalies are more robust in post El Niño than in post La Niña summers,East Asian monsoon; ENSO asymmetry; atmospheric teleconnection,sampling_event_representativeness,603,justify,no
035_NatCommun_s41467-024-51885-7_peer_review_file__u0072,035_NatCommun_s41467-024-51885-7_peer_review_file.pdf,Nature Communications,10.1038/s41467-024-51885-7,Why East Asian monsoon anomalies are more robust in post El Niño than in post La Niña summers,East Asian monsoon; ENSO asymmetry; atmospheric teleconnection,sampling_event_representativeness,260,justify; sensitivity,no
035_NatCommun_s41467-024-51885-7_peer_review_file__u0074,035_NatCommun_s41467-024-51885-7_peer_review_file.pdf,Nature Communications,10.1038/s41467-024-51885-7,Why East Asian monsoon anomalies are more robust in post El Niño than in post La Niña summers,East Asian monsoon; ENSO asymmetry; atmospheric teleconnection,observational_product_reanalysis_validity,1432,however,no
035_NatCommun_s41467-024-51885-7_peer_review_file__u0075,035_NatCommun_s41467-024-51885-7_peer_review_file.pdf,Nature Communications,10.1038/s41467-024-51885-7,Why East Asian monsoon anomalies are more robust in post El Niño than in post La Niña summers,East Asian monsoon; ENSO asymmetry; atmospheric teleconnection,uncertainty_statistics_skill_metrics,744,need; needs,no
035_NatCommun_s41467-024-51885-7_peer_review_file__u0076,035_NatCommun_s41467-024-51885-7_peer_review_file.pdf,Nature Communications,10.1038/s41467-024-51885-7,Why East Asian monsoon anomalies are more robust in post El Niño than in post La Niña summers,East Asian monsoon; ENSO asymmetry; atmospheric teleconnection,scale_resolution_boundary_consistency,1536,however; limitation,no
035_NatCommun_s41467-024-51885-7_peer_review_file__u0078,035_NatCommun_s41467-024-51885-7_peer_review_file.pdf,Nature Communications,10.1038/s41467-024-51885-7,Why East Asian monsoon anomalies are more robust in post El Niño than in post La Niña summers,East Asian monsoon; ENSO asymmetry; atmospheric teleconnection,observational_product_reanalysis_validity,1285,should,no
035_NatCommun_s41467-024-51885-7_peer_review_file__u0079,035_NatCommun_s41467-024-51885-7_peer_review_file.pdf,Nature Communications,10.1038/s41467-024-51885-7,Why East Asian monsoon anomalies are more robust in post El Niño than in post La Niña summers,East Asian monsoon; ENSO asymmetry; atmospheric teleconnection,sampling_event_representativeness,834,however,no
035_NatCommun_s41467-024-51885-7_peer_review_file__u0082,035_NatCommun_s41467-024-51885-7_peer_review_file.pdf,Nature Communications,10.1038/s41467-024-51885-7,Why East Asian monsoon anomalies are more robust in post El Niño than in post La Niña summers,East Asian monsoon; ENSO asymmetry; atmospheric teleconnection,sampling_event_representativeness,427,would like,no
035_NatCommun_s41467-024-51885-7_peer_review_file__u0084,035_NatCommun_s41467-024-51885-7_peer_review_file.pdf,Nature Communications,10.1038/s41467-024-51885-7,Why East Asian monsoon anomalies are more robust in post El Niño than in post La Niña summers,East Asian monsoon; ENSO asymmetry; atmospheric teleconnection,detail_audit,230,concern,no
035_NatCommun_s41467-024-51885-7_peer_review_file__u0090,035_NatCommun_s41467-024-51885-7_peer_review_file.pdf,Nature Communications,10.1038/s41467-024-51885-7,Why East Asian monsoon anomalies are more robust in post El Niño than in post La Niña summers,East Asian monsoon; ENSO asymmetry; atmospheric teleconnection,atmospheric_claim_evidence_calibration,259,recommend,no
035_NatCommun_s41467-024-51885-7_peer_review_file__u0092,035_NatCommun_s41467-024-51885-7_peer_review_file.pdf,Nature Communications,10.1038/s41467-024-51885-7,Why East Asian monsoon anomalies are more robust in post El Niño than in post La Niña summers,East Asian monsoon; ENSO asymmetry; atmospheric teleconnection,atmospheric_claim_evidence_calibration,92,why,no
035_NatCommun_s41467-024-51885-7_peer_review_file__u0095,035_NatCommun_s41467-024-51885-7_peer_review_file.pdf,Nature Communications,10.1038/s41467-024-51885-7,Why East Asian monsoon anomalies are more robust in post El Niño than in post La Niña summers,East Asian monsoon; ENSO asymmetry; atmospheric teleconnection,observational_product_reanalysis_validity,1131,need; lack; limitation,no
035_NatCommun_s41467-024-51885-7_peer_review_file__u0096,035_NatCommun_s41467-024-51885-7_peer_review_file.pdf,Nature Communications,10.1038/s41467-024-51885-7,Why East Asian monsoon anomalies are more robust in post El Niño than in post La Niña summers,East Asian monsoon; ENSO asymmetry; atmospheric teleconnection,sampling_event_representativeness,535,limitation,no
035_NatCommun_s41467-024-51885-7_peer_review_file__u0097,035_NatCommun_s41467-024-51885-7_peer_review_file.pdf,Nature Communications,10.1038/s41467-024-51885-7,Why East Asian monsoon anomalies are more robust in post El Niño than in post La Niña summers,East Asian monsoon; ENSO asymmetry; atmospheric teleconnection,atmospheric_claim_evidence_calibration,150,recommend,no
035_NatCommun_s41467-024-51885-7_peer_review_file__u0098,035_NatCommun_s41467-024-51885-7_peer_review_file.pdf,Nature Communications,10.1038/s41467-024-51885-7,Why East Asian monsoon anomalies are more robust in post El Niño than in post La Niña summers,East Asian monsoon; ENSO asymmetry; atmospheric teleconnection,atmospheric_claim_evidence_calibration,304,lack,no
020_NatGeosci_s41561-026-02023-z_peer_review_file__u0002,020_NatGeosci_s41561-026-02023-z_peer_review_file.pdf,Nature Geoscience,10.1038/s41561-026-02023-z,Contrasting drivers of South Asian summer and winter monsoon evolution during the last deglaciation,monsoon; paleoclimate; proxy chronology; circulation drivers,observational_product_reanalysis_validity,248,explain,no
020_NatGeosci_s41561-026-02023-z_peer_review_file__u0003,020_NatGeosci_s41561-026-02023-z_peer_review_file.pdf,Nature Geoscience,10.1038/s41561-026-02023-z,Contrasting drivers of South Asian summer and winter monsoon evolution during the last deglaciation,monsoon; paleoclimate; proxy chronology; circulation drivers,model_physics_assumption_sensitivity,350,explain,no
020_NatGeosci_s41561-026-02023-z_peer_review_file__u0005,020_NatGeosci_s41561-026-02023-z_peer_review_file.pdf,Nature Geoscience,10.1038/s41561-026-02023-z,Contrasting drivers of South Asian summer and winter monsoon evolution during the last deglaciation,monsoon; paleoclimate; proxy chronology; circulation drivers,atmospheric_claim_evidence_calibration,441,unclear; why,no
020_NatGeosci_s41561-026-02023-z_peer_review_file__u0006,020_NatGeosci_s41561-026-02023-z_peer_review_file.pdf,Nature Geoscience,10.1038/s41561-026-02023-z,Contrasting drivers of South Asian summer and winter monsoon evolution during the last deglaciation,monsoon; paleoclimate; proxy chronology; circulation drivers,atmospheric_claim_evidence_calibration,3192,unclear; should; need; needs; missing,no
020_NatGeosci_s41561-026-02023-z_peer_review_file__u0009,020_NatGeosci_s41561-026-02023-z_peer_review_file.pdf,Nature Geoscience,10.1038/s41561-026-02023-z,Contrasting drivers of South Asian summer and winter monsoon evolution during the last deglaciation,monsoon; paleoclimate; proxy chronology; circulation drivers,atmospheric_claim_evidence_calibration,261,should,no
020_NatGeosci_s41561-026-02023-z_peer_review_file__u0011,020_NatGeosci_s41561-026-02023-z_peer_review_file.pdf,Nature Geoscience,10.1038/s41561-026-02023-z,Contrasting drivers of South Asian summer and winter monsoon evolution during the last deglaciation,monsoon; paleoclimate; proxy chronology; circulation drivers,observational_product_reanalysis_validity,232,should,no
020_NatGeosci_s41561-026-02023-z_peer_review_file__u0012,020_NatGeosci_s41561-026-02023-z_peer_review_file.pdf,Nature Geoscience,10.1038/s41561-026-02023-z,Contrasting drivers of South Asian summer and winter monsoon evolution during the last deglaciation,monsoon; paleoclimate; proxy chronology; circulation drivers,detail_audit,173,should,no
020_NatGeosci_s41561-026-02023-z_peer_review_file__u0013,020_NatGeosci_s41561-026-02023-z_peer_review_file.pdf,Nature Geoscience,10.1038/s41561-026-02023-z,Contrasting drivers of South Asian summer and winter monsoon evolution during the last deglaciation,monsoon; paleoclimate; proxy chronology; circulation drivers,mechanism_causality_circulation_dynamics,777,unclear; should,no
020_NatGeosci_s41561-026-02023-z_peer_review_file__u0014,020_NatGeosci_s41561-026-02023-z_peer_review_file.pdf,Nature Geoscience,10.1038/s41561-026-02023-z,Contrasting drivers of South Asian summer and winter monsoon evolution during the last deglaciation,monsoon; paleoclimate; proxy chronology; circulation drivers,scale_resolution_boundary_consistency,845,however; major; should,no
020_NatGeosci_s41561-026-02023-z_peer_review_file__u0015,020_NatGeosci_s41561-026-02023-z_peer_review_file.pdf,Nature Geoscience,10.1038/s41561-026-02023-z,Contrasting drivers of South Asian summer and winter monsoon evolution during the last deglaciation,monsoon; paleoclimate; proxy chronology; circulation drivers,sampling_event_representativeness,730,however,no
020_NatGeosci_s41561-026-02023-z_peer_review_file__u0016,020_NatGeosci_s41561-026-02023-z_peer_review_file.pdf,Nature Geoscience,10.1038/s41561-026-02023-z,Contrasting drivers of South Asian summer and winter monsoon evolution during the last deglaciation,monsoon; paleoclimate; proxy chronology; circulation drivers,detail_audit,120,should,no
020_NatGeosci_s41561-026-02023-z_peer_review_file__u0017,020_NatGeosci_s41561-026-02023-z_peer_review_file.pdf,Nature Geoscience,10.1038/s41561-026-02023-z,Contrasting drivers of South Asian summer and winter monsoon evolution during the last deglaciation,monsoon; paleoclimate; proxy chronology; circulation drivers,model_physics_assumption_sensitivity,1032,explain,no
020_NatGeosci_s41561-026-02023-z_peer_review_file__u0018,020_NatGeosci_s41561-026-02023-z_peer_review_file.pdf,Nature Geoscience,10.1038/s41561-026-02023-z,Contrasting drivers of South Asian summer and winter monsoon evolution during the last deglaciation,monsoon; paleoclimate; proxy chronology; circulation drivers,detail_audit,86,should,no
020_NatGeosci_s41561-026-02023-z_peer_review_file__u0021,020_NatGeosci_s41561-026-02023-z_peer_review_file.pdf,Nature Geoscience,10.1038/s41561-026-02023-z,Contrasting drivers of South Asian summer and winter monsoon evolution during the last deglaciation,monsoon; paleoclimate; proxy chronology; circulation drivers,detail_audit,292,however; should,no
020_NatGeosci_s41561-026-02023-z_peer_review_file__u0023,020_NatGeosci_s41561-026-02023-z_peer_review_file.pdf,Nature Geoscience,10.1038/s41561-026-02023-z,Contrasting drivers of South Asian summer and winter monsoon evolution during the last deglaciation,monsoon; paleoclimate; proxy chronology; circulation drivers,detail_audit,114,should,no
020_NatGeosci_s41561-026-02023-z_peer_review_file__u0024,020_NatGeosci_s41561-026-02023-z_peer_review_file.pdf,Nature Geoscience,10.1038/s41561-026-02023-z,Contrasting drivers of South Asian summer and winter monsoon evolution during the last deglaciation,monsoon; paleoclimate; proxy chronology; circulation drivers,scale_resolution_boundary_consistency,285,however,no
020_NatGeosci_s41561-026-02023-z_peer_review_file__u0027,020_NatGeosci_s41561-026-02023-z_peer_review_file.pdf,Nature Geoscience,10.1038/s41561-026-02023-z,Contrasting drivers of South Asian summer and winter monsoon evolution during the last deglaciation,monsoon; paleoclimate; proxy chronology; circulation drivers,atmospheric_claim_evidence_calibration,590,concern; major,no
020_NatGeosci_s41561-026-02023-z_peer_review_file__u0031,020_NatGeosci_s41561-026-02023-z_peer_review_file.pdf,Nature Geoscience,10.1038/s41561-026-02023-z,Contrasting drivers of South Asian summer and winter monsoon evolution during the last deglaciation,monsoon; paleoclimate; proxy chronology; circulation drivers,observational_product_reanalysis_validity,993,should; need,no
020_NatGeosci_s41561-026-02023-z_peer_review_file__u0032,020_NatGeosci_s41561-026-02023-z_peer_review_file.pdf,Nature Geoscience,10.1038/s41561-026-02023-z,Contrasting drivers of South Asian summer and winter monsoon evolution during the last deglaciation,monsoon; paleoclimate; proxy chronology; circulation drivers,ai_weather_climate_model_fidelity,497,concern,no
020_NatGeosci_s41561-026-02023-z_peer_review_file__u0035,020_NatGeosci_s41561-026-02023-z_peer_review_file.pdf,Nature Geoscience,10.1038/s41561-026-02023-z,Contrasting drivers of South Asian summer and winter monsoon evolution during the last deglaciation,monsoon; paleoclimate; proxy chronology; circulation drivers,atmospheric_claim_evidence_calibration,438,concern,no
020_NatGeosci_s41561-026-02023-z_peer_review_file__u0037,020_NatGeosci_s41561-026-02023-z_peer_review_file.pdf,Nature Geoscience,10.1038/s41561-026-02023-z,Contrasting drivers of South Asian summer and winter monsoon evolution during the last deglaciation,monsoon; paleoclimate; proxy chronology; circulation drivers,model_physics_assumption_sensitivity,482,limitation,no
020_NatGeosci_s41561-026-02023-z_peer_review_file__u0043,020_NatGeosci_s41561-026-02023-z_peer_review_file.pdf,Nature Geoscience,10.1038/s41561-026-02023-z,Contrasting drivers of South Asian summer and winter monsoon evolution during the last deglaciation,monsoon; paleoclimate; proxy chronology; circulation drivers,atmospheric_claim_evidence_calibration,1050,concern; lack,no
020_NatGeosci_s41561-026-02023-z_peer_review_file__u0044,020_NatGeosci_s41561-026-02023-z_peer_review_file.pdf,Nature Geoscience,10.1038/s41561-026-02023-z,Contrasting drivers of South Asian summer and winter monsoon evolution during the last deglaciation,monsoon; paleoclimate; proxy chronology; circulation drivers,observational_product_reanalysis_validity,248,explain,no
020_NatGeosci_s41561-026-02023-z_peer_review_file__u0045,020_NatGeosci_s41561-026-02023-z_peer_review_file.pdf,Nature Geoscience,10.1038/s41561-026-02023-z,Contrasting drivers of South Asian summer and winter monsoon evolution during the last deglaciation,monsoon; paleoclimate; proxy chronology; circulation drivers,ai_weather_climate_model_fidelity,150,explain,no
020_NatGeosci_s41561-026-02023-z_peer_review_file__u0046,020_NatGeosci_s41561-026-02023-z_peer_review_file.pdf,Nature Geoscience,10.1038/s41561-026-02023-z,Contrasting drivers of South Asian summer and winter monsoon evolution during the last deglaciation,monsoon; paleoclimate; proxy chronology; circulation drivers,model_physics_assumption_sensitivity,350,explain,no
020_NatGeosci_s41561-026-02023-z_peer_review_file__u0049,020_NatGeosci_s41561-026-02023-z_peer_review_file.pdf,Nature Geoscience,10.1038/s41561-026-02023-z,Contrasting drivers of South Asian summer and winter monsoon evolution during the last deglaciation,monsoon; paleoclimate; proxy chronology; circulation drivers,atmospheric_claim_evidence_calibration,207,explain,no
020_NatGeosci_s41561-026-02023-z_peer_review_file__u0050,020_NatGeosci_s41561-026-02023-z_peer_review_file.pdf,Nature Geoscience,10.1038/s41561-026-02023-z,Contrasting drivers of South Asian summer and winter monsoon evolution during the last deglaciation,monsoon; paleoclimate; proxy chronology; circulation drivers,sampling_event_representativeness,1292,however,no
020_NatGeosci_s41561-026-02023-z_peer_review_file__u0051,020_NatGeosci_s41561-026-02023-z_peer_review_file.pdf,Nature Geoscience,10.1038/s41561-026-02023-z,Contrasting drivers of South Asian summer and winter monsoon evolution during the last deglaciation,monsoon; paleoclimate; proxy chronology; circulation drivers,sampling_event_representativeness,913,however,no
020_NatGeosci_s41561-026-02023-z_peer_review_file__u0052,020_NatGeosci_s41561-026-02023-z_peer_review_file.pdf,Nature Geoscience,10.1038/s41561-026-02023-z,Contrasting drivers of South Asian summer and winter monsoon evolution during the last deglaciation,monsoon; paleoclimate; proxy chronology; circulation drivers,atmospheric_claim_evidence_calibration,441,unclear; why,no
020_NatGeosci_s41561-026-02023-z_peer_review_file__u0054,020_NatGeosci_s41561-026-02023-z_peer_review_file.pdf,Nature Geoscience,10.1038/s41561-026-02023-z,Contrasting drivers of South Asian summer and winter monsoon evolution during the last deglaciation,monsoon; paleoclimate; proxy chronology; circulation drivers,sampling_event_representativeness,1598,however,no
020_NatGeosci_s41561-026-02023-z_peer_review_file__u0055,020_NatGeosci_s41561-026-02023-z_peer_review_file.pdf,Nature Geoscience,10.1038/s41561-026-02023-z,Contrasting drivers of South Asian summer and winter monsoon evolution during the last deglaciation,monsoon; paleoclimate; proxy chronology; circulation drivers,sampling_event_representativeness,177,need,no
020_NatGeosci_s41561-026-02023-z_peer_review_file__u0057,020_NatGeosci_s41561-026-02023-z_peer_review_file.pdf,Nature Geoscience,10.1038/s41561-026-02023-z,Contrasting drivers of South Asian summer and winter monsoon evolution during the last deglaciation,monsoon; paleoclimate; proxy chronology; circulation drivers,atmospheric_claim_evidence_calibration,627,however; explain,no
020_NatGeosci_s41561-026-02023-z_peer_review_file__u0060,020_NatGeosci_s41561-026-02023-z_peer_review_file.pdf,Nature Geoscience,10.1038/s41561-026-02023-z,Contrasting drivers of South Asian summer and winter monsoon evolution during the last deglaciation,monsoon; paleoclimate; proxy chronology; circulation drivers,atmospheric_claim_evidence_calibration,737,however,no
020_NatGeosci_s41561-026-02023-z_peer_review_file__u0062,020_NatGeosci_s41561-026-02023-z_peer_review_file.pdf,Nature Geoscience,10.1038/s41561-026-02023-z,Contrasting drivers of South Asian summer and winter monsoon evolution during the last deglaciation,monsoon; paleoclimate; proxy chronology; circulation drivers,atmospheric_claim_evidence_calibration,205,however,no
020_NatGeosci_s41561-026-02023-z_peer_review_file__u0066,020_NatGeosci_s41561-026-02023-z_peer_review_file.pdf,Nature Geoscience,10.1038/s41561-026-02023-z,Contrasting drivers of South Asian summer and winter monsoon evolution during the last deglaciation,monsoon; paleoclimate; proxy chronology; circulation drivers,mechanism_causality_circulation_dynamics,131,explain,no
020_NatGeosci_s41561-026-02023-z_peer_review_file__u0068,020_NatGeosci_s41561-026-02023-z_peer_review_file.pdf,Nature Geoscience,10.1038/s41561-026-02023-z,Contrasting drivers of South Asian summer and winter monsoon evolution during the last deglaciation,monsoon; paleoclimate; proxy chronology; circulation drivers,reproducibility_data_code,323,however,no
020_NatGeosci_s41561-026-02023-z_peer_review_file__u0070,020_NatGeosci_s41561-026-02023-z_peer_review_file.pdf,Nature Geoscience,10.1038/s41561-026-02023-z,Contrasting drivers of South Asian summer and winter monsoon evolution during the last deglaciation,monsoon; paleoclimate; proxy chronology; circulation drivers,sampling_event_representativeness,453,clarify,no
020_NatGeosci_s41561-026-02023-z_peer_review_file__u0072,020_NatGeosci_s41561-026-02023-z_peer_review_file.pdf,Nature Geoscience,10.1038/s41561-026-02023-z,Contrasting drivers of South Asian summer and winter monsoon evolution during the last deglaciation,monsoon; paleoclimate; proxy chronology; circulation drivers,sampling_event_representativeness,567,clarify,no
020_NatGeosci_s41561-026-02023-z_peer_review_file__u0073,020_NatGeosci_s41561-026-02023-z_peer_review_file.pdf,Nature Geoscience,10.1038/s41561-026-02023-z,Contrasting drivers of South Asian summer and winter monsoon evolution during the last deglaciation,monsoon; paleoclimate; proxy chronology; circulation drivers,uncertainty_statistics_skill_metrics,212,unclear,no
020_NatGeosci_s41561-026-02023-z_peer_review_file__u0075,020_NatGeosci_s41561-026-02023-z_peer_review_file.pdf,Nature Geoscience,10.1038/s41561-026-02023-z,Contrasting drivers of South Asian summer and winter monsoon evolution during the last deglaciation,monsoon; paleoclimate; proxy chronology; circulation drivers,trend_internal_variability_signal_detection,1251,however; clarify; why,no
020_NatGeosci_s41561-026-02023-z_peer_review_file__u0077,020_NatGeosci_s41561-026-02023-z_peer_review_file.pdf,Nature Geoscience,10.1038/s41561-026-02023-z,Contrasting drivers of South Asian summer and winter monsoon evolution during the last deglaciation,monsoon; paleoclimate; proxy chronology; circulation drivers,scale_resolution_boundary_consistency,351,should,no
020_NatGeosci_s41561-026-02023-z_peer_review_file__u0078,020_NatGeosci_s41561-026-02023-z_peer_review_file.pdf,Nature Geoscience,10.1038/s41561-026-02023-z,Contrasting drivers of South Asian summer and winter monsoon evolution during the last deglaciation,monsoon; paleoclimate; proxy chronology; circulation drivers,scale_resolution_boundary_consistency,523,however; should,no
020_NatGeosci_s41561-026-02023-z_peer_review_file__u0079,020_NatGeosci_s41561-026-02023-z_peer_review_file.pdf,Nature Geoscience,10.1038/s41561-026-02023-z,Contrasting drivers of South Asian summer and winter monsoon evolution during the last deglaciation,monsoon; paleoclimate; proxy chronology; circulation drivers,atmospheric_claim_evidence_calibration,97,why,no
020_NatGeosci_s41561-026-02023-z_peer_review_file__u0086,020_NatGeosci_s41561-026-02023-z_peer_review_file.pdf,Nature Geoscience,10.1038/s41561-026-02023-z,Contrasting drivers of South Asian summer and winter monsoon evolution during the last deglaciation,monsoon; paleoclimate; proxy chronology; circulation drivers,ai_weather_climate_model_fidelity,105,should,no
020_NatGeosci_s41561-026-02023-z_peer_review_file__u0088,020_NatGeosci_s41561-026-02023-z_peer_review_file.pdf,Nature Geoscience,10.1038/s41561-026-02023-z,Contrasting drivers of South Asian summer and winter monsoon evolution during the last deglaciation,monsoon; paleoclimate; proxy chronology; circulation drivers,model_physics_assumption_sensitivity,785,unclear; missing; explain; why,no
020_NatGeosci_s41561-026-02023-z_peer_review_file__u0089,020_NatGeosci_s41561-026-02023-z_peer_review_file.pdf,Nature Geoscience,10.1038/s41561-026-02023-z,Contrasting drivers of South Asian summer and winter monsoon evolution during the last deglaciation,monsoon; paleoclimate; proxy chronology; circulation drivers,ai_weather_climate_model_fidelity,222,not clear; explain,no
020_NatGeosci_s41561-026-02023-z_peer_review_file__u0095,020_NatGeosci_s41561-026-02023-z_peer_review_file.pdf,Nature Geoscience,10.1038/s41561-026-02023-z,Contrasting drivers of South Asian summer and winter monsoon evolution during the last deglaciation,monsoon; paleoclimate; proxy chronology; circulation drivers,atmospheric_claim_evidence_calibration,261,should,no
020_NatGeosci_s41561-026-02023-z_peer_review_file__u0099,020_NatGeosci_s41561-026-02023-z_peer_review_file.pdf,Nature Geoscience,10.1038/s41561-026-02023-z,Contrasting drivers of South Asian summer and winter monsoon evolution during the last deglaciation,monsoon; paleoclimate; proxy chronology; circulation drivers,detail_audit,90,should,no
020_NatGeosci_s41561-026-02023-z_peer_review_file__u0101,020_NatGeosci_s41561-026-02023-z_peer_review_file.pdf,Nature Geoscience,10.1038/s41561-026-02023-z,Contrasting drivers of South Asian summer and winter monsoon evolution during the last deglaciation,monsoon; paleoclimate; proxy chronology; circulation drivers,detail_audit,173,should,no
020_NatGeosci_s41561-026-02023-z_peer_review_file__u0103,020_NatGeosci_s41561-026-02023-z_peer_review_file.pdf,Nature Geoscience,10.1038/s41561-026-02023-z,Contrasting drivers of South Asian summer and winter monsoon evolution during the last deglaciation,monsoon; paleoclimate; proxy chronology; circulation drivers,mechanism_causality_circulation_dynamics,777,unclear; should,no
020_NatGeosci_s41561-026-02023-z_peer_review_file__u0104,020_NatGeosci_s41561-026-02023-z_peer_review_file.pdf,Nature Geoscience,10.1038/s41561-026-02023-z,Contrasting drivers of South Asian summer and winter monsoon evolution during the last deglaciation,monsoon; paleoclimate; proxy chronology; circulation drivers,sampling_event_representativeness,1141,major; explain,no
020_NatGeosci_s41561-026-02023-z_peer_review_file__u0109,020_NatGeosci_s41561-026-02023-z_peer_review_file.pdf,Nature Geoscience,10.1038/s41561-026-02023-z,Contrasting drivers of South Asian summer and winter monsoon evolution during the last deglaciation,monsoon; paleoclimate; proxy chronology; circulation drivers,scale_resolution_boundary_consistency,845,however; major; should,no
020_NatGeosci_s41561-026-02023-z_peer_review_file__u0110,020_NatGeosci_s41561-026-02023-z_peer_review_file.pdf,Nature Geoscience,10.1038/s41561-026-02023-z,Contrasting drivers of South Asian summer and winter monsoon evolution during the last deglaciation,monsoon; paleoclimate; proxy chronology; circulation drivers,sampling_event_representativeness,493,however,no
020_NatGeosci_s41561-026-02023-z_peer_review_file__u0112,020_NatGeosci_s41561-026-02023-z_peer_review_file.pdf,Nature Geoscience,10.1038/s41561-026-02023-z,Contrasting drivers of South Asian summer and winter monsoon evolution during the last deglaciation,monsoon; paleoclimate; proxy chronology; circulation drivers,detail_audit,142,should,no
020_NatGeosci_s41561-026-02023-z_peer_review_file__u0113,020_NatGeosci_s41561-026-02023-z_peer_review_file.pdf,Nature Geoscience,10.1038/s41561-026-02023-z,Contrasting drivers of South Asian summer and winter monsoon evolution during the last deglaciation,monsoon; paleoclimate; proxy chronology; circulation drivers,atmospheric_claim_evidence_calibration,325,however,no
020_NatGeosci_s41561-026-02023-z_peer_review_file__u0115,020_NatGeosci_s41561-026-02023-z_peer_review_file.pdf,Nature Geoscience,10.1038/s41561-026-02023-z,Contrasting drivers of South Asian summer and winter monsoon evolution during the last deglaciation,monsoon; paleoclimate; proxy chronology; circulation drivers,model_physics_assumption_sensitivity,539,explain,no
020_NatGeosci_s41561-026-02023-z_peer_review_file__u0116,020_NatGeosci_s41561-026-02023-z_peer_review_file.pdf,Nature Geoscience,10.1038/s41561-026-02023-z,Contrasting drivers of South Asian summer and winter monsoon evolution during the last deglaciation,monsoon; paleoclimate; proxy chronology; circulation drivers,model_physics_assumption_sensitivity,1034,however,no
020_NatGeosci_s41561-026-02023-z_peer_review_file__u0117,020_NatGeosci_s41561-026-02023-z_peer_review_file.pdf,Nature Geoscience,10.1038/s41561-026-02023-z,Contrasting drivers of South Asian summer and winter monsoon evolution during the last deglaciation,monsoon; paleoclimate; proxy chronology; circulation drivers,atmospheric_claim_evidence_calibration,603,should; justify,no
020_NatGeosci_s41561-026-02023-z_peer_review_file__u0118,020_NatGeosci_s41561-026-02023-z_peer_review_file.pdf,Nature Geoscience,10.1038/s41561-026-02023-z,Contrasting drivers of South Asian summer and winter monsoon evolution during the last deglaciation,monsoon; paleoclimate; proxy chronology; circulation drivers,atmospheric_claim_evidence_calibration,604,however,no
020_NatGeosci_s41561-026-02023-z_peer_review_file__u0119,020_NatGeosci_s41561-026-02023-z_peer_review_file.pdf,Nature Geoscience,10.1038/s41561-026-02023-z,Contrasting drivers of South Asian summer and winter monsoon evolution during the last deglaciation,monsoon; paleoclimate; proxy chronology; circulation drivers,detail_audit,86,should,no
020_NatGeosci_s41561-026-02023-z_peer_review_file__u0122,020_NatGeosci_s41561-026-02023-z_peer_review_file.pdf,Nature Geoscience,10.1038/s41561-026-02023-z,Contrasting drivers of South Asian summer and winter monsoon evolution during the last deglaciation,monsoon; paleoclimate; proxy chronology; circulation drivers,trend_internal_variability_signal_detection,810,however; lack,no
020_NatGeosci_s41561-026-02023-z_peer_review_file__u0123,020_NatGeosci_s41561-026-02023-z_peer_review_file.pdf,Nature Geoscience,10.1038/s41561-026-02023-z,Contrasting drivers of South Asian summer and winter monsoon evolution during the last deglaciation,monsoon; paleoclimate; proxy chronology; circulation drivers,scale_resolution_boundary_consistency,264,however,no
020_NatGeosci_s41561-026-02023-z_peer_review_file__u0125,020_NatGeosci_s41561-026-02023-z_peer_review_file.pdf,Nature Geoscience,10.1038/s41561-026-02023-z,Contrasting drivers of South Asian summer and winter monsoon evolution during the last deglaciation,monsoon; paleoclimate; proxy chronology; circulation drivers,atmospheric_claim_evidence_calibration,1299,however,no
020_NatGeosci_s41561-026-02023-z_peer_review_file__u0126,020_NatGeosci_s41561-026-02023-z_peer_review_file.pdf,Nature Geoscience,10.1038/s41561-026-02023-z,Contrasting drivers of South Asian summer and winter monsoon evolution during the last deglaciation,monsoon; paleoclimate; proxy chronology; circulation drivers,detail_audit,292,however; should,no
020_NatGeosci_s41561-026-02023-z_peer_review_file__u0130,020_NatGeosci_s41561-026-02023-z_peer_review_file.pdf,Nature Geoscience,10.1038/s41561-026-02023-z,Contrasting drivers of South Asian summer and winter monsoon evolution during the last deglaciation,monsoon; paleoclimate; proxy chronology; circulation drivers,detail_audit,114,should,no
020_NatGeosci_s41561-026-02023-z_peer_review_file__u0131,020_NatGeosci_s41561-026-02023-z_peer_review_file.pdf,Nature Geoscience,10.1038/s41561-026-02023-z,Contrasting drivers of South Asian summer and winter monsoon evolution during the last deglaciation,monsoon; paleoclimate; proxy chronology; circulation drivers,scale_resolution_boundary_consistency,285,however,no
020_NatGeosci_s41561-026-02023-z_peer_review_file__u0136,020_NatGeosci_s41561-026-02023-z_peer_review_file.pdf,Nature Geoscience,10.1038/s41561-026-02023-z,Contrasting drivers of South Asian summer and winter monsoon evolution during the last deglaciation,monsoon; paleoclimate; proxy chronology; circulation drivers,atmospheric_claim_evidence_calibration,299,clarify,no
020_NatGeosci_s41561-026-02023-z_peer_review_file__u0139,020_NatGeosci_s41561-026-02023-z_peer_review_file.pdf,Nature Geoscience,10.1038/s41561-026-02023-z,Contrasting drivers of South Asian summer and winter monsoon evolution during the last deglaciation,monsoon; paleoclimate; proxy chronology; circulation drivers,atmospheric_claim_evidence_calibration,747,however; overstate; clarify,no
020_NatGeosci_s41561-026-02023-z_peer_review_file__u0180,020_NatGeosci_s41561-026-02023-z_peer_review_file.pdf,Nature Geoscience,10.1038/s41561-026-02023-z,Contrasting drivers of South Asian summer and winter monsoon evolution during the last deglaciation,monsoon; paleoclimate; proxy chronology; circulation drivers,reproducibility_data_code,263,concern; major,no
020_NatGeosci_s41561-026-02023-z_peer_review_file__u0185,020_NatGeosci_s41561-026-02023-z_peer_review_file.pdf,Nature Geoscience,10.1038/s41561-026-02023-z,Contrasting drivers of South Asian summer and winter monsoon evolution during the last deglaciation,monsoon; paleoclimate; proxy chronology; circulation drivers,detail_audit,273,major,no
021_NatClimChange_s41558-026-02670-5_peer_review_file__u0002,021_NatClimChange_s41558-026-02670-5_peer_review_file.pdf,Nature Climate Change,10.1038/s41558-026-02670-5,Global heat stress intensification and its expanding footprint on the human population,heat stress; heat extremes; exposure metric,observational_product_reanalysis_validity,492,however; should,no
021_NatClimChange_s41558-026-02670-5_peer_review_file__u0005,021_NatClimChange_s41558-026-02670-5_peer_review_file.pdf,Nature Climate Change,10.1038/s41558-026-02670-5,Global heat stress intensification and its expanding footprint on the human population,heat stress; heat extremes; exposure metric,detail_audit,581,unclear; why,no
021_NatClimChange_s41558-026-02670-5_peer_review_file__u0006,021_NatClimChange_s41558-026-02670-5_peer_review_file.pdf,Nature Climate Change,10.1038/s41558-026-02670-5,Global heat stress intensification and its expanding footprint on the human population,heat stress; heat extremes; exposure metric,observational_product_reanalysis_validity,465,need; needs,no
021_NatClimChange_s41558-026-02670-5_peer_review_file__u0008,021_NatClimChange_s41558-026-02670-5_peer_review_file.pdf,Nature Climate Change,10.1038/s41558-026-02670-5,Global heat stress intensification and its expanding footprint on the human population,heat stress; heat extremes; exposure metric,scale_resolution_boundary_consistency,873,unclear; justify; why,no
021_NatClimChange_s41558-026-02670-5_peer_review_file__u0009,021_NatClimChange_s41558-026-02670-5_peer_review_file.pdf,Nature Climate Change,10.1038/s41558-026-02670-5,Global heat stress intensification and its expanding footprint on the human population,heat stress; heat extremes; exposure metric,atmospheric_claim_evidence_calibration,209,limitation,no
021_NatClimChange_s41558-026-02670-5_peer_review_file__u0013,021_NatClimChange_s41558-026-02670-5_peer_review_file.pdf,Nature Climate Change,10.1038/s41558-026-02670-5,Global heat stress intensification and its expanding footprint on the human population,heat stress; heat extremes; exposure metric,uncertainty_statistics_skill_metrics,414,need,no
021_NatClimChange_s41558-026-02670-5_peer_review_file__u0016,021_NatClimChange_s41558-026-02670-5_peer_review_file.pdf,Nature Climate Change,10.1038/s41558-026-02670-5,Global heat stress intensification and its expanding footprint on the human population,heat stress; heat extremes; exposure metric,model_physics_assumption_sensitivity,372,need,no
021_NatClimChange_s41558-026-02670-5_peer_review_file__u0018,021_NatClimChange_s41558-026-02670-5_peer_review_file.pdf,Nature Climate Change,10.1038/s41558-026-02670-5,Global heat stress intensification and its expanding footprint on the human population,heat stress; heat extremes; exposure metric,observational_product_reanalysis_validity,716,need; needs,no
021_NatClimChange_s41558-026-02670-5_peer_review_file__u0019,021_NatClimChange_s41558-026-02670-5_peer_review_file.pdf,Nature Climate Change,10.1038/s41558-026-02670-5,Global heat stress intensification and its expanding footprint on the human population,heat stress; heat extremes; exposure metric,scale_resolution_boundary_consistency,448,should; clarify,no
021_NatClimChange_s41558-026-02670-5_peer_review_file__u0021,021_NatClimChange_s41558-026-02670-5_peer_review_file.pdf,Nature Climate Change,10.1038/s41558-026-02670-5,Global heat stress intensification and its expanding footprint on the human population,heat stress; heat extremes; exposure metric,sampling_event_representativeness,218,not clear,no
021_NatClimChange_s41558-026-02670-5_peer_review_file__u0022,021_NatClimChange_s41558-026-02670-5_peer_review_file.pdf,Nature Climate Change,10.1038/s41558-026-02670-5,Global heat stress intensification and its expanding footprint on the human population,heat stress; heat extremes; exposure metric,atmospheric_claim_evidence_calibration,167,should,no
021_NatClimChange_s41558-026-02670-5_peer_review_file__u0023,021_NatClimChange_s41558-026-02670-5_peer_review_file.pdf,Nature Climate Change,10.1038/s41558-026-02670-5,Global heat stress intensification and its expanding footprint on the human population,heat stress; heat extremes; exposure metric,scale_resolution_boundary_consistency,343,should,no
021_NatClimChange_s41558-026-02670-5_peer_review_file__u0026,021_NatClimChange_s41558-026-02670-5_peer_review_file.pdf,Nature Climate Change,10.1038/s41558-026-02670-5,Global heat stress intensification and its expanding footprint on the human population,heat stress; heat extremes; exposure metric,atmospheric_claim_evidence_calibration,332,concern,no
021_NatClimChange_s41558-026-02670-5_peer_review_file__u0027,021_NatClimChange_s41558-026-02670-5_peer_review_file.pdf,Nature Climate Change,10.1038/s41558-026-02670-5,Global heat stress intensification and its expanding footprint on the human population,heat stress; heat extremes; exposure metric,uncertainty_statistics_skill_metrics,752,why,no
021_NatClimChange_s41558-026-02670-5_peer_review_file__u0028,021_NatClimChange_s41558-026-02670-5_peer_review_file.pdf,Nature Climate Change,10.1038/s41558-026-02670-5,Global heat stress intensification and its expanding footprint on the human population,heat stress; heat extremes; exposure metric,ai_weather_climate_model_fidelity,316,recommend,no
021_NatClimChange_s41558-026-02670-5_peer_review_file__u0029,021_NatClimChange_s41558-026-02670-5_peer_review_file.pdf,Nature Climate Change,10.1038/s41558-026-02670-5,Global heat stress intensification and its expanding footprint on the human population,heat stress; heat extremes; exposure metric,detail_audit,519,explain,no
021_NatClimChange_s41558-026-02670-5_peer_review_file__u0031,021_NatClimChange_s41558-026-02670-5_peer_review_file.pdf,Nature Climate Change,10.1038/s41558-026-02670-5,Global heat stress intensification and its expanding footprint on the human population,heat stress; heat extremes; exposure metric,observational_product_reanalysis_validity,370,lack,no
021_NatClimChange_s41558-026-02670-5_peer_review_file__u0036,021_NatClimChange_s41558-026-02670-5_peer_review_file.pdf,Nature Climate Change,10.1038/s41558-026-02670-5,Global heat stress intensification and its expanding footprint on the human population,heat stress; heat extremes; exposure metric,scale_resolution_boundary_consistency,209,recommend,no
021_NatClimChange_s41558-026-02670-5_peer_review_file__u0041,021_NatClimChange_s41558-026-02670-5_peer_review_file.pdf,Nature Climate Change,10.1038/s41558-026-02670-5,Global heat stress intensification and its expanding footprint on the human population,heat stress; heat extremes; exposure metric,atmospheric_claim_evidence_calibration,289,concern; should,no
021_NatClimChange_s41558-026-02670-5_peer_review_file__u0043,021_NatClimChange_s41558-026-02670-5_peer_review_file.pdf,Nature Climate Change,10.1038/s41558-026-02670-5,Global heat stress intensification and its expanding footprint on the human population,heat stress; heat extremes; exposure metric,observational_product_reanalysis_validity,1171,should; need; lack,no
021_NatClimChange_s41558-026-02670-5_peer_review_file__u0044,021_NatClimChange_s41558-026-02670-5_peer_review_file.pdf,Nature Climate Change,10.1038/s41558-026-02670-5,Global heat stress intensification and its expanding footprint on the human population,heat stress; heat extremes; exposure metric,observational_product_reanalysis_validity,479,however; should,no
021_NatClimChange_s41558-026-02670-5_peer_review_file__u0047,021_NatClimChange_s41558-026-02670-5_peer_review_file.pdf,Nature Climate Change,10.1038/s41558-026-02670-5,Global heat stress intensification and its expanding footprint on the human population,heat stress; heat extremes; exposure metric,uncertainty_statistics_skill_metrics,651,limitation,no
021_NatClimChange_s41558-026-02670-5_peer_review_file__u0052,021_NatClimChange_s41558-026-02670-5_peer_review_file.pdf,Nature Climate Change,10.1038/s41558-026-02670-5,Global heat stress intensification and its expanding footprint on the human population,heat stress; heat extremes; exposure metric,detail_audit,581,unclear; why,no
021_NatClimChange_s41558-026-02670-5_peer_review_file__u0054,021_NatClimChange_s41558-026-02670-5_peer_review_file.pdf,Nature Climate Change,10.1038/s41558-026-02670-5,Global heat stress intensification and its expanding footprint on the human population,heat stress; heat extremes; exposure metric,detail_audit,924,concern,no
021_NatClimChange_s41558-026-02670-5_peer_review_file__u0056,021_NatClimChange_s41558-026-02670-5_peer_review_file.pdf,Nature Climate Change,10.1038/s41558-026-02670-5,Global heat stress intensification and its expanding footprint on the human population,heat stress; heat extremes; exposure metric,sampling_event_representativeness,412,limitation,no
021_NatClimChange_s41558-026-02670-5_peer_review_file__u0057,021_NatClimChange_s41558-026-02670-5_peer_review_file.pdf,Nature Climate Change,10.1038/s41558-026-02670-5,Global heat stress intensification and its expanding footprint on the human population,heat stress; heat extremes; exposure metric,observational_product_reanalysis_validity,465,need; needs,no
021_NatClimChange_s41558-026-02670-5_peer_review_file__u0060,021_NatClimChange_s41558-026-02670-5_peer_review_file.pdf,Nature Climate Change,10.1038/s41558-026-02670-5,Global heat stress intensification and its expanding footprint on the human population,heat stress; heat extremes; exposure metric,sampling_event_representativeness,701,limitation,no
021_NatClimChange_s41558-026-02670-5_peer_review_file__u0061,021_NatClimChange_s41558-026-02670-5_peer_review_file.pdf,Nature Climate Change,10.1038/s41558-026-02670-5,Global heat stress intensification and its expanding footprint on the human population,heat stress; heat extremes; exposure metric,sampling_event_representativeness,472,limitation,no
021_NatClimChange_s41558-026-02670-5_peer_review_file__u0063,021_NatClimChange_s41558-026-02670-5_peer_review_file.pdf,Nature Climate Change,10.1038/s41558-026-02670-5,Global heat stress intensification and its expanding footprint on the human population,heat stress; heat extremes; exposure metric,scale_resolution_boundary_consistency,569,unclear; justify; why,no
021_NatClimChange_s41558-026-02670-5_peer_review_file__u0064,021_NatClimChange_s41558-026-02670-5_peer_review_file.pdf,Nature Climate Change,10.1038/s41558-026-02670-5,Global heat stress intensification and its expanding footprint on the human population,heat stress; heat extremes; exposure metric,scale_resolution_boundary_consistency,1257,major,no
021_NatClimChange_s41558-026-02670-5_peer_review_file__u0066,021_NatClimChange_s41558-026-02670-5_peer_review_file.pdf,Nature Climate Change,10.1038/s41558-026-02670-5,Global heat stress intensification and its expanding footprint on the human population,heat stress; heat extremes; exposure metric,observational_product_reanalysis_validity,1198,should,no
021_NatClimChange_s41558-026-02670-5_peer_review_file__u0068,021_NatClimChange_s41558-026-02670-5_peer_review_file.pdf,Nature Climate Change,10.1038/s41558-026-02670-5,Global heat stress intensification and its expanding footprint on the human population,heat stress; heat extremes; exposure metric,atmospheric_claim_evidence_calibration,209,limitation,no
021_NatClimChange_s41558-026-02670-5_peer_review_file__u0069,021_NatClimChange_s41558-026-02670-5_peer_review_file.pdf,Nature Climate Change,10.1038/s41558-026-02670-5,Global heat stress intensification and its expanding footprint on the human population,heat stress; heat extremes; exposure metric,scale_resolution_boundary_consistency,309,limitation,no
021_NatClimChange_s41558-026-02670-5_peer_review_file__u0072,021_NatClimChange_s41558-026-02670-5_peer_review_file.pdf,Nature Climate Change,10.1038/s41558-026-02670-5,Global heat stress intensification and its expanding footprint on the human population,heat stress; heat extremes; exposure metric,uncertainty_statistics_skill_metrics,414,need,no
021_NatClimChange_s41558-026-02670-5_peer_review_file__u0081,021_NatClimChange_s41558-026-02670-5_peer_review_file.pdf,Nature Climate Change,10.1038/s41558-026-02670-5,Global heat stress intensification and its expanding footprint on the human population,heat stress; heat extremes; exposure metric,model_physics_assumption_sensitivity,373,need,no
021_NatClimChange_s41558-026-02670-5_peer_review_file__u0082,021_NatClimChange_s41558-026-02670-5_peer_review_file.pdf,Nature Climate Change,10.1038/s41558-026-02670-5,Global heat stress intensification and its expanding footprint on the human population,heat stress; heat extremes; exposure metric,detail_audit,158,limitation,no
021_NatClimChange_s41558-026-02670-5_peer_review_file__u0085,021_NatClimChange_s41558-026-02670-5_peer_review_file.pdf,Nature Climate Change,10.1038/s41558-026-02670-5,Global heat stress intensification and its expanding footprint on the human population,heat stress; heat extremes; exposure metric,observational_product_reanalysis_validity,1826,should; need; needs,no
021_NatClimChange_s41558-026-02670-5_peer_review_file__u0087,021_NatClimChange_s41558-026-02670-5_peer_review_file.pdf,Nature Climate Change,10.1038/s41558-026-02670-5,Global heat stress intensification and its expanding footprint on the human population,heat stress; heat extremes; exposure metric,detail_audit,105,should; clarify,no
021_NatClimChange_s41558-026-02670-5_peer_review_file__u0091,021_NatClimChange_s41558-026-02670-5_peer_review_file.pdf,Nature Climate Change,10.1038/s41558-026-02670-5,Global heat stress intensification and its expanding footprint on the human population,heat stress; heat extremes; exposure metric,sampling_event_representativeness,359,however,no
021_NatClimChange_s41558-026-02670-5_peer_review_file__u0092,021_NatClimChange_s41558-026-02670-5_peer_review_file.pdf,Nature Climate Change,10.1038/s41558-026-02670-5,Global heat stress intensification and its expanding footprint on the human population,heat stress; heat extremes; exposure metric,sampling_event_representativeness,218,not clear,no
021_NatClimChange_s41558-026-02670-5_peer_review_file__u0094,021_NatClimChange_s41558-026-02670-5_peer_review_file.pdf,Nature Climate Change,10.1038/s41558-026-02670-5,Global heat stress intensification and its expanding footprint on the human population,heat stress; heat extremes; exposure metric,atmospheric_claim_evidence_calibration,167,should,no
021_NatClimChange_s41558-026-02670-5_peer_review_file__u0095,021_NatClimChange_s41558-026-02670-5_peer_review_file.pdf,Nature Climate Change,10.1038/s41558-026-02670-5,Global heat stress intensification and its expanding footprint on the human population,heat stress; heat extremes; exposure metric,scale_resolution_boundary_consistency,248,however,no
021_NatClimChange_s41558-026-02670-5_peer_review_file__u0097,021_NatClimChange_s41558-026-02670-5_peer_review_file.pdf,Nature Climate Change,10.1038/s41558-026-02670-5,Global heat stress intensification and its expanding footprint on the human population,heat stress; heat extremes; exposure metric,scale_resolution_boundary_consistency,343,should,no
021_NatClimChange_s41558-026-02670-5_peer_review_file__u0099,021_NatClimChange_s41558-026-02670-5_peer_review_file.pdf,Nature Climate Change,10.1038/s41558-026-02670-5,Global heat stress intensification and its expanding footprint on the human population,heat stress; heat extremes; exposure metric,scale_resolution_boundary_consistency,175,clarify,no
021_NatClimChange_s41558-026-02670-5_peer_review_file__u0103,021_NatClimChange_s41558-026-02670-5_peer_review_file.pdf,Nature Climate Change,10.1038/s41558-026-02670-5,Global heat stress intensification and its expanding footprint on the human population,heat stress; heat extremes; exposure metric,ai_weather_climate_model_fidelity,600,concern,no
021_NatClimChange_s41558-026-02670-5_peer_review_file__u0104,021_NatClimChange_s41558-026-02670-5_peer_review_file.pdf,Nature Climate Change,10.1038/s41558-026-02670-5,Global heat stress intensification and its expanding footprint on the human population,heat stress; heat extremes; exposure metric,uncertainty_statistics_skill_metrics,750,why,no
021_NatClimChange_s41558-026-02670-5_peer_review_file__u0111,021_NatClimChange_s41558-026-02670-5_peer_review_file.pdf,Nature Climate Change,10.1038/s41558-026-02670-5,Global heat stress intensification and its expanding footprint on the human population,heat stress; heat extremes; exposure metric,ai_weather_climate_model_fidelity,314,recommend,no
021_NatClimChange_s41558-026-02670-5_peer_review_file__u0112,021_NatClimChange_s41558-026-02670-5_peer_review_file.pdf,Nature Climate Change,10.1038/s41558-026-02670-5,Global heat stress intensification and its expanding footprint on the human population,heat stress; heat extremes; exposure metric,ai_weather_climate_model_fidelity,577,however; should; need,no
021_NatClimChange_s41558-026-02670-5_peer_review_file__u0113,021_NatClimChange_s41558-026-02670-5_peer_review_file.pdf,Nature Climate Change,10.1038/s41558-026-02670-5,Global heat stress intensification and its expanding footprint on the human population,heat stress; heat extremes; exposure metric,detail_audit,517,explain,no
021_NatClimChange_s41558-026-02670-5_peer_review_file__u0114,021_NatClimChange_s41558-026-02670-5_peer_review_file.pdf,Nature Climate Change,10.1038/s41558-026-02670-5,Global heat stress intensification and its expanding footprint on the human population,heat stress; heat extremes; exposure metric,detail_audit,521,explain,no
021_NatClimChange_s41558-026-02670-5_peer_review_file__u0117,021_NatClimChange_s41558-026-02670-5_peer_review_file.pdf,Nature Climate Change,10.1038/s41558-026-02670-5,Global heat stress intensification and its expanding footprint on the human population,heat stress; heat extremes; exposure metric,observational_product_reanalysis_validity,368,lack,no
021_NatClimChange_s41558-026-02670-5_peer_review_file__u0118,021_NatClimChange_s41558-026-02670-5_peer_review_file.pdf,Nature Climate Change,10.1038/s41558-026-02670-5,Global heat stress intensification and its expanding footprint on the human population,heat stress; heat extremes; exposure metric,atmospheric_claim_evidence_calibration,319,need; limitation,no
021_NatClimChange_s41558-026-02670-5_peer_review_file__u0122,021_NatClimChange_s41558-026-02670-5_peer_review_file.pdf,Nature Climate Change,10.1038/s41558-026-02670-5,Global heat stress intensification and its expanding footprint on the human population,heat stress; heat extremes; exposure metric,atmospheric_claim_evidence_calibration,477,however,no
021_NatClimChange_s41558-026-02670-5_peer_review_file__u0126,021_NatClimChange_s41558-026-02670-5_peer_review_file.pdf,Nature Climate Change,10.1038/s41558-026-02670-5,Global heat stress intensification and its expanding footprint on the human population,heat stress; heat extremes; exposure metric,atmospheric_claim_evidence_calibration,152,recommend,no
021_NatClimChange_s41558-026-02670-5_peer_review_file__u0127,021_NatClimChange_s41558-026-02670-5_peer_review_file.pdf,Nature Climate Change,10.1038/s41558-026-02670-5,Global heat stress intensification and its expanding footprint on the human population,heat stress; heat extremes; exposure metric,detail_audit,577,recommend,no
021_NatClimChange_s41558-026-02670-5_peer_review_file__u0132,021_NatClimChange_s41558-026-02670-5_peer_review_file.pdf,Nature Climate Change,10.1038/s41558-026-02670-5,Global heat stress intensification and its expanding footprint on the human population,heat stress; heat extremes; exposure metric,ai_weather_climate_model_fidelity,386,limitation; recommend,no
021_NatClimChange_s41558-026-02670-5_peer_review_file__u0134,021_NatClimChange_s41558-026-02670-5_peer_review_file.pdf,Nature Climate Change,10.1038/s41558-026-02670-5,Global heat stress intensification and its expanding footprint on the human population,heat stress; heat extremes; exposure metric,scale_resolution_boundary_consistency,207,lack,no
022_NatClimChange_s41558-026-02652-7_peer_review_file__u0004,022_NatClimChange_s41558-026-02652-7_peer_review_file.pdf,Nature Climate Change,10.1038/s41558-026-02652-7,High-latitude Southern Ocean warming hotspot induced by ocean mesoscale eddies,ocean-atmosphere climate dynamics; eddies; warming attribution,scale_resolution_boundary_consistency,377,however; concern; major; validation,no
022_NatClimChange_s41558-026-02652-7_peer_review_file__u0005,022_NatClimChange_s41558-026-02652-7_peer_review_file.pdf,Nature Climate Change,10.1038/s41558-026-02652-7,High-latitude Southern Ocean warming hotspot induced by ocean mesoscale eddies,ocean-atmosphere climate dynamics; eddies; warming attribution,atmospheric_claim_evidence_calibration,927,however,no
022_NatClimChange_s41558-026-02652-7_peer_review_file__u0008,022_NatClimChange_s41558-026-02652-7_peer_review_file.pdf,Nature Climate Change,10.1038/s41558-026-02652-7,High-latitude Southern Ocean warming hotspot induced by ocean mesoscale eddies,ocean-atmosphere climate dynamics; eddies; warming attribution,scale_resolution_boundary_consistency,594,however; insufficient,no
022_NatClimChange_s41558-026-02652-7_peer_review_file__u0009,022_NatClimChange_s41558-026-02652-7_peer_review_file.pdf,Nature Climate Change,10.1038/s41558-026-02652-7,High-latitude Southern Ocean warming hotspot induced by ocean mesoscale eddies,ocean-atmosphere climate dynamics; eddies; warming attribution,scale_resolution_boundary_consistency,446,need,no
022_NatClimChange_s41558-026-02652-7_peer_review_file__u0010,022_NatClimChange_s41558-026-02652-7_peer_review_file.pdf,Nature Climate Change,10.1038/s41558-026-02652-7,High-latitude Southern Ocean warming hotspot induced by ocean mesoscale eddies,ocean-atmosphere climate dynamics; eddies; warming attribution,scale_resolution_boundary_consistency,474,however,no
022_NatClimChange_s41558-026-02652-7_peer_review_file__u0013,022_NatClimChange_s41558-026-02652-7_peer_review_file.pdf,Nature Climate Change,10.1038/s41558-026-02652-7,High-latitude Southern Ocean warming hotspot induced by ocean mesoscale eddies,ocean-atmosphere climate dynamics; eddies; warming attribution,atmospheric_claim_evidence_calibration,110,why,no
022_NatClimChange_s41558-026-02652-7_peer_review_file__u0016,022_NatClimChange_s41558-026-02652-7_peer_review_file.pdf,Nature Climate Change,10.1038/s41558-026-02652-7,High-latitude Southern Ocean warming hotspot induced by ocean mesoscale eddies,ocean-atmosphere climate dynamics; eddies; warming attribution,mechanism_causality_circulation_dynamics,535,however; should,no
022_NatClimChange_s41558-026-02652-7_peer_review_file__u0017,022_NatClimChange_s41558-026-02652-7_peer_review_file.pdf,Nature Climate Change,10.1038/s41558-026-02652-7,High-latitude Southern Ocean warming hotspot induced by ocean mesoscale eddies,ocean-atmosphere climate dynamics; eddies; warming attribution,mechanism_causality_circulation_dynamics,211,why,no
022_NatClimChange_s41558-026-02652-7_peer_review_file__u0018,022_NatClimChange_s41558-026-02652-7_peer_review_file.pdf,Nature Climate Change,10.1038/s41558-026-02652-7,High-latitude Southern Ocean warming hotspot induced by ocean mesoscale eddies,ocean-atmosphere climate dynamics; eddies; warming attribution,trend_internal_variability_signal_detection,237,recommend,no
022_NatClimChange_s41558-026-02652-7_peer_review_file__u0019,022_NatClimChange_s41558-026-02652-7_peer_review_file.pdf,Nature Climate Change,10.1038/s41558-026-02652-7,High-latitude Southern Ocean warming hotspot induced by ocean mesoscale eddies,ocean-atmosphere climate dynamics; eddies; warming attribution,trend_internal_variability_signal_detection,183,should,no
022_NatClimChange_s41558-026-02652-7_peer_review_file__u0028,022_NatClimChange_s41558-026-02652-7_peer_review_file.pdf,Nature Climate Change,10.1038/s41558-026-02652-7,High-latitude Southern Ocean warming hotspot induced by ocean mesoscale eddies,ocean-atmosphere climate dynamics; eddies; warming attribution,observational_product_reanalysis_validity,1847,however; not clear; recommend,no
022_NatClimChange_s41558-026-02652-7_peer_review_file__u0029,022_NatClimChange_s41558-026-02652-7_peer_review_file.pdf,Nature Climate Change,10.1038/s41558-026-02652-7,High-latitude Southern Ocean warming hotspot induced by ocean mesoscale eddies,ocean-atmosphere climate dynamics; eddies; warming attribution,sampling_event_representativeness,876,however; concern; should; clarify,no
022_NatClimChange_s41558-026-02652-7_peer_review_file__u0035,022_NatClimChange_s41558-026-02652-7_peer_review_file.pdf,Nature Climate Change,10.1038/s41558-026-02652-7,High-latitude Southern Ocean warming hotspot induced by ocean mesoscale eddies,ocean-atmosphere climate dynamics; eddies; warming attribution,reproducibility_data_code,128,recommend,no
022_NatClimChange_s41558-026-02652-7_peer_review_file__u0036,022_NatClimChange_s41558-026-02652-7_peer_review_file.pdf,Nature Climate Change,10.1038/s41558-026-02652-7,High-latitude Southern Ocean warming hotspot induced by ocean mesoscale eddies,ocean-atmosphere climate dynamics; eddies; warming attribution,atmospheric_claim_evidence_calibration,117,recommend,no
022_NatClimChange_s41558-026-02652-7_peer_review_file__u0037,022_NatClimChange_s41558-026-02652-7_peer_review_file.pdf,Nature Climate Change,10.1038/s41558-026-02652-7,High-latitude Southern Ocean warming hotspot induced by ocean mesoscale eddies,ocean-atmosphere climate dynamics; eddies; warming attribution,observational_product_reanalysis_validity,1001,should; need,no
022_NatClimChange_s41558-026-02652-7_peer_review_file__u0038,022_NatClimChange_s41558-026-02652-7_peer_review_file.pdf,Nature Climate Change,10.1038/s41558-026-02652-7,High-latitude Southern Ocean warming hotspot induced by ocean mesoscale eddies,ocean-atmosphere climate dynamics; eddies; warming attribution,atmospheric_claim_evidence_calibration,203,lack,no
022_NatClimChange_s41558-026-02652-7_peer_review_file__u0039,022_NatClimChange_s41558-026-02652-7_peer_review_file.pdf,Nature Climate Change,10.1038/s41558-026-02652-7,High-latitude Southern Ocean warming hotspot induced by ocean mesoscale eddies,ocean-atmosphere climate dynamics; eddies; warming attribution,scale_resolution_boundary_consistency,1882,however; concern; major; validation,no
022_NatClimChange_s41558-026-02652-7_peer_review_file__u0040,022_NatClimChange_s41558-026-02652-7_peer_review_file.pdf,Nature Climate Change,10.1038/s41558-026-02652-7,High-latitude Southern Ocean warming hotspot induced by ocean mesoscale eddies,ocean-atmosphere climate dynamics; eddies; warming attribution,scale_resolution_boundary_consistency,2606,however; major,no
022_NatClimChange_s41558-026-02652-7_peer_review_file__u0043,022_NatClimChange_s41558-026-02652-7_peer_review_file.pdf,Nature Climate Change,10.1038/s41558-026-02652-7,High-latitude Southern Ocean warming hotspot induced by ocean mesoscale eddies,ocean-atmosphere climate dynamics; eddies; warming attribution,model_physics_assumption_sensitivity,2031,however,no
022_NatClimChange_s41558-026-02652-7_peer_review_file__u0048,022_NatClimChange_s41558-026-02652-7_peer_review_file.pdf,Nature Climate Change,10.1038/s41558-026-02652-7,High-latitude Southern Ocean warming hotspot induced by ocean mesoscale eddies,ocean-atmosphere climate dynamics; eddies; warming attribution,scale_resolution_boundary_consistency,1663,however; need; insufficient,no
022_NatClimChange_s41558-026-02652-7_peer_review_file__u0049,022_NatClimChange_s41558-026-02652-7_peer_review_file.pdf,Nature Climate Change,10.1038/s41558-026-02652-7,High-latitude Southern Ocean warming hotspot induced by ocean mesoscale eddies,ocean-atmosphere climate dynamics; eddies; warming attribution,scale_resolution_boundary_consistency,705,however,no
022_NatClimChange_s41558-026-02652-7_peer_review_file__u0052,022_NatClimChange_s41558-026-02652-7_peer_review_file.pdf,Nature Climate Change,10.1038/s41558-026-02652-7,High-latitude Southern Ocean warming hotspot induced by ocean mesoscale eddies,ocean-atmosphere climate dynamics; eddies; warming attribution,atmospheric_claim_evidence_calibration,168,major; why,no
022_NatClimChange_s41558-026-02652-7_peer_review_file__u0054,022_NatClimChange_s41558-026-02652-7_peer_review_file.pdf,Nature Climate Change,10.1038/s41558-026-02652-7,High-latitude Southern Ocean warming hotspot induced by ocean mesoscale eddies,ocean-atmosphere climate dynamics; eddies; warming attribution,detail_audit,362,should,no
022_NatClimChange_s41558-026-02652-7_peer_review_file__u0056,022_NatClimChange_s41558-026-02652-7_peer_review_file.pdf,Nature Climate Change,10.1038/s41558-026-02652-7,High-latitude Southern Ocean warming hotspot induced by ocean mesoscale eddies,ocean-atmosphere climate dynamics; eddies; warming attribution,mechanism_causality_circulation_dynamics,779,however; should,no
022_NatClimChange_s41558-026-02652-7_peer_review_file__u0057,022_NatClimChange_s41558-026-02652-7_peer_review_file.pdf,Nature Climate Change,10.1038/s41558-026-02652-7,High-latitude Southern Ocean warming hotspot induced by ocean mesoscale eddies,ocean-atmosphere climate dynamics; eddies; warming attribution,mechanism_causality_circulation_dynamics,679,why,no
022_NatClimChange_s41558-026-02652-7_peer_review_file__u0058,022_NatClimChange_s41558-026-02652-7_peer_review_file.pdf,Nature Climate Change,10.1038/s41558-026-02652-7,High-latitude Southern Ocean warming hotspot induced by ocean mesoscale eddies,ocean-atmosphere climate dynamics; eddies; warming attribution,trend_internal_variability_signal_detection,238,recommend,no
022_NatClimChange_s41558-026-02652-7_peer_review_file__u0059,022_NatClimChange_s41558-026-02652-7_peer_review_file.pdf,Nature Climate Change,10.1038/s41558-026-02652-7,High-latitude Southern Ocean warming hotspot induced by ocean mesoscale eddies,ocean-atmosphere climate dynamics; eddies; warming attribution,trend_internal_variability_signal_detection,271,should,no
022_NatClimChange_s41558-026-02652-7_peer_review_file__u0081,022_NatClimChange_s41558-026-02652-7_peer_review_file.pdf,Nature Climate Change,10.1038/s41558-026-02652-7,High-latitude Southern Ocean warming hotspot induced by ocean mesoscale eddies,ocean-atmosphere climate dynamics; eddies; warming attribution,atmospheric_claim_evidence_calibration,203,lack,no
022_NatClimChange_s41558-026-02652-7_peer_review_file__u0082,022_NatClimChange_s41558-026-02652-7_peer_review_file.pdf,Nature Climate Change,10.1038/s41558-026-02652-7,High-latitude Southern Ocean warming hotspot induced by ocean mesoscale eddies,ocean-atmosphere climate dynamics; eddies; warming attribution,scale_resolution_boundary_consistency,1832,lack; recommend,no
022_NatClimChange_s41558-026-02652-7_peer_review_file__u0087,022_NatClimChange_s41558-026-02652-7_peer_review_file.pdf,Nature Climate Change,10.1038/s41558-026-02652-7,High-latitude Southern Ocean warming hotspot induced by ocean mesoscale eddies,ocean-atmosphere climate dynamics; eddies; warming attribution,observational_product_reanalysis_validity,395,lack,no
022_NatClimChange_s41558-026-02652-7_peer_review_file__u0091,022_NatClimChange_s41558-026-02652-7_peer_review_file.pdf,Nature Climate Change,10.1038/s41558-026-02652-7,High-latitude Southern Ocean warming hotspot induced by ocean mesoscale eddies,ocean-atmosphere climate dynamics; eddies; warming attribution,detail_audit,157,should,no
022_NatClimChange_s41558-026-02652-7_peer_review_file__u0092,022_NatClimChange_s41558-026-02652-7_peer_review_file.pdf,Nature Climate Change,10.1038/s41558-026-02652-7,High-latitude Southern Ocean warming hotspot induced by ocean mesoscale eddies,ocean-atmosphere climate dynamics; eddies; warming attribution,model_physics_assumption_sensitivity,1620,however,no
022_NatClimChange_s41558-026-02652-7_peer_review_file__u0097,022_NatClimChange_s41558-026-02652-7_peer_review_file.pdf,Nature Climate Change,10.1038/s41558-026-02652-7,High-latitude Southern Ocean warming hotspot induced by ocean mesoscale eddies,ocean-atmosphere climate dynamics; eddies; warming attribution,trend_internal_variability_signal_detection,462,not clear; recommend,no
022_NatClimChange_s41558-026-02652-7_peer_review_file__u0098,022_NatClimChange_s41558-026-02652-7_peer_review_file.pdf,Nature Climate Change,10.1038/s41558-026-02652-7,High-latitude Southern Ocean warming hotspot induced by ocean mesoscale eddies,ocean-atmosphere climate dynamics; eddies; warming attribution,trend_internal_variability_signal_detection,85,need,no
022_NatClimChange_s41558-026-02652-7_peer_review_file__u0105,022_NatClimChange_s41558-026-02652-7_peer_review_file.pdf,Nature Climate Change,10.1038/s41558-026-02652-7,High-latitude Southern Ocean warming hotspot induced by ocean mesoscale eddies,ocean-atmosphere climate dynamics; eddies; warming attribution,scale_resolution_boundary_consistency,482,lack,no
022_NatClimChange_s41558-026-02652-7_peer_review_file__u0114,022_NatClimChange_s41558-026-02652-7_peer_review_file.pdf,Nature Climate Change,10.1038/s41558-026-02652-7,High-latitude Southern Ocean warming hotspot induced by ocean mesoscale eddies,ocean-atmosphere climate dynamics; eddies; warming attribution,atmospheric_claim_evidence_calibration,256,lack,no
022_NatClimChange_s41558-026-02652-7_peer_review_file__u0115,022_NatClimChange_s41558-026-02652-7_peer_review_file.pdf,Nature Climate Change,10.1038/s41558-026-02652-7,High-latitude Southern Ocean warming hotspot induced by ocean mesoscale eddies,ocean-atmosphere climate dynamics; eddies; warming attribution,observational_product_reanalysis_validity,3457,however; not clear; lack; recommend,no
022_NatClimChange_s41558-026-02652-7_peer_review_file__u0116,022_NatClimChange_s41558-026-02652-7_peer_review_file.pdf,Nature Climate Change,10.1038/s41558-026-02652-7,High-latitude Southern Ocean warming hotspot induced by ocean mesoscale eddies,ocean-atmosphere climate dynamics; eddies; warming attribution,scale_resolution_boundary_consistency,2537,however; concern; major; should; clarify,no
022_NatClimChange_s41558-026-02652-7_peer_review_file__u0117,022_NatClimChange_s41558-026-02652-7_peer_review_file.pdf,Nature Climate Change,10.1038/s41558-026-02652-7,High-latitude Southern Ocean warming hotspot induced by ocean mesoscale eddies,ocean-atmosphere climate dynamics; eddies; warming attribution,uncertainty_statistics_skill_metrics,331,lack,no
022_NatClimChange_s41558-026-02652-7_peer_review_file__u0119,022_NatClimChange_s41558-026-02652-7_peer_review_file.pdf,Nature Climate Change,10.1038/s41558-026-02652-7,High-latitude Southern Ocean warming hotspot induced by ocean mesoscale eddies,ocean-atmosphere climate dynamics; eddies; warming attribution,sampling_event_representativeness,1031,should,no
022_NatClimChange_s41558-026-02652-7_peer_review_file__u0121,022_NatClimChange_s41558-026-02652-7_peer_review_file.pdf,Nature Climate Change,10.1038/s41558-026-02652-7,High-latitude Southern Ocean warming hotspot induced by ocean mesoscale eddies,ocean-atmosphere climate dynamics; eddies; warming attribution,detail_audit,487,lack,no
022_NatClimChange_s41558-026-02652-7_peer_review_file__u0134,022_NatClimChange_s41558-026-02652-7_peer_review_file.pdf,Nature Climate Change,10.1038/s41558-026-02652-7,High-latitude Southern Ocean warming hotspot induced by ocean mesoscale eddies,ocean-atmosphere climate dynamics; eddies; warming attribution,scale_resolution_boundary_consistency,206,recommend,no
022_NatClimChange_s41558-026-02652-7_peer_review_file__u0135,022_NatClimChange_s41558-026-02652-7_peer_review_file.pdf,Nature Climate Change,10.1038/s41558-026-02652-7,High-latitude Southern Ocean warming hotspot induced by ocean mesoscale eddies,ocean-atmosphere climate dynamics; eddies; warming attribution,scale_resolution_boundary_consistency,785,lack; recommend,no
022_NatClimChange_s41558-026-02652-7_peer_review_file__u0137,022_NatClimChange_s41558-026-02652-7_peer_review_file.pdf,Nature Climate Change,10.1038/s41558-026-02652-7,High-latitude Southern Ocean warming hotspot induced by ocean mesoscale eddies,ocean-atmosphere climate dynamics; eddies; warming attribution,trend_internal_variability_signal_detection,303,not clear; recommend,no
022_NatClimChange_s41558-026-02652-7_peer_review_file__u0138,022_NatClimChange_s41558-026-02652-7_peer_review_file.pdf,Nature Climate Change,10.1038/s41558-026-02652-7,High-latitude Southern Ocean warming hotspot induced by ocean mesoscale eddies,ocean-atmosphere climate dynamics; eddies; warming attribution,trend_internal_variability_signal_detection,85,need,no
022_NatClimChange_s41558-026-02652-7_peer_review_file__u0140,022_NatClimChange_s41558-026-02652-7_peer_review_file.pdf,Nature Climate Change,10.1038/s41558-026-02652-7,High-latitude Southern Ocean warming hotspot induced by ocean mesoscale eddies,ocean-atmosphere climate dynamics; eddies; warming attribution,scale_resolution_boundary_consistency,3135,however; concern; should; not clear; lack,no
