pattern_id,gate_id,gate_name,pattern_type,severity_default,reviewer_concern,common_triggers,common_issue_labels,subfield_signals,evidence_expected,claim_language_risk,source_unit_count,source_article_count,source_journals,source_doi_examples,copyright_note
CECO-P0001,biodiversity_ecosystem_function_gate,Biodiversity and ecosystem-function gate,abstracted_reviewer_concern,major,"Biodiversity and ecosystem-function claims need direct metrics rather than assuming richness, composition, resilience, or trophic structure from proxy variables alone.",species; diversity; biodiversity; community; richness; habitat; trait; stability; network; food web; resilience; functional diversity,biodiversity/ecosystem/function; sampling/representativeness; causal overclaim; uncertainty; figure/table clarity; novelty/significance,biodiversity; forest; warming; species; soil; ecosystem; climate; conservation; ocean; restoration,direct biodiversity or ecosystem-function metrics; detectability/taxonomic resolution; mechanism evidence; ecological unit clarity,"assuming biodiversity, stability, or function without direct measurement",918,47,Nature:592; Nature Communications:178; Nature Ecology & Evolution:148,10.1038/s41467-024-46263-2; 10.1038/s41467-024-46282-z; 10.1038/s41467-024-48640-3; 10.1038/s41467-024-52993-0; 10.1038/s41467-024-54304-z; 10.1038/s41467-025-59974-x; 10.1038/s41467-025-63246-z; 10.1038/s41467-025-63428-9,Abstracted pattern generated from reviewer-comment signals; no raw reviewer text stored.
CECO-P0002,biodiversity_ecosystem_function_gate,Biodiversity and ecosystem-function gate,abstracted_reviewer_concern,major,"Food-web, community, or ecosystem-stability conclusions should make the unit of analysis and ecological mechanism explicit.",species; diversity; biodiversity; community; richness; habitat; trait; stability; network; food web; resilience; functional diversity,biodiversity/ecosystem/function; sampling/representativeness; causal overclaim; uncertainty; figure/table clarity; novelty/significance,biodiversity; forest; warming; species; soil; ecosystem; climate; conservation; ocean; restoration,direct biodiversity or ecosystem-function metrics; detectability/taxonomic resolution; mechanism evidence; ecological unit clarity,"assuming biodiversity, stability, or function without direct measurement",918,47,Nature:592; Nature Communications:178; Nature Ecology & Evolution:148,10.1038/s41467-024-46263-2; 10.1038/s41467-024-46282-z; 10.1038/s41467-024-48640-3; 10.1038/s41467-024-52993-0; 10.1038/s41467-024-54304-z; 10.1038/s41467-025-59974-x; 10.1038/s41467-025-63246-z; 10.1038/s41467-025-63428-9,Abstracted pattern generated from reviewer-comment signals; no raw reviewer text stored.
CECO-P0003,biodiversity_ecosystem_function_gate,Biodiversity and ecosystem-function gate,abstracted_reviewer_concern,major,"Species distribution or community-response claims need attention to detectability, taxonomic resolution, temporal mismatch, and spatial representativeness.",species; diversity; biodiversity; community; richness; habitat; trait; stability; network; food web; resilience; functional diversity,biodiversity/ecosystem/function; sampling/representativeness; causal overclaim; uncertainty; figure/table clarity; novelty/significance,biodiversity; forest; warming; species; soil; ecosystem; climate; conservation; ocean; restoration,direct biodiversity or ecosystem-function metrics; detectability/taxonomic resolution; mechanism evidence; ecological unit clarity,"assuming biodiversity, stability, or function without direct measurement",918,47,Nature:592; Nature Communications:178; Nature Ecology & Evolution:148,10.1038/s41467-024-46263-2; 10.1038/s41467-024-46282-z; 10.1038/s41467-024-48640-3; 10.1038/s41467-024-52993-0; 10.1038/s41467-024-54304-z; 10.1038/s41467-025-59974-x; 10.1038/s41467-025-63246-z; 10.1038/s41467-025-63428-9,Abstracted pattern generated from reviewer-comment signals; no raw reviewer text stored.
CECO-P0004,biodiversity_ecosystem_function_gate,Biodiversity and ecosystem-function gate,issue_cluster,major,"For Biodiversity and ecosystem-function gate, reviewers repeatedly flag biodiversity/ecosystem/function when the manuscript's evidence chain does not make this point explicit enough for a broad high-impact-journal audience.",species; diversity; biodiversity; community; richness; habitat; trait; stability; network; food web,biodiversity/ecosystem/function,biodiversity; forest; warming; species; soil; ecosystem; climate; conservation,direct biodiversity or ecosystem-function metrics; detectability/taxonomic resolution; mechanism evidence; ecological unit clarity,"assuming biodiversity, stability, or function without direct measurement",367,38,Nature:232; Nature Communications:70; Nature Ecology & Evolution:65,10.1038/s41467-024-46263-2; 10.1038/s41467-024-46282-z; 10.1038/s41467-024-48640-3; 10.1038/s41467-024-52993-0; 10.1038/s41467-024-54304-z; 10.1038/s41467-025-59974-x; 10.1038/s41467-025-63246-z; 10.1038/s41467-025-63428-9,"Issue cluster distilled from reviewer-comment metadata and signal terms, not from copied prose."
CECO-P0005,biodiversity_ecosystem_function_gate,Biodiversity and ecosystem-function gate,issue_cluster,major,"For Biodiversity and ecosystem-function gate, reviewers repeatedly flag sampling/representativeness when the manuscript's evidence chain does not make this point explicit enough for a broad high-impact-journal audience.",species; diversity; biodiversity; community; richness; habitat; trait; stability; network; food web,sampling/representativeness,biodiversity; forest; warming; species; soil; ecosystem; climate; conservation,direct biodiversity or ecosystem-function metrics; detectability/taxonomic resolution; mechanism evidence; ecological unit clarity,"assuming biodiversity, stability, or function without direct measurement",142,31,Nature:109; Nature Communications:24; Nature Ecology & Evolution:9,10.1038/s41467-024-46263-2; 10.1038/s41467-024-48640-3; 10.1038/s41467-024-52993-0; 10.1038/s41467-024-54304-z; 10.1038/s41467-025-63246-z; 10.1038/s41467-025-63428-9; 10.1038/s41467-025-67676-7; 10.1038/s41559-025-02664-0,"Issue cluster distilled from reviewer-comment metadata and signal terms, not from copied prose."
CECO-P0006,biodiversity_ecosystem_function_gate,Biodiversity and ecosystem-function gate,issue_cluster,major,"For Biodiversity and ecosystem-function gate, reviewers repeatedly flag causal overclaim when the manuscript's evidence chain does not make this point explicit enough for a broad high-impact-journal audience.",species; diversity; biodiversity; community; richness; habitat; trait; stability; network; food web,causal overclaim,biodiversity; forest; warming; species; soil; ecosystem; climate; conservation,direct biodiversity or ecosystem-function metrics; detectability/taxonomic resolution; mechanism evidence; ecological unit clarity,"assuming biodiversity, stability, or function without direct measurement",77,25,Nature:44; Nature Communications:19; Nature Ecology & Evolution:14,10.1038/s41467-024-46263-2; 10.1038/s41467-024-52993-0; 10.1038/s41467-024-54304-z; 10.1038/s41467-025-59974-x; 10.1038/s41467-025-63246-z; 10.1038/s41467-025-63428-9; 10.1038/s41467-025-67125-5; 10.1038/s41559-025-02664-0,"Issue cluster distilled from reviewer-comment metadata and signal terms, not from copied prose."
CECO-P0007,biodiversity_ecosystem_function_gate,Biodiversity and ecosystem-function gate,issue_cluster,major,"For Biodiversity and ecosystem-function gate, reviewers repeatedly flag uncertainty when the manuscript's evidence chain does not make this point explicit enough for a broad high-impact-journal audience.",species; diversity; biodiversity; community; richness; habitat; trait; stability; network; food web,uncertainty,biodiversity; forest; warming; species; soil; ecosystem; climate; conservation,direct biodiversity or ecosystem-function metrics; detectability/taxonomic resolution; mechanism evidence; ecological unit clarity,"assuming biodiversity, stability, or function without direct measurement",73,26,Nature:48; Nature Ecology & Evolution:17; Nature Communications:8,10.1038/s41467-024-46263-2; 10.1038/s41467-024-48640-3; 10.1038/s41467-025-59974-x; 10.1038/s41467-025-63246-z; 10.1038/s41467-025-65751-7; 10.1038/s41467-025-67676-7; 10.1038/s41559-025-02664-0; 10.1038/s41559-025-02746-z,"Issue cluster distilled from reviewer-comment metadata and signal terms, not from copied prose."
CECO-P0008,biodiversity_ecosystem_function_gate,Biodiversity and ecosystem-function gate,issue_cluster,should_fix,"For Biodiversity and ecosystem-function gate, reviewers repeatedly flag figure/table clarity when the manuscript's evidence chain does not make this point explicit enough for a broad high-impact-journal audience.",species; diversity; biodiversity; community; richness; habitat; trait; stability; network; food web,figure/table clarity,biodiversity; forest; warming; species; soil; ecosystem; climate; conservation,direct biodiversity or ecosystem-function metrics; detectability/taxonomic resolution; mechanism evidence; ecological unit clarity,"assuming biodiversity, stability, or function without direct measurement",70,29,Nature:43; Nature Communications:16; Nature Ecology & Evolution:11,10.1038/s41467-024-46263-2; 10.1038/s41467-024-48640-3; 10.1038/s41467-024-52993-0; 10.1038/s41467-025-59974-x; 10.1038/s41467-025-63428-9; 10.1038/s41467-025-67125-5; 10.1038/s41559-025-02664-0; 10.1038/s41559-025-02911-4,"Issue cluster distilled from reviewer-comment metadata and signal terms, not from copied prose."
CECO-P0009,generalist_clarity_gate,Generalist readability and conceptual clarity gate,abstracted_reviewer_concern,should_fix,"Key terms, ecological units, model outputs, and figure quantities must be defined for a broad Nature readership.",figure; methods; supplement; table; explain; reader; clarify; define; unclear; description; presentation; terminology,clarity/presentation; figure/table clarity; generalist/clarity; definition/scope; sampling/representativeness; uncertainty,forest; climate; biodiversity; species; carbon; ecosystem; warming; soil; ocean; conservation,defined terms; clear units; figure/table interpretability; main-text methods sufficient for assessment,hiding central logic behind jargon or unclear figures,890,60,Nature:652; Nature Communications:148; Nature Ecology & Evolution:90,10.1038/s41467-024-46263-2; 10.1038/s41467-024-46282-z; 10.1038/s41467-024-48640-3; 10.1038/s41467-024-52993-0; 10.1038/s41467-024-54304-z; 10.1038/s41467-025-59974-x; 10.1038/s41467-025-63246-z; 10.1038/s41467-025-63428-9,Abstracted pattern generated from reviewer-comment signals; no raw reviewer text stored.
CECO-P0010,generalist_clarity_gate,Generalist readability and conceptual clarity gate,abstracted_reviewer_concern,should_fix,"Methods needed to judge the central claim should be in the main text or clearly signposted, not hidden behind unexplained supplement references.",figure; methods; supplement; table; explain; reader; clarify; define; unclear; description; presentation; terminology,clarity/presentation; figure/table clarity; generalist/clarity; definition/scope; sampling/representativeness; uncertainty,forest; climate; biodiversity; species; carbon; ecosystem; warming; soil; ocean; conservation,defined terms; clear units; figure/table interpretability; main-text methods sufficient for assessment,hiding central logic behind jargon or unclear figures,890,60,Nature:652; Nature Communications:148; Nature Ecology & Evolution:90,10.1038/s41467-024-46263-2; 10.1038/s41467-024-46282-z; 10.1038/s41467-024-48640-3; 10.1038/s41467-024-52993-0; 10.1038/s41467-024-54304-z; 10.1038/s41467-025-59974-x; 10.1038/s41467-025-63246-z; 10.1038/s41467-025-63428-9,Abstracted pattern generated from reviewer-comment signals; no raw reviewer text stored.
CECO-P0011,generalist_clarity_gate,Generalist readability and conceptual clarity gate,abstracted_reviewer_concern,should_fix,"Figures and tables should identify what each point, line, interval, and unit represents, especially for composite ecological or climate metrics.",figure; methods; supplement; table; explain; reader; clarify; define; unclear; description; presentation; terminology,clarity/presentation; figure/table clarity; generalist/clarity; definition/scope; sampling/representativeness; uncertainty,forest; climate; biodiversity; species; carbon; ecosystem; warming; soil; ocean; conservation,defined terms; clear units; figure/table interpretability; main-text methods sufficient for assessment,hiding central logic behind jargon or unclear figures,890,60,Nature:652; Nature Communications:148; Nature Ecology & Evolution:90,10.1038/s41467-024-46263-2; 10.1038/s41467-024-46282-z; 10.1038/s41467-024-48640-3; 10.1038/s41467-024-52993-0; 10.1038/s41467-024-54304-z; 10.1038/s41467-025-59974-x; 10.1038/s41467-025-63246-z; 10.1038/s41467-025-63428-9,Abstracted pattern generated from reviewer-comment signals; no raw reviewer text stored.
CECO-P0012,generalist_clarity_gate,Generalist readability and conceptual clarity gate,issue_cluster,should_fix,"For Generalist readability and conceptual clarity gate, reviewers repeatedly flag clarity/presentation when the manuscript's evidence chain does not make this point explicit enough for a broad high-impact-journal audience.",figure; methods; supplement; table; explain; reader; clarify; define; unclear; description,clarity/presentation,forest; climate; biodiversity; species; carbon; ecosystem; warming; soil,defined terms; clear units; figure/table interpretability; main-text methods sufficient for assessment,hiding central logic behind jargon or unclear figures,328,49,Nature:233; Nature Communications:59; Nature Ecology & Evolution:36,10.1038/s41467-024-46263-2; 10.1038/s41467-024-48640-3; 10.1038/s41467-024-52993-0; 10.1038/s41467-025-59974-x; 10.1038/s41467-025-63246-z; 10.1038/s41467-025-63428-9; 10.1038/s41467-025-67125-5; 10.1038/s41467-025-67676-7,"Issue cluster distilled from reviewer-comment metadata and signal terms, not from copied prose."
CECO-P0013,generalist_clarity_gate,Generalist readability and conceptual clarity gate,issue_cluster,should_fix,"For Generalist readability and conceptual clarity gate, reviewers repeatedly flag figure/table clarity when the manuscript's evidence chain does not make this point explicit enough for a broad high-impact-journal audience.",figure; methods; supplement; table; explain; reader; clarify; define; unclear; description,figure/table clarity,forest; climate; biodiversity; species; carbon; ecosystem; warming; soil,defined terms; clear units; figure/table interpretability; main-text methods sufficient for assessment,hiding central logic behind jargon or unclear figures,196,48,Nature:149; Nature Communications:26; Nature Ecology & Evolution:21,10.1038/s41467-024-46263-2; 10.1038/s41467-024-46282-z; 10.1038/s41467-024-48640-3; 10.1038/s41467-024-52993-0; 10.1038/s41467-024-54304-z; 10.1038/s41467-025-59974-x; 10.1038/s41467-025-63246-z; 10.1038/s41467-025-63428-9,"Issue cluster distilled from reviewer-comment metadata and signal terms, not from copied prose."
CECO-P0014,generalist_clarity_gate,Generalist readability and conceptual clarity gate,issue_cluster,should_fix,"For Generalist readability and conceptual clarity gate, reviewers repeatedly flag generalist/clarity when the manuscript's evidence chain does not make this point explicit enough for a broad high-impact-journal audience.",figure; methods; supplement; table; explain; reader; clarify; define; unclear; description,generalist/clarity,forest; climate; biodiversity; species; carbon; ecosystem; warming; soil,defined terms; clear units; figure/table interpretability; main-text methods sufficient for assessment,hiding central logic behind jargon or unclear figures,103,38,Nature:76; Nature Communications:18; Nature Ecology & Evolution:9,10.1038/s41467-024-46263-2; 10.1038/s41467-024-52993-0; 10.1038/s41467-025-59974-x; 10.1038/s41467-025-63246-z; 10.1038/s41467-025-63428-9; 10.1038/s41467-025-65751-7; 10.1038/s41467-025-68187-1; 10.1038/s41559-025-02746-z,"Issue cluster distilled from reviewer-comment metadata and signal terms, not from copied prose."
CECO-P0015,generalist_clarity_gate,Generalist readability and conceptual clarity gate,issue_cluster,should_fix,"For Generalist readability and conceptual clarity gate, reviewers repeatedly flag definition/scope when the manuscript's evidence chain does not make this point explicit enough for a broad high-impact-journal audience.",figure; methods; supplement; table; explain; reader; clarify; define; unclear; description,definition/scope,forest; climate; biodiversity; species; carbon; ecosystem; warming; soil,defined terms; clear units; figure/table interpretability; main-text methods sufficient for assessment,hiding central logic behind jargon or unclear figures,69,30,Nature:57; Nature Communications:6; Nature Ecology & Evolution:6,10.1038/s41467-024-46263-2; 10.1038/s41467-024-52993-0; 10.1038/s41467-024-54304-z; 10.1038/s41467-025-59974-x; 10.1038/s41559-025-02966-3; 10.1038/s41559-026-03095-1; 10.1038/s41586-024-07083-y; 10.1038/s41586-024-07257-8,"Issue cluster distilled from reviewer-comment metadata and signal terms, not from copied prose."
CECO-P0016,generalist_clarity_gate,Generalist readability and conceptual clarity gate,issue_cluster,should_fix,"For Generalist readability and conceptual clarity gate, reviewers repeatedly flag sampling/representativeness when the manuscript's evidence chain does not make this point explicit enough for a broad high-impact-journal audience.",figure; methods; supplement; table; explain; reader; clarify; define; unclear; description,sampling/representativeness,forest; climate; biodiversity; species; carbon; ecosystem; warming; soil,defined terms; clear units; figure/table interpretability; main-text methods sufficient for assessment,hiding central logic behind jargon or unclear figures,61,29,Nature:44; Nature Communications:12; Nature Ecology & Evolution:5,10.1038/s41467-024-48640-3; 10.1038/s41467-024-52993-0; 10.1038/s41467-024-54304-z; 10.1038/s41467-025-59974-x; 10.1038/s41467-025-63246-z; 10.1038/s41467-025-67676-7; 10.1038/s41559-025-02911-4; 10.1038/s41559-026-03025-1,"Issue cluster distilled from reviewer-comment metadata and signal terms, not from copied prose."
CECO-P0017,sampling_representativeness_gate,Sampling design and representativeness gate,abstracted_reviewer_concern,major,"Sampling design must justify whether plots, transects, sites, seasons, and years support the generalization claimed in the manuscript.",site; sample; scale; spatial; sampling; bias; plot; temporal; random; resolution; season; field,sampling/representativeness; uncertainty; figure/table clarity; causal overclaim; assumption/parameterization; novelty/significance,biodiversity; forest; warming; species; climate; ecosystem; soil; carbon; ocean; nitrogen,sampling frame; spatial/temporal replication; seasonal coverage; independence; representativeness limits,"claiming broad representativeness from limited plots, seasons, or sites",690,54,Nature:452; Nature Communications:137; Nature Ecology & Evolution:101,10.1038/s41467-024-46263-2; 10.1038/s41467-024-48640-3; 10.1038/s41467-024-52993-0; 10.1038/s41467-025-59974-x; 10.1038/s41467-025-63246-z; 10.1038/s41467-025-63428-9; 10.1038/s41467-025-65751-7; 10.1038/s41467-025-67125-5,Abstracted pattern generated from reviewer-comment signals; no raw reviewer text stored.
CECO-P0018,sampling_representativeness_gate,Sampling design and representativeness gate,abstracted_reviewer_concern,major,"Field measurements that vary strongly in space or season require enough temporal and spatial replication, or a narrower claim scope.",site; sample; scale; spatial; sampling; bias; plot; temporal; random; resolution; season; field,sampling/representativeness; uncertainty; figure/table clarity; causal overclaim; assumption/parameterization; novelty/significance,biodiversity; forest; warming; species; climate; ecosystem; soil; carbon; ocean; nitrogen,sampling frame; spatial/temporal replication; seasonal coverage; independence; representativeness limits,"claiming broad representativeness from limited plots, seasons, or sites",690,54,Nature:452; Nature Communications:137; Nature Ecology & Evolution:101,10.1038/s41467-024-46263-2; 10.1038/s41467-024-48640-3; 10.1038/s41467-024-52993-0; 10.1038/s41467-025-59974-x; 10.1038/s41467-025-63246-z; 10.1038/s41467-025-63428-9; 10.1038/s41467-025-65751-7; 10.1038/s41467-025-67125-5,Abstracted pattern generated from reviewer-comment signals; no raw reviewer text stored.
CECO-P0019,sampling_representativeness_gate,Sampling design and representativeness gate,abstracted_reviewer_concern,major,"Cross-site comparisons should account for site history, climate, land-use context, and non-independence among samples.",site; sample; scale; spatial; sampling; bias; plot; temporal; random; resolution; season; field,sampling/representativeness; uncertainty; figure/table clarity; causal overclaim; assumption/parameterization; novelty/significance,biodiversity; forest; warming; species; climate; ecosystem; soil; carbon; ocean; nitrogen,sampling frame; spatial/temporal replication; seasonal coverage; independence; representativeness limits,"claiming broad representativeness from limited plots, seasons, or sites",690,54,Nature:452; Nature Communications:137; Nature Ecology & Evolution:101,10.1038/s41467-024-46263-2; 10.1038/s41467-024-48640-3; 10.1038/s41467-024-52993-0; 10.1038/s41467-025-59974-x; 10.1038/s41467-025-63246-z; 10.1038/s41467-025-63428-9; 10.1038/s41467-025-65751-7; 10.1038/s41467-025-67125-5,Abstracted pattern generated from reviewer-comment signals; no raw reviewer text stored.
CECO-P0020,sampling_representativeness_gate,Sampling design and representativeness gate,issue_cluster,major,"For Sampling design and representativeness gate, reviewers repeatedly flag sampling/representativeness when the manuscript's evidence chain does not make this point explicit enough for a broad high-impact-journal audience.",site; sample; scale; spatial; sampling; bias; plot; temporal; random; resolution,sampling/representativeness,biodiversity; forest; warming; species; climate; ecosystem; soil; carbon,sampling frame; spatial/temporal replication; seasonal coverage; independence; representativeness limits,"claiming broad representativeness from limited plots, seasons, or sites",509,51,Nature:311; Nature Communications:115; Nature Ecology & Evolution:83,10.1038/s41467-024-46263-2; 10.1038/s41467-024-48640-3; 10.1038/s41467-024-52993-0; 10.1038/s41467-025-59974-x; 10.1038/s41467-025-63246-z; 10.1038/s41467-025-63428-9; 10.1038/s41467-025-65751-7; 10.1038/s41467-025-67125-5,"Issue cluster distilled from reviewer-comment metadata and signal terms, not from copied prose."
CECO-P0021,sampling_representativeness_gate,Sampling design and representativeness gate,issue_cluster,major,"For Sampling design and representativeness gate, reviewers repeatedly flag uncertainty when the manuscript's evidence chain does not make this point explicit enough for a broad high-impact-journal audience.",site; sample; scale; spatial; sampling; bias; plot; temporal; random; resolution,uncertainty,biodiversity; forest; warming; species; climate; ecosystem; soil; carbon,sampling frame; spatial/temporal replication; seasonal coverage; independence; representativeness limits,"claiming broad representativeness from limited plots, seasons, or sites",106,31,Nature:91; Nature Ecology & Evolution:8; Nature Communications:7,10.1038/s41467-024-46263-2; 10.1038/s41467-024-52993-0; 10.1038/s41467-025-63246-z; 10.1038/s41467-025-67676-7; 10.1038/s41559-025-02664-0; 10.1038/s41559-025-02911-4; 10.1038/s41559-025-02966-3; 10.1038/s41586-024-07083-y,"Issue cluster distilled from reviewer-comment metadata and signal terms, not from copied prose."
CECO-P0022,sampling_representativeness_gate,Sampling design and representativeness gate,issue_cluster,should_fix,"For Sampling design and representativeness gate, reviewers repeatedly flag figure/table clarity when the manuscript's evidence chain does not make this point explicit enough for a broad high-impact-journal audience.",site; sample; scale; spatial; sampling; bias; plot; temporal; random; resolution,figure/table clarity,biodiversity; forest; warming; species; climate; ecosystem; soil; carbon,sampling frame; spatial/temporal replication; seasonal coverage; independence; representativeness limits,"claiming broad representativeness from limited plots, seasons, or sites",18,14,Nature:8; Nature Communications:6; Nature Ecology & Evolution:4,10.1038/s41467-024-46263-2; 10.1038/s41467-024-52993-0; 10.1038/s41467-025-59974-x; 10.1038/s41467-025-63246-z; 10.1038/s41467-025-63428-9; 10.1038/s41559-025-02911-4; 10.1038/s41559-025-02966-3; 10.1038/s41559-026-03095-1,"Issue cluster distilled from reviewer-comment metadata and signal terms, not from copied prose."
CECO-P0023,sampling_representativeness_gate,Sampling design and representativeness gate,issue_cluster,major,"For Sampling design and representativeness gate, reviewers repeatedly flag causal overclaim when the manuscript's evidence chain does not make this point explicit enough for a broad high-impact-journal audience.",site; sample; scale; spatial; sampling; bias; plot; temporal; random; resolution,causal overclaim,biodiversity; forest; warming; species; climate; ecosystem; soil; carbon,sampling frame; spatial/temporal replication; seasonal coverage; independence; representativeness limits,"claiming broad representativeness from limited plots, seasons, or sites",16,11,Nature:12; Nature Communications:3; Nature Ecology & Evolution:1,10.1038/s41467-025-63246-z; 10.1038/s41559-025-02911-4; 10.1038/s41586-024-07264-9; 10.1038/s41586-024-07629-0; 10.1038/s41586-024-08106-4; 10.1038/s41586-025-08665-0; 10.1038/s41586-025-09806-1; 10.1038/s41586-026-10455-1,"Issue cluster distilled from reviewer-comment metadata and signal terms, not from copied prose."
CECO-P0024,sampling_representativeness_gate,Sampling design and representativeness gate,issue_cluster,major,"For Sampling design and representativeness gate, reviewers repeatedly flag assumption/parameterization when the manuscript's evidence chain does not make this point explicit enough for a broad high-impact-journal audience.",site; sample; scale; spatial; sampling; bias; plot; temporal; random; resolution,assumption/parameterization,biodiversity; forest; warming; species; climate; ecosystem; soil; carbon,sampling frame; spatial/temporal replication; seasonal coverage; independence; representativeness limits,"claiming broad representativeness from limited plots, seasons, or sites",11,10,Nature:8; Nature Ecology & Evolution:2; Nature Communications:1,10.1038/s41467-024-46263-2; 10.1038/s41559-025-02746-z; 10.1038/s41559-025-02966-3; 10.1038/s41586-024-07264-9; 10.1038/s41586-024-07629-0; 10.1038/s41586-024-07878-z; 10.1038/s41586-024-08191-5; 10.1038/s41586-024-08313-z,"Issue cluster distilled from reviewer-comment metadata and signal terms, not from copied prose."
CECO-P0025,climate_trend_attribution_gate,Climate trend and attribution gate,abstracted_reviewer_concern,major,"Trend or climate-impact claims require temporal consistency, explicit baselines, and tests that separate climate drivers from geography, land use, sampling design, and observation-system change.",temperature; extreme; warming; climate change; precipitation; trend; correlation; scenario; attribution; drought; time series; drivers,climate/trend/attribution; causal overclaim; sampling/representativeness; figure/table clarity; uncertainty; novelty/significance,climate; warming; carbon; species; forest; ecosystem; biodiversity; soil; nitrogen; tundra,baseline definition; temporal consistency; driver separation; sensitivity to aggregation; uncertainty propagation; conservative attribution wording,overstating climate causality from observational trends or short baselines,593,53,Nature:502; Nature Communications:68; Nature Ecology & Evolution:23,10.1038/s41467-024-46263-2; 10.1038/s41467-024-46282-z; 10.1038/s41467-024-48640-3; 10.1038/s41467-024-52993-0; 10.1038/s41467-024-54304-z; 10.1038/s41467-025-63246-z; 10.1038/s41467-025-63428-9; 10.1038/s41467-025-65751-7,Abstracted pattern generated from reviewer-comment signals; no raw reviewer text stored.
CECO-P0026,climate_trend_attribution_gate,Climate trend and attribution gate,abstracted_reviewer_concern,major,"Attribution language should be calibrated to the evidence: observational associations, model experiments, and counterfactual analyses support different strengths of claim.",temperature; extreme; warming; climate change; precipitation; trend; correlation; scenario; attribution; drought; time series; drivers,climate/trend/attribution; causal overclaim; sampling/representativeness; figure/table clarity; uncertainty; novelty/significance,climate; warming; carbon; species; forest; ecosystem; biodiversity; soil; nitrogen; tundra,baseline definition; temporal consistency; driver separation; sensitivity to aggregation; uncertainty propagation; conservative attribution wording,overstating climate causality from observational trends or short baselines,593,53,Nature:502; Nature Communications:68; Nature Ecology & Evolution:23,10.1038/s41467-024-46263-2; 10.1038/s41467-024-46282-z; 10.1038/s41467-024-48640-3; 10.1038/s41467-024-52993-0; 10.1038/s41467-024-54304-z; 10.1038/s41467-025-63246-z; 10.1038/s41467-025-63428-9; 10.1038/s41467-025-65751-7,Abstracted pattern generated from reviewer-comment signals; no raw reviewer text stored.
CECO-P0027,climate_trend_attribution_gate,Climate trend and attribution gate,abstracted_reviewer_concern,major,"Climate velocity, warming, drought, wildfire, or extreme-event conclusions need sensitivity to baseline period, scenario choice, spatial aggregation, and uncertainty propagation.",temperature; extreme; warming; climate change; precipitation; trend; correlation; scenario; attribution; drought; time series; drivers,climate/trend/attribution; causal overclaim; sampling/representativeness; figure/table clarity; uncertainty; novelty/significance,climate; warming; carbon; species; forest; ecosystem; biodiversity; soil; nitrogen; tundra,baseline definition; temporal consistency; driver separation; sensitivity to aggregation; uncertainty propagation; conservative attribution wording,overstating climate causality from observational trends or short baselines,593,53,Nature:502; Nature Communications:68; Nature Ecology & Evolution:23,10.1038/s41467-024-46263-2; 10.1038/s41467-024-46282-z; 10.1038/s41467-024-48640-3; 10.1038/s41467-024-52993-0; 10.1038/s41467-024-54304-z; 10.1038/s41467-025-63246-z; 10.1038/s41467-025-63428-9; 10.1038/s41467-025-65751-7,Abstracted pattern generated from reviewer-comment signals; no raw reviewer text stored.
CECO-P0028,climate_trend_attribution_gate,Climate trend and attribution gate,issue_cluster,major,"For Climate trend and attribution gate, reviewers repeatedly flag climate/trend/attribution when the manuscript's evidence chain does not make this point explicit enough for a broad high-impact-journal audience.",temperature; extreme; warming; climate change; precipitation; trend; correlation; scenario; attribution; drought,climate/trend/attribution,climate; warming; carbon; species; forest; ecosystem; biodiversity; soil,baseline definition; temporal consistency; driver separation; sensitivity to aggregation; uncertainty propagation; conservative attribution wording,overstating climate causality from observational trends or short baselines,182,40,Nature:146; Nature Communications:29; Nature Ecology & Evolution:7,10.1038/s41467-024-46263-2; 10.1038/s41467-024-46282-z; 10.1038/s41467-024-52993-0; 10.1038/s41467-024-54304-z; 10.1038/s41467-025-63246-z; 10.1038/s41467-025-63428-9; 10.1038/s41467-025-65751-7; 10.1038/s41467-025-68187-1,"Issue cluster distilled from reviewer-comment metadata and signal terms, not from copied prose."
CECO-P0029,climate_trend_attribution_gate,Climate trend and attribution gate,issue_cluster,major,"For Climate trend and attribution gate, reviewers repeatedly flag causal overclaim when the manuscript's evidence chain does not make this point explicit enough for a broad high-impact-journal audience.",temperature; extreme; warming; climate change; precipitation; trend; correlation; scenario; attribution; drought,causal overclaim,climate; warming; carbon; species; forest; ecosystem; biodiversity; soil,baseline definition; temporal consistency; driver separation; sensitivity to aggregation; uncertainty propagation; conservative attribution wording,overstating climate causality from observational trends or short baselines,102,28,Nature:85; Nature Communications:10; Nature Ecology & Evolution:7,10.1038/s41467-024-52993-0; 10.1038/s41467-024-54304-z; 10.1038/s41467-025-63246-z; 10.1038/s41467-025-63428-9; 10.1038/s41559-025-02664-0; 10.1038/s41559-025-02746-z; 10.1038/s41559-025-02966-3; 10.1038/s41559-026-03025-1,"Issue cluster distilled from reviewer-comment metadata and signal terms, not from copied prose."
CECO-P0030,climate_trend_attribution_gate,Climate trend and attribution gate,issue_cluster,major,"For Climate trend and attribution gate, reviewers repeatedly flag sampling/representativeness when the manuscript's evidence chain does not make this point explicit enough for a broad high-impact-journal audience.",temperature; extreme; warming; climate change; precipitation; trend; correlation; scenario; attribution; drought,sampling/representativeness,climate; warming; carbon; species; forest; ecosystem; biodiversity; soil,baseline definition; temporal consistency; driver separation; sensitivity to aggregation; uncertainty propagation; conservative attribution wording,overstating climate causality from observational trends or short baselines,90,23,Nature:76; Nature Communications:10; Nature Ecology & Evolution:4,10.1038/s41467-025-63246-z; 10.1038/s41467-025-67676-7; 10.1038/s41559-025-02664-0; 10.1038/s41559-025-02746-z; 10.1038/s41559-025-02911-4; 10.1038/s41559-025-02966-3; 10.1038/s41586-024-07264-9; 10.1038/s41586-024-07274-7,"Issue cluster distilled from reviewer-comment metadata and signal terms, not from copied prose."
CECO-P0031,climate_trend_attribution_gate,Climate trend and attribution gate,issue_cluster,should_fix,"For Climate trend and attribution gate, reviewers repeatedly flag figure/table clarity when the manuscript's evidence chain does not make this point explicit enough for a broad high-impact-journal audience.",temperature; extreme; warming; climate change; precipitation; trend; correlation; scenario; attribution; drought,figure/table clarity,climate; warming; carbon; species; forest; ecosystem; biodiversity; soil,baseline definition; temporal consistency; driver separation; sensitivity to aggregation; uncertainty propagation; conservative attribution wording,overstating climate causality from observational trends or short baselines,63,25,Nature:57; Nature Communications:5; Nature Ecology & Evolution:1,10.1038/s41467-024-46282-z; 10.1038/s41467-024-52993-0; 10.1038/s41467-025-63246-z; 10.1038/s41467-025-63428-9; 10.1038/s41559-025-02664-0; 10.1038/s41586-024-07264-9; 10.1038/s41586-024-07629-0; 10.1038/s41586-024-07714-4,"Issue cluster distilled from reviewer-comment metadata and signal terms, not from copied prose."
CECO-P0032,climate_trend_attribution_gate,Climate trend and attribution gate,issue_cluster,major,"For Climate trend and attribution gate, reviewers repeatedly flag uncertainty when the manuscript's evidence chain does not make this point explicit enough for a broad high-impact-journal audience.",temperature; extreme; warming; climate change; precipitation; trend; correlation; scenario; attribution; drought,uncertainty,climate; warming; carbon; species; forest; ecosystem; biodiversity; soil,baseline definition; temporal consistency; driver separation; sensitivity to aggregation; uncertainty propagation; conservative attribution wording,overstating climate causality from observational trends or short baselines,51,21,Nature:48; Nature Communications:2; Nature Ecology & Evolution:1,10.1038/s41467-024-46282-z; 10.1038/s41467-024-48640-3; 10.1038/s41559-025-02664-0; 10.1038/s41586-024-07264-9; 10.1038/s41586-024-07274-7; 10.1038/s41586-024-08185-3; 10.1038/s41586-024-08576-6; 10.1038/s41586-025-08665-0,"Issue cluster distilled from reviewer-comment metadata and signal terms, not from copied prose."
CECO-P0033,forest_land_use_conservation_gate,"Forest, land-use and conservation gate",abstracted_reviewer_concern,major,"Forest and land-use conclusions require clear definitions of degradation, restoration, regeneration, certification, protection, and reference systems.",forest; tropical; conservation; deforestation; fsc; biodiversity; management; degraded; land use; protected; regeneration; restoration,forest/land/use/conservation; policy implication; sampling/representativeness; causal overclaim; figure/table clarity; novelty/significance,forest; biodiversity; climate; conservation; species; warming; ecosystem; carbon; soil; restoration,clear forest/land-use definitions; site-selection logic; independent validation; land-use history; management-confounder analysis,generalizing site-specific land-use or conservation findings globally,580,38,Nature:523; Nature Communications:34; Nature Ecology & Evolution:23,10.1038/s41467-024-46282-z; 10.1038/s41467-024-52993-0; 10.1038/s41467-024-54304-z; 10.1038/s41467-025-63246-z; 10.1038/s41467-025-65751-7; 10.1038/s41467-025-67125-5; 10.1038/s41467-025-67676-7; 10.1038/s41559-025-02664-0,Abstracted pattern generated from reviewer-comment signals; no raw reviewer text stored.
CECO-P0034,forest_land_use_conservation_gate,"Forest, land-use and conservation gate",abstracted_reviewer_concern,major,"Conservation or management claims should show that comparisons are not confounded by site selection, accessibility, governance, baseline forest condition, or land-use history.",forest; tropical; conservation; deforestation; fsc; biodiversity; management; degraded; land use; protected; regeneration; restoration,forest/land/use/conservation; policy implication; sampling/representativeness; causal overclaim; figure/table clarity; novelty/significance,forest; biodiversity; climate; conservation; species; warming; ecosystem; carbon; soil; restoration,clear forest/land-use definitions; site-selection logic; independent validation; land-use history; management-confounder analysis,generalizing site-specific land-use or conservation findings globally,580,38,Nature:523; Nature Communications:34; Nature Ecology & Evolution:23,10.1038/s41467-024-46282-z; 10.1038/s41467-024-52993-0; 10.1038/s41467-024-54304-z; 10.1038/s41467-025-63246-z; 10.1038/s41467-025-65751-7; 10.1038/s41467-025-67125-5; 10.1038/s41467-025-67676-7; 10.1038/s41559-025-02664-0,Abstracted pattern generated from reviewer-comment signals; no raw reviewer text stored.
CECO-P0035,forest_land_use_conservation_gate,"Forest, land-use and conservation gate",abstracted_reviewer_concern,major,Remote or field-based forest change estimates need validation against independent observations and uncertainty around classification or boundary choices.,forest; tropical; conservation; deforestation; fsc; biodiversity; management; degraded; land use; protected; regeneration; restoration,forest/land/use/conservation; policy implication; sampling/representativeness; causal overclaim; figure/table clarity; novelty/significance,forest; biodiversity; climate; conservation; species; warming; ecosystem; carbon; soil; restoration,clear forest/land-use definitions; site-selection logic; independent validation; land-use history; management-confounder analysis,generalizing site-specific land-use or conservation findings globally,580,38,Nature:523; Nature Communications:34; Nature Ecology & Evolution:23,10.1038/s41467-024-46282-z; 10.1038/s41467-024-52993-0; 10.1038/s41467-024-54304-z; 10.1038/s41467-025-63246-z; 10.1038/s41467-025-65751-7; 10.1038/s41467-025-67125-5; 10.1038/s41467-025-67676-7; 10.1038/s41559-025-02664-0,Abstracted pattern generated from reviewer-comment signals; no raw reviewer text stored.
CECO-P0036,forest_land_use_conservation_gate,"Forest, land-use and conservation gate",issue_cluster,major,"For Forest, land-use and conservation gate, reviewers repeatedly flag forest/land/use/conservation when the manuscript's evidence chain does not make this point explicit enough for a broad high-impact-journal audience.",forest; tropical; conservation; deforestation; fsc; biodiversity; management; degraded; land use; protected,forest/land/use/conservation,forest; biodiversity; climate; conservation; species; warming; ecosystem; carbon,clear forest/land-use definitions; site-selection logic; independent validation; land-use history; management-confounder analysis,generalizing site-specific land-use or conservation findings globally,186,20,Nature:173; Nature Communications:11; Nature Ecology & Evolution:2,10.1038/s41467-024-52993-0; 10.1038/s41467-025-63246-z; 10.1038/s41467-025-65751-7; 10.1038/s41467-025-67125-5; 10.1038/s41559-026-03025-1; 10.1038/s41586-024-07083-y; 10.1038/s41586-024-07257-8; 10.1038/s41586-024-07629-0,"Issue cluster distilled from reviewer-comment metadata and signal terms, not from copied prose."
CECO-P0037,forest_land_use_conservation_gate,"Forest, land-use and conservation gate",issue_cluster,major,"For Forest, land-use and conservation gate, reviewers repeatedly flag policy implication when the manuscript's evidence chain does not make this point explicit enough for a broad high-impact-journal audience.",forest; tropical; conservation; deforestation; fsc; biodiversity; management; degraded; land use; protected,policy implication,forest; biodiversity; climate; conservation; species; warming; ecosystem; carbon,clear forest/land-use definitions; site-selection logic; independent validation; land-use history; management-confounder analysis,generalizing site-specific land-use or conservation findings globally,81,23,Nature:65; Nature Ecology & Evolution:10; Nature Communications:6,10.1038/s41467-024-52993-0; 10.1038/s41467-024-54304-z; 10.1038/s41467-025-65751-7; 10.1038/s41559-025-02664-0; 10.1038/s41559-025-02911-4; 10.1038/s41559-025-02966-3; 10.1038/s41559-026-03025-1; 10.1038/s41559-026-03095-1,"Issue cluster distilled from reviewer-comment metadata and signal terms, not from copied prose."
CECO-P0038,forest_land_use_conservation_gate,"Forest, land-use and conservation gate",issue_cluster,major,"For Forest, land-use and conservation gate, reviewers repeatedly flag sampling/representativeness when the manuscript's evidence chain does not make this point explicit enough for a broad high-impact-journal audience.",forest; tropical; conservation; deforestation; fsc; biodiversity; management; degraded; land use; protected,sampling/representativeness,forest; biodiversity; climate; conservation; species; warming; ecosystem; carbon,clear forest/land-use definitions; site-selection logic; independent validation; land-use history; management-confounder analysis,generalizing site-specific land-use or conservation findings globally,69,13,Nature:66; Nature Ecology & Evolution:2; Nature Communications:1,10.1038/s41467-025-67125-5; 10.1038/s41559-025-02966-3; 10.1038/s41559-026-03025-1; 10.1038/s41586-024-07083-y; 10.1038/s41586-024-07257-8; 10.1038/s41586-024-07629-0; 10.1038/s41586-024-07657-w; 10.1038/s41586-024-08106-4,"Issue cluster distilled from reviewer-comment metadata and signal terms, not from copied prose."
CECO-P0039,forest_land_use_conservation_gate,"Forest, land-use and conservation gate",issue_cluster,major,"For Forest, land-use and conservation gate, reviewers repeatedly flag causal overclaim when the manuscript's evidence chain does not make this point explicit enough for a broad high-impact-journal audience.",forest; tropical; conservation; deforestation; fsc; biodiversity; management; degraded; land use; protected,causal overclaim,forest; biodiversity; climate; conservation; species; warming; ecosystem; carbon,clear forest/land-use definitions; site-selection logic; independent validation; land-use history; management-confounder analysis,generalizing site-specific land-use or conservation findings globally,58,14,Nature:48; Nature Communications:6; Nature Ecology & Evolution:4,10.1038/s41467-024-46282-z; 10.1038/s41467-024-52993-0; 10.1038/s41467-024-54304-z; 10.1038/s41467-025-65751-7; 10.1038/s41559-026-03025-1; 10.1038/s41559-026-03095-1; 10.1038/s41586-024-07083-y; 10.1038/s41586-024-07257-8,"Issue cluster distilled from reviewer-comment metadata and signal terms, not from copied prose."
CECO-P0040,forest_land_use_conservation_gate,"Forest, land-use and conservation gate",issue_cluster,should_fix,"For Forest, land-use and conservation gate, reviewers repeatedly flag figure/table clarity when the manuscript's evidence chain does not make this point explicit enough for a broad high-impact-journal audience.",forest; tropical; conservation; deforestation; fsc; biodiversity; management; degraded; land use; protected,figure/table clarity,forest; biodiversity; climate; conservation; species; warming; ecosystem; carbon,clear forest/land-use definitions; site-selection logic; independent validation; land-use history; management-confounder analysis,generalizing site-specific land-use or conservation findings globally,52,13,Nature:47; Nature Ecology & Evolution:4; Nature Communications:1,10.1038/s41467-024-52993-0; 10.1038/s41559-026-03025-1; 10.1038/s41559-026-03095-1; 10.1038/s41586-024-07083-y; 10.1038/s41586-024-07257-8; 10.1038/s41586-024-07629-0; 10.1038/s41586-024-07657-w; 10.1038/s41586-024-08106-4,"Issue cluster distilled from reviewer-comment metadata and signal terms, not from copied prose."
CECO-P0041,model_assumption_validation_gate,Model assumptions and validation gate,abstracted_reviewer_concern,major,"Model-based claims need transparent assumptions, parameter sources, calibration/validation design, and sensitivity analyses for influential parameters.",model; fit; uncertainty; parameter; prediction; robust; validation; assumption; sensitivity; simulation; statistical model; cross-validation,uncertainty; model/assumption/validation; assumption/parameterization; validation; sampling/representativeness; figure/table clarity,forest; climate; warming; species; biodiversity; carbon; ecosystem; soil; nitrogen; wildfire,assumption table; calibration and validation split; independent observations; sensitivity analysis; uncertainty ranges,presenting model output as empirical certainty,479,48,Nature:368; Nature Communications:74; Nature Ecology & Evolution:37,10.1038/s41467-024-46263-2; 10.1038/s41467-024-48640-3; 10.1038/s41467-024-52993-0; 10.1038/s41467-025-63246-z; 10.1038/s41467-025-63428-9; 10.1038/s41467-025-65751-7; 10.1038/s41467-025-67676-7; 10.1038/s41559-025-02746-z,Abstracted pattern generated from reviewer-comment signals; no raw reviewer text stored.
CECO-P0042,model_assumption_validation_gate,Model assumptions and validation gate,abstracted_reviewer_concern,major,Predictive or process models should be evaluated against independent observations appropriate to the scale of the claim.,model; fit; uncertainty; parameter; prediction; robust; validation; assumption; sensitivity; simulation; statistical model; cross-validation,uncertainty; model/assumption/validation; assumption/parameterization; validation; sampling/representativeness; figure/table clarity,forest; climate; warming; species; biodiversity; carbon; ecosystem; soil; nitrogen; wildfire,assumption table; calibration and validation split; independent observations; sensitivity analysis; uncertainty ranges,presenting model output as empirical certainty,479,48,Nature:368; Nature Communications:74; Nature Ecology & Evolution:37,10.1038/s41467-024-46263-2; 10.1038/s41467-024-48640-3; 10.1038/s41467-024-52993-0; 10.1038/s41467-025-63246-z; 10.1038/s41467-025-63428-9; 10.1038/s41467-025-65751-7; 10.1038/s41467-025-67676-7; 10.1038/s41559-025-02746-z,Abstracted pattern generated from reviewer-comment signals; no raw reviewer text stored.
CECO-P0043,model_assumption_validation_gate,Model assumptions and validation gate,abstracted_reviewer_concern,major,Scenario or simulation conclusions should not be presented as empirical fact without uncertainty ranges and robustness checks.,model; fit; uncertainty; parameter; prediction; robust; validation; assumption; sensitivity; simulation; statistical model; cross-validation,uncertainty; model/assumption/validation; assumption/parameterization; validation; sampling/representativeness; figure/table clarity,forest; climate; warming; species; biodiversity; carbon; ecosystem; soil; nitrogen; wildfire,assumption table; calibration and validation split; independent observations; sensitivity analysis; uncertainty ranges,presenting model output as empirical certainty,479,48,Nature:368; Nature Communications:74; Nature Ecology & Evolution:37,10.1038/s41467-024-46263-2; 10.1038/s41467-024-48640-3; 10.1038/s41467-024-52993-0; 10.1038/s41467-025-63246-z; 10.1038/s41467-025-63428-9; 10.1038/s41467-025-65751-7; 10.1038/s41467-025-67676-7; 10.1038/s41559-025-02746-z,Abstracted pattern generated from reviewer-comment signals; no raw reviewer text stored.
CECO-P0044,model_assumption_validation_gate,Model assumptions and validation gate,issue_cluster,major,"For Model assumptions and validation gate, reviewers repeatedly flag uncertainty when the manuscript's evidence chain does not make this point explicit enough for a broad high-impact-journal audience.",model; fit; uncertainty; parameter; prediction; robust; validation; assumption; sensitivity; simulation,uncertainty,forest; climate; warming; species; biodiversity; carbon; ecosystem; soil,assumption table; calibration and validation split; independent observations; sensitivity analysis; uncertainty ranges,presenting model output as empirical certainty,187,42,Nature:157; Nature Communications:25; Nature Ecology & Evolution:5,10.1038/s41467-024-46263-2; 10.1038/s41467-024-48640-3; 10.1038/s41467-024-52993-0; 10.1038/s41467-025-63428-9; 10.1038/s41467-025-65751-7; 10.1038/s41467-025-67676-7; 10.1038/s41559-025-02911-4; 10.1038/s41559-025-02966-3,"Issue cluster distilled from reviewer-comment metadata and signal terms, not from copied prose."
CECO-P0045,model_assumption_validation_gate,Model assumptions and validation gate,issue_cluster,major,"For Model assumptions and validation gate, reviewers repeatedly flag model/assumption/validation when the manuscript's evidence chain does not make this point explicit enough for a broad high-impact-journal audience.",model; fit; uncertainty; parameter; prediction; robust; validation; assumption; sensitivity; simulation,model/assumption/validation,forest; climate; warming; species; biodiversity; carbon; ecosystem; soil,assumption table; calibration and validation split; independent observations; sensitivity analysis; uncertainty ranges,presenting model output as empirical certainty,86,33,Nature:58; Nature Communications:21; Nature Ecology & Evolution:7,10.1038/s41467-024-46263-2; 10.1038/s41467-024-52993-0; 10.1038/s41467-025-63246-z; 10.1038/s41467-025-63428-9; 10.1038/s41559-025-02746-z; 10.1038/s41559-025-02911-4; 10.1038/s41559-025-02966-3; 10.1038/s41586-024-07083-y,"Issue cluster distilled from reviewer-comment metadata and signal terms, not from copied prose."
CECO-P0046,model_assumption_validation_gate,Model assumptions and validation gate,issue_cluster,major,"For Model assumptions and validation gate, reviewers repeatedly flag assumption/parameterization when the manuscript's evidence chain does not make this point explicit enough for a broad high-impact-journal audience.",model; fit; uncertainty; parameter; prediction; robust; validation; assumption; sensitivity; simulation,assumption/parameterization,forest; climate; warming; species; biodiversity; carbon; ecosystem; soil,assumption table; calibration and validation split; independent observations; sensitivity analysis; uncertainty ranges,presenting model output as empirical certainty,71,26,Nature:54; Nature Communications:10; Nature Ecology & Evolution:7,10.1038/s41467-024-46263-2; 10.1038/s41467-024-52993-0; 10.1038/s41467-025-63246-z; 10.1038/s41559-025-02746-z; 10.1038/s41559-025-02966-3; 10.1038/s41586-024-07083-y; 10.1038/s41586-024-07264-9; 10.1038/s41586-024-07629-0,"Issue cluster distilled from reviewer-comment metadata and signal terms, not from copied prose."
CECO-P0047,model_assumption_validation_gate,Model assumptions and validation gate,issue_cluster,major,"For Model assumptions and validation gate, reviewers repeatedly flag validation when the manuscript's evidence chain does not make this point explicit enough for a broad high-impact-journal audience.",model; fit; uncertainty; parameter; prediction; robust; validation; assumption; sensitivity; simulation,validation,forest; climate; warming; species; biodiversity; carbon; ecosystem; soil,assumption table; calibration and validation split; independent observations; sensitivity analysis; uncertainty ranges,presenting model output as empirical certainty,31,11,Nature:23; Nature Ecology & Evolution:6; Nature Communications:2,10.1038/s41467-024-52993-0; 10.1038/s41559-025-02966-3; 10.1038/s41586-024-07264-9; 10.1038/s41586-024-07629-0; 10.1038/s41586-024-08106-4; 10.1038/s41586-024-08185-3; 10.1038/s41586-024-08313-z; 10.1038/s41586-024-08576-6,"Issue cluster distilled from reviewer-comment metadata and signal terms, not from copied prose."
CECO-P0048,model_assumption_validation_gate,Model assumptions and validation gate,issue_cluster,major,"For Model assumptions and validation gate, reviewers repeatedly flag sampling/representativeness when the manuscript's evidence chain does not make this point explicit enough for a broad high-impact-journal audience.",model; fit; uncertainty; parameter; prediction; robust; validation; assumption; sensitivity; simulation,sampling/representativeness,forest; climate; warming; species; biodiversity; carbon; ecosystem; soil,assumption table; calibration and validation split; independent observations; sensitivity analysis; uncertainty ranges,presenting model output as empirical certainty,31,14,Nature:26; Nature Communications:3; Nature Ecology & Evolution:2,10.1038/s41467-024-52993-0; 10.1038/s41467-025-63246-z; 10.1038/s41559-025-02746-z; 10.1038/s41559-026-03095-1; 10.1038/s41586-024-07657-w; 10.1038/s41586-024-08106-4; 10.1038/s41586-024-08185-3; 10.1038/s41586-024-08313-z,"Issue cluster distilled from reviewer-comment metadata and signal terms, not from copied prose."
CECO-P0049,carbon_nitrogen_cycle_gate,Carbon and nitrogen biogeochemistry gate,abstracted_reviewer_concern,major,"Carbon, nitrogen, respiration, sequestration, and emission claims need mass-balance logic, flux-vs-stock clarity, and explicit treatment of conversion factors and process assumptions.",carbon; co2; emission; flux; sink; nitrogen; ch4; respiration; sequestration; n2o; biogeochemical; soil organic,carbon/nitrogen/cycle; novelty/significance; uncertainty; figure/table clarity; causal overclaim; sampling/representativeness,carbon; climate; forest; nitrogen; wildfire; ecosystem; warming; ocean; tundra; soil,measured vs inferred flux distinction; mass-balance checks; parameter provenance; flux/stock units; sensitivity to conversion factors,treating inferred stocks/fluxes as directly measured or policy-ready quantities,446,21,Nature:436; Nature Communications:10,10.1038/s41467-024-46263-2; 10.1038/s41467-025-63246-z; 10.1038/s41586-024-07083-y; 10.1038/s41586-024-07257-8; 10.1038/s41586-024-07274-7; 10.1038/s41586-024-07629-0; 10.1038/s41586-024-07714-4; 10.1038/s41586-024-07878-z,Abstracted pattern generated from reviewer-comment signals; no raw reviewer text stored.
CECO-P0050,carbon_nitrogen_cycle_gate,Carbon and nitrogen biogeochemistry gate,abstracted_reviewer_concern,major,Biogeochemical conclusions should distinguish measured fluxes from inferred fluxes and show whether alternative parameterizations change the main result.,carbon; co2; emission; flux; sink; nitrogen; ch4; respiration; sequestration; n2o; biogeochemical; soil organic,carbon/nitrogen/cycle; novelty/significance; uncertainty; figure/table clarity; causal overclaim; sampling/representativeness,carbon; climate; forest; nitrogen; wildfire; ecosystem; warming; ocean; tundra; soil,measured vs inferred flux distinction; mass-balance checks; parameter provenance; flux/stock units; sensitivity to conversion factors,treating inferred stocks/fluxes as directly measured or policy-ready quantities,446,21,Nature:436; Nature Communications:10,10.1038/s41467-024-46263-2; 10.1038/s41467-025-63246-z; 10.1038/s41586-024-07083-y; 10.1038/s41586-024-07257-8; 10.1038/s41586-024-07274-7; 10.1038/s41586-024-07629-0; 10.1038/s41586-024-07714-4; 10.1038/s41586-024-07878-z,Abstracted pattern generated from reviewer-comment signals; no raw reviewer text stored.
CECO-P0051,carbon_nitrogen_cycle_gate,Carbon and nitrogen biogeochemistry gate,abstracted_reviewer_concern,major,Global carbon/nitrogen extrapolations need transparent scaling from site/product-level evidence to regional or global estimates.,carbon; co2; emission; flux; sink; nitrogen; ch4; respiration; sequestration; n2o; biogeochemical; soil organic,carbon/nitrogen/cycle; novelty/significance; uncertainty; figure/table clarity; causal overclaim; sampling/representativeness,carbon; climate; forest; nitrogen; wildfire; ecosystem; warming; ocean; tundra; soil,measured vs inferred flux distinction; mass-balance checks; parameter provenance; flux/stock units; sensitivity to conversion factors,treating inferred stocks/fluxes as directly measured or policy-ready quantities,446,21,Nature:436; Nature Communications:10,10.1038/s41467-024-46263-2; 10.1038/s41467-025-63246-z; 10.1038/s41586-024-07083-y; 10.1038/s41586-024-07257-8; 10.1038/s41586-024-07274-7; 10.1038/s41586-024-07629-0; 10.1038/s41586-024-07714-4; 10.1038/s41586-024-07878-z,Abstracted pattern generated from reviewer-comment signals; no raw reviewer text stored.
CECO-P0052,carbon_nitrogen_cycle_gate,Carbon and nitrogen biogeochemistry gate,issue_cluster,major,"For Carbon and nitrogen biogeochemistry gate, reviewers repeatedly flag carbon/nitrogen/cycle when the manuscript's evidence chain does not make this point explicit enough for a broad high-impact-journal audience.",carbon; co2; emission; flux; sink; nitrogen; ch4; respiration; sequestration; n2o,carbon/nitrogen/cycle,carbon; climate; forest; nitrogen; wildfire; ecosystem; warming; ocean,measured vs inferred flux distinction; mass-balance checks; parameter provenance; flux/stock units; sensitivity to conversion factors,treating inferred stocks/fluxes as directly measured or policy-ready quantities,173,20,Nature:167; Nature Communications:6,10.1038/s41467-025-63246-z; 10.1038/s41586-024-07083-y; 10.1038/s41586-024-07257-8; 10.1038/s41586-024-07274-7; 10.1038/s41586-024-07629-0; 10.1038/s41586-024-07714-4; 10.1038/s41586-024-07878-z; 10.1038/s41586-024-08106-4,"Issue cluster distilled from reviewer-comment metadata and signal terms, not from copied prose."
CECO-P0053,carbon_nitrogen_cycle_gate,Carbon and nitrogen biogeochemistry gate,issue_cluster,major,"For Carbon and nitrogen biogeochemistry gate, reviewers repeatedly flag novelty/significance when the manuscript's evidence chain does not make this point explicit enough for a broad high-impact-journal audience.",carbon; co2; emission; flux; sink; nitrogen; ch4; respiration; sequestration; n2o,novelty/significance,carbon; climate; forest; nitrogen; wildfire; ecosystem; warming; ocean,measured vs inferred flux distinction; mass-balance checks; parameter provenance; flux/stock units; sensitivity to conversion factors,treating inferred stocks/fluxes as directly measured or policy-ready quantities,57,16,Nature:55; Nature Communications:2,10.1038/s41467-024-46263-2; 10.1038/s41586-024-07083-y; 10.1038/s41586-024-07629-0; 10.1038/s41586-024-07714-4; 10.1038/s41586-024-07878-z; 10.1038/s41586-024-08106-4; 10.1038/s41586-024-08191-5; 10.1038/s41586-025-09023-w,"Issue cluster distilled from reviewer-comment metadata and signal terms, not from copied prose."
CECO-P0054,carbon_nitrogen_cycle_gate,Carbon and nitrogen biogeochemistry gate,issue_cluster,major,"For Carbon and nitrogen biogeochemistry gate, reviewers repeatedly flag uncertainty when the manuscript's evidence chain does not make this point explicit enough for a broad high-impact-journal audience.",carbon; co2; emission; flux; sink; nitrogen; ch4; respiration; sequestration; n2o,uncertainty,carbon; climate; forest; nitrogen; wildfire; ecosystem; warming; ocean,measured vs inferred flux distinction; mass-balance checks; parameter provenance; flux/stock units; sensitivity to conversion factors,treating inferred stocks/fluxes as directly measured or policy-ready quantities,53,11,Nature:53,10.1038/s41586-024-07083-y; 10.1038/s41586-024-07714-4; 10.1038/s41586-024-07878-z; 10.1038/s41586-024-08106-4; 10.1038/s41586-025-09023-w; 10.1038/s41586-025-09423-y; 10.1038/s41586-025-09802-5; 10.1038/s41586-025-09806-1,"Issue cluster distilled from reviewer-comment metadata and signal terms, not from copied prose."
CECO-P0055,carbon_nitrogen_cycle_gate,Carbon and nitrogen biogeochemistry gate,issue_cluster,should_fix,"For Carbon and nitrogen biogeochemistry gate, reviewers repeatedly flag figure/table clarity when the manuscript's evidence chain does not make this point explicit enough for a broad high-impact-journal audience.",carbon; co2; emission; flux; sink; nitrogen; ch4; respiration; sequestration; n2o,figure/table clarity,carbon; climate; forest; nitrogen; wildfire; ecosystem; warming; ocean,measured vs inferred flux distinction; mass-balance checks; parameter provenance; flux/stock units; sensitivity to conversion factors,treating inferred stocks/fluxes as directly measured or policy-ready quantities,42,11,Nature:42,10.1038/s41586-024-07083-y; 10.1038/s41586-024-07714-4; 10.1038/s41586-024-07878-z; 10.1038/s41586-024-08106-4; 10.1038/s41586-025-09023-w; 10.1038/s41586-025-09423-y; 10.1038/s41586-025-09802-5; 10.1038/s41586-025-09806-1,"Issue cluster distilled from reviewer-comment metadata and signal terms, not from copied prose."
CECO-P0056,carbon_nitrogen_cycle_gate,Carbon and nitrogen biogeochemistry gate,issue_cluster,major,"For Carbon and nitrogen biogeochemistry gate, reviewers repeatedly flag causal overclaim when the manuscript's evidence chain does not make this point explicit enough for a broad high-impact-journal audience.",carbon; co2; emission; flux; sink; nitrogen; ch4; respiration; sequestration; n2o,causal overclaim,carbon; climate; forest; nitrogen; wildfire; ecosystem; warming; ocean,measured vs inferred flux distinction; mass-balance checks; parameter provenance; flux/stock units; sensitivity to conversion factors,treating inferred stocks/fluxes as directly measured or policy-ready quantities,40,13,Nature:39; Nature Communications:1,10.1038/s41467-025-63246-z; 10.1038/s41586-024-07083-y; 10.1038/s41586-024-07714-4; 10.1038/s41586-024-07878-z; 10.1038/s41586-024-08106-4; 10.1038/s41586-024-08191-5; 10.1038/s41586-025-09023-w; 10.1038/s41586-025-09423-y,"Issue cluster distilled from reviewer-comment metadata and signal terms, not from copied prose."
CECO-P0057,mechanism_claim_gate,Mechanistic explanation and causal language gate,abstracted_reviewer_concern,major,Mechanistic explanations should be supported by direct evidence or explicitly labelled as hypotheses when only inferred from patterns.,cause; because; drive; explain; driver; process; feedback; mechanism; pathway; causal; mediator,causal overclaim; mechanism/claim; sampling/representativeness; uncertainty; assumption/parameterization; figure/table clarity,forest; climate; biodiversity; species; warming; ecosystem; carbon; nitrogen; soil; conservation,direct mechanism evidence; alternative explanations; causal language calibration; pathway tests,using mechanism or driver language without distinguishing hypothesis from evidence,389,55,Nature:289; Nature Communications:64; Nature Ecology & Evolution:36,10.1038/s41467-024-46263-2; 10.1038/s41467-024-46282-z; 10.1038/s41467-024-48640-3; 10.1038/s41467-024-52993-0; 10.1038/s41467-024-54304-z; 10.1038/s41467-025-59974-x; 10.1038/s41467-025-63246-z; 10.1038/s41467-025-63428-9,Abstracted pattern generated from reviewer-comment signals; no raw reviewer text stored.
CECO-P0058,mechanism_claim_gate,Mechanistic explanation and causal language gate,abstracted_reviewer_concern,major,"Driver language should distinguish observed association, plausible mechanism, and demonstrated causal pathway.",cause; because; drive; explain; driver; process; feedback; mechanism; pathway; causal; mediator,causal overclaim; mechanism/claim; sampling/representativeness; uncertainty; assumption/parameterization; figure/table clarity,forest; climate; biodiversity; species; warming; ecosystem; carbon; nitrogen; soil; conservation,direct mechanism evidence; alternative explanations; causal language calibration; pathway tests,using mechanism or driver language without distinguishing hypothesis from evidence,389,55,Nature:289; Nature Communications:64; Nature Ecology & Evolution:36,10.1038/s41467-024-46263-2; 10.1038/s41467-024-46282-z; 10.1038/s41467-024-48640-3; 10.1038/s41467-024-52993-0; 10.1038/s41467-024-54304-z; 10.1038/s41467-025-59974-x; 10.1038/s41467-025-63246-z; 10.1038/s41467-025-63428-9,Abstracted pattern generated from reviewer-comment signals; no raw reviewer text stored.
CECO-P0059,mechanism_claim_gate,Mechanistic explanation and causal language gate,abstracted_reviewer_concern,major,"If multiple mechanisms could produce the observed pattern, the manuscript should test or discuss alternatives.",cause; because; drive; explain; driver; process; feedback; mechanism; pathway; causal; mediator,causal overclaim; mechanism/claim; sampling/representativeness; uncertainty; assumption/parameterization; figure/table clarity,forest; climate; biodiversity; species; warming; ecosystem; carbon; nitrogen; soil; conservation,direct mechanism evidence; alternative explanations; causal language calibration; pathway tests,using mechanism or driver language without distinguishing hypothesis from evidence,389,55,Nature:289; Nature Communications:64; Nature Ecology & Evolution:36,10.1038/s41467-024-46263-2; 10.1038/s41467-024-46282-z; 10.1038/s41467-024-48640-3; 10.1038/s41467-024-52993-0; 10.1038/s41467-024-54304-z; 10.1038/s41467-025-59974-x; 10.1038/s41467-025-63246-z; 10.1038/s41467-025-63428-9,Abstracted pattern generated from reviewer-comment signals; no raw reviewer text stored.
CECO-P0060,mechanism_claim_gate,Mechanistic explanation and causal language gate,issue_cluster,major,"For Mechanistic explanation and causal language gate, reviewers repeatedly flag causal overclaim when the manuscript's evidence chain does not make this point explicit enough for a broad high-impact-journal audience.",cause; because; drive; explain; driver; process; feedback; mechanism; pathway; causal,causal overclaim,forest; climate; biodiversity; species; warming; ecosystem; carbon; nitrogen,direct mechanism evidence; alternative explanations; causal language calibration; pathway tests,using mechanism or driver language without distinguishing hypothesis from evidence,228,44,Nature:154; Nature Communications:42; Nature Ecology & Evolution:32,10.1038/s41467-024-46263-2; 10.1038/s41467-024-46282-z; 10.1038/s41467-024-48640-3; 10.1038/s41467-024-52993-0; 10.1038/s41467-024-54304-z; 10.1038/s41467-025-63246-z; 10.1038/s41467-025-63428-9; 10.1038/s41467-025-67125-5,"Issue cluster distilled from reviewer-comment metadata and signal terms, not from copied prose."
CECO-P0061,mechanism_claim_gate,Mechanistic explanation and causal language gate,issue_cluster,major,"For Mechanistic explanation and causal language gate, reviewers repeatedly flag mechanism/claim when the manuscript's evidence chain does not make this point explicit enough for a broad high-impact-journal audience.",cause; because; drive; explain; driver; process; feedback; mechanism; pathway; causal,mechanism/claim,forest; climate; biodiversity; species; warming; ecosystem; carbon; nitrogen,direct mechanism evidence; alternative explanations; causal language calibration; pathway tests,using mechanism or driver language without distinguishing hypothesis from evidence,54,29,Nature:43; Nature Communications:10; Nature Ecology & Evolution:1,10.1038/s41467-024-48640-3; 10.1038/s41467-024-52993-0; 10.1038/s41467-025-59974-x; 10.1038/s41467-025-63246-z; 10.1038/s41467-025-63428-9; 10.1038/s41467-025-68187-1; 10.1038/s41559-026-03095-1; 10.1038/s41586-024-07083-y,"Issue cluster distilled from reviewer-comment metadata and signal terms, not from copied prose."
CECO-P0062,mechanism_claim_gate,Mechanistic explanation and causal language gate,issue_cluster,major,"For Mechanistic explanation and causal language gate, reviewers repeatedly flag sampling/representativeness when the manuscript's evidence chain does not make this point explicit enough for a broad high-impact-journal audience.",cause; because; drive; explain; driver; process; feedback; mechanism; pathway; causal,sampling/representativeness,forest; climate; biodiversity; species; warming; ecosystem; carbon; nitrogen,direct mechanism evidence; alternative explanations; causal language calibration; pathway tests,using mechanism or driver language without distinguishing hypothesis from evidence,54,25,Nature:45; Nature Communications:7; Nature Ecology & Evolution:2,10.1038/s41467-024-48640-3; 10.1038/s41467-025-63246-z; 10.1038/s41559-025-02911-4; 10.1038/s41586-024-07257-8; 10.1038/s41586-024-07264-9; 10.1038/s41586-024-07657-w; 10.1038/s41586-024-07878-z; 10.1038/s41586-024-08174-6,"Issue cluster distilled from reviewer-comment metadata and signal terms, not from copied prose."
CECO-P0063,mechanism_claim_gate,Mechanistic explanation and causal language gate,issue_cluster,major,"For Mechanistic explanation and causal language gate, reviewers repeatedly flag uncertainty when the manuscript's evidence chain does not make this point explicit enough for a broad high-impact-journal audience.",cause; because; drive; explain; driver; process; feedback; mechanism; pathway; causal,uncertainty,forest; climate; biodiversity; species; warming; ecosystem; carbon; nitrogen,direct mechanism evidence; alternative explanations; causal language calibration; pathway tests,using mechanism or driver language without distinguishing hypothesis from evidence,21,16,Nature:15; Nature Communications:5; Nature Ecology & Evolution:1,10.1038/s41467-024-46263-2; 10.1038/s41467-024-46282-z; 10.1038/s41467-024-54304-z; 10.1038/s41467-025-63246-z; 10.1038/s41559-026-03095-1; 10.1038/s41586-024-07264-9; 10.1038/s41586-024-07274-7; 10.1038/s41586-024-07629-0,"Issue cluster distilled from reviewer-comment metadata and signal terms, not from copied prose."
CECO-P0064,mechanism_claim_gate,Mechanistic explanation and causal language gate,issue_cluster,major,"For Mechanistic explanation and causal language gate, reviewers repeatedly flag assumption/parameterization when the manuscript's evidence chain does not make this point explicit enough for a broad high-impact-journal audience.",cause; because; drive; explain; driver; process; feedback; mechanism; pathway; causal,assumption/parameterization,forest; climate; biodiversity; species; warming; ecosystem; carbon; nitrogen,direct mechanism evidence; alternative explanations; causal language calibration; pathway tests,using mechanism or driver language without distinguishing hypothesis from evidence,17,10,Nature:17,10.1038/s41586-024-07083-y; 10.1038/s41586-024-07629-0; 10.1038/s41586-024-07714-4; 10.1038/s41586-024-08313-z; 10.1038/s41586-025-08665-0; 10.1038/s41586-025-09450-9; 10.1038/s41586-025-09806-1; 10.1038/s41586-026-10456-0,"Issue cluster distilled from reviewer-comment metadata and signal terms, not from copied prose."
CECO-P0065,novelty_scope_gate,"Novelty, scope and Nature-level significance gate",abstracted_reviewer_concern,major,"A Nature-level manuscript must state the conceptual advance beyond known patterns, not only provide a larger dataset or familiar result.",new; nature; general; impact; interesting; significant; substantial; novel; broad; importance; advance; scope,novelty/significance; novelty/scope; uncertainty; definition/scope; sampling/representativeness; figure/table clarity,forest; climate; biodiversity; species; warming; ecosystem; carbon; soil; conservation; ocean,explicit conceptual advance; comparison with prior work; scope-limited claims; broad-interest framing,overselling incremental or context-specific findings as general advances,377,53,Nature:271; Nature Communications:54; Nature Ecology & Evolution:52,10.1038/s41467-024-46263-2; 10.1038/s41467-024-46282-z; 10.1038/s41467-024-48640-3; 10.1038/s41467-024-52993-0; 10.1038/s41467-024-54304-z; 10.1038/s41467-025-59974-x; 10.1038/s41467-025-63246-z; 10.1038/s41467-025-67676-7,Abstracted pattern generated from reviewer-comment signals; no raw reviewer text stored.
CECO-P0066,novelty_scope_gate,"Novelty, scope and Nature-level significance gate",abstracted_reviewer_concern,major,"The title, abstract, and discussion should avoid over-generalizing beyond the system, time period, taxa, or model domain actually studied.",new; nature; general; impact; interesting; significant; substantial; novel; broad; importance; advance; scope,novelty/significance; novelty/scope; uncertainty; definition/scope; sampling/representativeness; figure/table clarity,forest; climate; biodiversity; species; warming; ecosystem; carbon; soil; conservation; ocean,explicit conceptual advance; comparison with prior work; scope-limited claims; broad-interest framing,overselling incremental or context-specific findings as general advances,377,53,Nature:271; Nature Communications:54; Nature Ecology & Evolution:52,10.1038/s41467-024-46263-2; 10.1038/s41467-024-46282-z; 10.1038/s41467-024-48640-3; 10.1038/s41467-024-52993-0; 10.1038/s41467-024-54304-z; 10.1038/s41467-025-59974-x; 10.1038/s41467-025-63246-z; 10.1038/s41467-025-67676-7,Abstracted pattern generated from reviewer-comment signals; no raw reviewer text stored.
CECO-P0067,novelty_scope_gate,"Novelty, scope and Nature-level significance gate",abstracted_reviewer_concern,major,The manuscript should explain why the result changes understanding rather than merely confirming expectations.,new; nature; general; impact; interesting; significant; substantial; novel; broad; importance; advance; scope,novelty/significance; novelty/scope; uncertainty; definition/scope; sampling/representativeness; figure/table clarity,forest; climate; biodiversity; species; warming; ecosystem; carbon; soil; conservation; ocean,explicit conceptual advance; comparison with prior work; scope-limited claims; broad-interest framing,overselling incremental or context-specific findings as general advances,377,53,Nature:271; Nature Communications:54; Nature Ecology & Evolution:52,10.1038/s41467-024-46263-2; 10.1038/s41467-024-46282-z; 10.1038/s41467-024-48640-3; 10.1038/s41467-024-52993-0; 10.1038/s41467-024-54304-z; 10.1038/s41467-025-59974-x; 10.1038/s41467-025-63246-z; 10.1038/s41467-025-67676-7,Abstracted pattern generated from reviewer-comment signals; no raw reviewer text stored.
CECO-P0068,novelty_scope_gate,"Novelty, scope and Nature-level significance gate",issue_cluster,major,"For Novelty, scope and Nature-level significance gate, reviewers repeatedly flag novelty/significance when the manuscript's evidence chain does not make this point explicit enough for a broad high-impact-journal audience.",new; nature; general; impact; interesting; significant; substantial; novel; broad; importance,novelty/significance,forest; climate; biodiversity; species; warming; ecosystem; carbon; soil,explicit conceptual advance; comparison with prior work; scope-limited claims; broad-interest framing,overselling incremental or context-specific findings as general advances,134,43,Nature:89; Nature Ecology & Evolution:27; Nature Communications:18,10.1038/s41467-024-46263-2; 10.1038/s41467-024-48640-3; 10.1038/s41467-024-52993-0; 10.1038/s41467-024-54304-z; 10.1038/s41467-025-63246-z; 10.1038/s41467-025-68187-1; 10.1038/s41559-025-02664-0; 10.1038/s41559-025-02746-z,"Issue cluster distilled from reviewer-comment metadata and signal terms, not from copied prose."
CECO-P0069,novelty_scope_gate,"Novelty, scope and Nature-level significance gate",issue_cluster,major,"For Novelty, scope and Nature-level significance gate, reviewers repeatedly flag novelty/scope when the manuscript's evidence chain does not make this point explicit enough for a broad high-impact-journal audience.",new; nature; general; impact; interesting; significant; substantial; novel; broad; importance,novelty/scope,forest; climate; biodiversity; species; warming; ecosystem; carbon; soil,explicit conceptual advance; comparison with prior work; scope-limited claims; broad-interest framing,overselling incremental or context-specific findings as general advances,106,36,Nature:80; Nature Communications:15; Nature Ecology & Evolution:11,10.1038/s41467-024-46263-2; 10.1038/s41467-024-52993-0; 10.1038/s41467-025-63246-z; 10.1038/s41467-025-68187-1; 10.1038/s41559-025-02746-z; 10.1038/s41559-025-02911-4; 10.1038/s41559-025-02966-3; 10.1038/s41559-026-03025-1,"Issue cluster distilled from reviewer-comment metadata and signal terms, not from copied prose."
CECO-P0070,novelty_scope_gate,"Novelty, scope and Nature-level significance gate",issue_cluster,major,"For Novelty, scope and Nature-level significance gate, reviewers repeatedly flag uncertainty when the manuscript's evidence chain does not make this point explicit enough for a broad high-impact-journal audience.",new; nature; general; impact; interesting; significant; substantial; novel; broad; importance,uncertainty,forest; climate; biodiversity; species; warming; ecosystem; carbon; soil,explicit conceptual advance; comparison with prior work; scope-limited claims; broad-interest framing,overselling incremental or context-specific findings as general advances,32,22,Nature:27; Nature Communications:3; Nature Ecology & Evolution:2,10.1038/s41467-024-46282-z; 10.1038/s41467-024-52993-0; 10.1038/s41467-025-59974-x; 10.1038/s41559-025-02664-0; 10.1038/s41586-024-07264-9; 10.1038/s41586-024-07629-0; 10.1038/s41586-024-07657-w; 10.1038/s41586-024-08313-z,"Issue cluster distilled from reviewer-comment metadata and signal terms, not from copied prose."
CECO-P0071,novelty_scope_gate,"Novelty, scope and Nature-level significance gate",issue_cluster,should_fix,"For Novelty, scope and Nature-level significance gate, reviewers repeatedly flag definition/scope when the manuscript's evidence chain does not make this point explicit enough for a broad high-impact-journal audience.",new; nature; general; impact; interesting; significant; substantial; novel; broad; importance,definition/scope,forest; climate; biodiversity; species; warming; ecosystem; carbon; soil,explicit conceptual advance; comparison with prior work; scope-limited claims; broad-interest framing,overselling incremental or context-specific findings as general advances,26,15,Nature:20; Nature Communications:3; Nature Ecology & Evolution:3,10.1038/s41467-024-52993-0; 10.1038/s41467-024-54304-z; 10.1038/s41559-025-02746-z; 10.1038/s41559-026-03095-1; 10.1038/s41586-024-07083-y; 10.1038/s41586-024-07629-0; 10.1038/s41586-024-08106-4; 10.1038/s41586-024-08174-6,"Issue cluster distilled from reviewer-comment metadata and signal terms, not from copied prose."
CECO-P0072,novelty_scope_gate,"Novelty, scope and Nature-level significance gate",issue_cluster,major,"For Novelty, scope and Nature-level significance gate, reviewers repeatedly flag sampling/representativeness when the manuscript's evidence chain does not make this point explicit enough for a broad high-impact-journal audience.",new; nature; general; impact; interesting; significant; substantial; novel; broad; importance,sampling/representativeness,forest; climate; biodiversity; species; warming; ecosystem; carbon; soil,explicit conceptual advance; comparison with prior work; scope-limited claims; broad-interest framing,overselling incremental or context-specific findings as general advances,22,15,Nature:12; Nature Communications:9; Nature Ecology & Evolution:1,10.1038/s41467-024-46263-2; 10.1038/s41467-024-48640-3; 10.1038/s41467-024-52993-0; 10.1038/s41467-025-63246-z; 10.1038/s41467-025-67676-7; 10.1038/s41559-025-02911-4; 10.1038/s41586-024-07274-7; 10.1038/s41586-024-07629-0,"Issue cluster distilled from reviewer-comment metadata and signal terms, not from copied prose."
CECO-P0073,observational_product_uncertainty_gate,Observational product and measurement uncertainty gate,abstracted_reviewer_concern,major,Observation-product claims require evidence that the measured or remotely sensed variable validly represents the ecological or climate quantity being inferred.,error; dataset; product; observation; map; uncertainty; accuracy; remote sensing; detection; measurement; satellite; classification,uncertainty; observational/product/uncertainty; figure/table clarity; sampling/representativeness; novelty/significance; validation,forest; biodiversity; climate; species; carbon; wildfire; warming; ecosystem; soil; tundra,product validation; measurement bias; classification accuracy; spatially explicit uncertainty; sensor/dataset-change checks,treating observation products as ground truth without validation,217,37,Nature:189; Nature Communications:16; Nature Ecology & Evolution:12,10.1038/s41467-024-46263-2; 10.1038/s41467-024-52993-0; 10.1038/s41467-024-54304-z; 10.1038/s41467-025-63246-z; 10.1038/s41467-025-65751-7; 10.1038/s41467-025-67676-7; 10.1038/s41559-025-02966-3; 10.1038/s41559-026-03025-1,Abstracted pattern generated from reviewer-comment signals; no raw reviewer text stored.
CECO-P0074,observational_product_uncertainty_gate,Observational product and measurement uncertainty gate,abstracted_reviewer_concern,major,"Maps, inventories, classifications, and satellite products should report accuracy, bias, false positives/negatives, and spatially explicit uncertainty.",error; dataset; product; observation; map; uncertainty; accuracy; remote sensing; detection; measurement; satellite; classification,uncertainty; observational/product/uncertainty; figure/table clarity; sampling/representativeness; novelty/significance; validation,forest; biodiversity; climate; species; carbon; wildfire; warming; ecosystem; soil; tundra,product validation; measurement bias; classification accuracy; spatially explicit uncertainty; sensor/dataset-change checks,treating observation products as ground truth without validation,217,37,Nature:189; Nature Communications:16; Nature Ecology & Evolution:12,10.1038/s41467-024-46263-2; 10.1038/s41467-024-52993-0; 10.1038/s41467-024-54304-z; 10.1038/s41467-025-63246-z; 10.1038/s41467-025-65751-7; 10.1038/s41467-025-67676-7; 10.1038/s41559-025-02966-3; 10.1038/s41559-026-03025-1,Abstracted pattern generated from reviewer-comment signals; no raw reviewer text stored.
CECO-P0075,observational_product_uncertainty_gate,Observational product and measurement uncertainty gate,abstracted_reviewer_concern,major,Product intercomparison or historical reconstruction should address sensor/product changes and out-of-domain regions.,error; dataset; product; observation; map; uncertainty; accuracy; remote sensing; detection; measurement; satellite; classification,uncertainty; observational/product/uncertainty; figure/table clarity; sampling/representativeness; novelty/significance; validation,forest; biodiversity; climate; species; carbon; wildfire; warming; ecosystem; soil; tundra,product validation; measurement bias; classification accuracy; spatially explicit uncertainty; sensor/dataset-change checks,treating observation products as ground truth without validation,217,37,Nature:189; Nature Communications:16; Nature Ecology & Evolution:12,10.1038/s41467-024-46263-2; 10.1038/s41467-024-52993-0; 10.1038/s41467-024-54304-z; 10.1038/s41467-025-63246-z; 10.1038/s41467-025-65751-7; 10.1038/s41467-025-67676-7; 10.1038/s41559-025-02966-3; 10.1038/s41559-026-03025-1,Abstracted pattern generated from reviewer-comment signals; no raw reviewer text stored.
CECO-P0076,observational_product_uncertainty_gate,Observational product and measurement uncertainty gate,issue_cluster,major,"For Observational product and measurement uncertainty gate, reviewers repeatedly flag uncertainty when the manuscript's evidence chain does not make this point explicit enough for a broad high-impact-journal audience.",error; dataset; product; observation; map; uncertainty; accuracy; remote sensing; detection; measurement,uncertainty,forest; biodiversity; climate; species; carbon; wildfire; warming; ecosystem,product validation; measurement bias; classification accuracy; spatially explicit uncertainty; sensor/dataset-change checks,treating observation products as ground truth without validation,83,25,Nature:79; Nature Communications:4,10.1038/s41467-024-52993-0; 10.1038/s41467-025-63246-z; 10.1038/s41467-025-67676-7; 10.1038/s41586-024-07257-8; 10.1038/s41586-024-07264-9; 10.1038/s41586-024-07274-7; 10.1038/s41586-024-07629-0; 10.1038/s41586-024-07825-y,"Issue cluster distilled from reviewer-comment metadata and signal terms, not from copied prose."
CECO-P0077,observational_product_uncertainty_gate,Observational product and measurement uncertainty gate,issue_cluster,major,"For Observational product and measurement uncertainty gate, reviewers repeatedly flag observational/product/uncertainty when the manuscript's evidence chain does not make this point explicit enough for a broad high-impact-journal audience.",error; dataset; product; observation; map; uncertainty; accuracy; remote sensing; detection; measurement,observational/product/uncertainty,forest; biodiversity; climate; species; carbon; wildfire; warming; ecosystem,product validation; measurement bias; classification accuracy; spatially explicit uncertainty; sensor/dataset-change checks,treating observation products as ground truth without validation,70,21,Nature:58; Nature Communications:8; Nature Ecology & Evolution:4,10.1038/s41467-024-46263-2; 10.1038/s41467-024-52993-0; 10.1038/s41467-025-63246-z; 10.1038/s41559-025-02966-3; 10.1038/s41586-024-07083-y; 10.1038/s41586-024-07257-8; 10.1038/s41586-024-07264-9; 10.1038/s41586-024-07629-0,"Issue cluster distilled from reviewer-comment metadata and signal terms, not from copied prose."
CECO-P0078,observational_product_uncertainty_gate,Observational product and measurement uncertainty gate,issue_cluster,should_fix,"For Observational product and measurement uncertainty gate, reviewers repeatedly flag figure/table clarity when the manuscript's evidence chain does not make this point explicit enough for a broad high-impact-journal audience.",error; dataset; product; observation; map; uncertainty; accuracy; remote sensing; detection; measurement,figure/table clarity,forest; biodiversity; climate; species; carbon; wildfire; warming; ecosystem,product validation; measurement bias; classification accuracy; spatially explicit uncertainty; sensor/dataset-change checks,treating observation products as ground truth without validation,16,14,Nature:13; Nature Communications:2; Nature Ecology & Evolution:1,10.1038/s41467-024-54304-z; 10.1038/s41467-025-63246-z; 10.1038/s41559-026-03025-1; 10.1038/s41586-024-07257-8; 10.1038/s41586-024-07264-9; 10.1038/s41586-024-07629-0; 10.1038/s41586-024-07825-y; 10.1038/s41586-024-07878-z,"Issue cluster distilled from reviewer-comment metadata and signal terms, not from copied prose."
CECO-P0079,observational_product_uncertainty_gate,Observational product and measurement uncertainty gate,issue_cluster,major,"For Observational product and measurement uncertainty gate, reviewers repeatedly flag sampling/representativeness when the manuscript's evidence chain does not make this point explicit enough for a broad high-impact-journal audience.",error; dataset; product; observation; map; uncertainty; accuracy; remote sensing; detection; measurement,sampling/representativeness,forest; biodiversity; climate; species; carbon; wildfire; warming; ecosystem,product validation; measurement bias; classification accuracy; spatially explicit uncertainty; sensor/dataset-change checks,treating observation products as ground truth without validation,11,7,Nature:11,10.1038/s41586-024-07257-8; 10.1038/s41586-024-07264-9; 10.1038/s41586-024-08106-4; 10.1038/s41586-025-08946-8; 10.1038/s41586-025-09439-4; 10.1038/s41586-025-09781-7; 10.1038/s41586-026-10551-2,"Issue cluster distilled from reviewer-comment metadata and signal terms, not from copied prose."
CECO-P0080,observational_product_uncertainty_gate,Observational product and measurement uncertainty gate,issue_cluster,major,"For Observational product and measurement uncertainty gate, reviewers repeatedly flag novelty/significance when the manuscript's evidence chain does not make this point explicit enough for a broad high-impact-journal audience.",error; dataset; product; observation; map; uncertainty; accuracy; remote sensing; detection; measurement,novelty/significance,forest; biodiversity; climate; species; carbon; wildfire; warming; ecosystem,product validation; measurement bias; classification accuracy; spatially explicit uncertainty; sensor/dataset-change checks,treating observation products as ground truth without validation,11,8,Nature:9; Nature Communications:1; Nature Ecology & Evolution:1,10.1038/s41467-024-52993-0; 10.1038/s41559-026-03025-1; 10.1038/s41586-024-07629-0; 10.1038/s41586-024-08106-4; 10.1038/s41586-024-08313-z; 10.1038/s41586-025-09085-w; 10.1038/s41586-025-09806-1; 10.1038/s41586-026-10551-2,"Issue cluster distilled from reviewer-comment metadata and signal terms, not from copied prose."
CECO-P0081,statistical_inference_gate,Statistical inference and uncertainty gate,abstracted_reviewer_concern,major,"Statistical inference should match the sampling design, including spatial/temporal autocorrelation, hierarchical structure, multiple testing, and effect-size interpretation.",statistical; variance; effect size; sample size; regression; random effect; significance; correlation; confidence; p-value; mixed model; bootstrap,statistical/inference; uncertainty; sampling/representativeness; novelty/significance; figure/table clarity; data/code reproducibility,forest; biodiversity; soil; climate; species; ecosystem; conservation; warming; carbon; tundra,model-design alignment; autocorrelation handling; effect sizes; multiple testing; robust alternatives,confusing statistical significance with ecological importance,96,30,Nature:72; Nature Ecology & Evolution:14; Nature Communications:10,10.1038/s41467-024-52993-0; 10.1038/s41467-024-54304-z; 10.1038/s41467-025-59974-x; 10.1038/s41467-025-63246-z; 10.1038/s41467-025-63428-9; 10.1038/s41559-025-02911-4; 10.1038/s41559-026-03095-1; 10.1038/s41586-024-07257-8,Abstracted pattern generated from reviewer-comment signals; no raw reviewer text stored.
CECO-P0082,statistical_inference_gate,Statistical inference and uncertainty gate,abstracted_reviewer_concern,major,"Uncertainty intervals should propagate measurement, model, and sampling uncertainty rather than only reporting fitted-model error.",statistical; variance; effect size; sample size; regression; random effect; significance; correlation; confidence; p-value; mixed model; bootstrap,statistical/inference; uncertainty; sampling/representativeness; novelty/significance; figure/table clarity; data/code reproducibility,forest; biodiversity; soil; climate; species; ecosystem; conservation; warming; carbon; tundra,model-design alignment; autocorrelation handling; effect sizes; multiple testing; robust alternatives,confusing statistical significance with ecological importance,96,30,Nature:72; Nature Ecology & Evolution:14; Nature Communications:10,10.1038/s41467-024-52993-0; 10.1038/s41467-024-54304-z; 10.1038/s41467-025-59974-x; 10.1038/s41467-025-63246-z; 10.1038/s41467-025-63428-9; 10.1038/s41559-025-02911-4; 10.1038/s41559-026-03095-1; 10.1038/s41586-024-07257-8,Abstracted pattern generated from reviewer-comment signals; no raw reviewer text stored.
CECO-P0083,statistical_inference_gate,Statistical inference and uncertainty gate,abstracted_reviewer_concern,major,"Claims of difference, threshold, or nonlinear response need robustness to model specification and data leverage points.",statistical; variance; effect size; sample size; regression; random effect; significance; correlation; confidence; p-value; mixed model; bootstrap,statistical/inference; uncertainty; sampling/representativeness; novelty/significance; figure/table clarity; data/code reproducibility,forest; biodiversity; soil; climate; species; ecosystem; conservation; warming; carbon; tundra,model-design alignment; autocorrelation handling; effect sizes; multiple testing; robust alternatives,confusing statistical significance with ecological importance,96,30,Nature:72; Nature Ecology & Evolution:14; Nature Communications:10,10.1038/s41467-024-52993-0; 10.1038/s41467-024-54304-z; 10.1038/s41467-025-59974-x; 10.1038/s41467-025-63246-z; 10.1038/s41467-025-63428-9; 10.1038/s41559-025-02911-4; 10.1038/s41559-026-03095-1; 10.1038/s41586-024-07257-8,Abstracted pattern generated from reviewer-comment signals; no raw reviewer text stored.
CECO-P0084,statistical_inference_gate,Statistical inference and uncertainty gate,issue_cluster,major,"For Statistical inference and uncertainty gate, reviewers repeatedly flag statistical/inference when the manuscript's evidence chain does not make this point explicit enough for a broad high-impact-journal audience.",statistical; variance; effect size; sample size; regression; random effect; significance; correlation; confidence; p-value,statistical/inference,forest; biodiversity; soil; climate; species; ecosystem; conservation; warming,model-design alignment; autocorrelation handling; effect sizes; multiple testing; robust alternatives,confusing statistical significance with ecological importance,27,16,Nature:19; Nature Communications:6; Nature Ecology & Evolution:2,10.1038/s41467-024-52993-0; 10.1038/s41467-025-59974-x; 10.1038/s41467-025-63246-z; 10.1038/s41467-025-63428-9; 10.1038/s41559-025-02911-4; 10.1038/s41559-026-03095-1; 10.1038/s41586-024-07257-8; 10.1038/s41586-024-07629-0,"Issue cluster distilled from reviewer-comment metadata and signal terms, not from copied prose."
CECO-P0085,statistical_inference_gate,Statistical inference and uncertainty gate,issue_cluster,major,"For Statistical inference and uncertainty gate, reviewers repeatedly flag uncertainty when the manuscript's evidence chain does not make this point explicit enough for a broad high-impact-journal audience.",statistical; variance; effect size; sample size; regression; random effect; significance; correlation; confidence; p-value,uncertainty,forest; biodiversity; soil; climate; species; ecosystem; conservation; warming,model-design alignment; autocorrelation handling; effect sizes; multiple testing; robust alternatives,confusing statistical significance with ecological importance,22,10,Nature:17; Nature Ecology & Evolution:5,10.1038/s41559-026-03095-1; 10.1038/s41586-024-07629-0; 10.1038/s41586-024-08576-6; 10.1038/s41586-025-08665-0; 10.1038/s41586-025-09023-w; 10.1038/s41586-025-09781-7; 10.1038/s41586-025-09802-5; 10.1038/s41586-026-10365-2,"Issue cluster distilled from reviewer-comment metadata and signal terms, not from copied prose."
CECO-P0086,statistical_inference_gate,Statistical inference and uncertainty gate,issue_cluster,major,"For Statistical inference and uncertainty gate, reviewers repeatedly flag sampling/representativeness when the manuscript's evidence chain does not make this point explicit enough for a broad high-impact-journal audience.",statistical; variance; effect size; sample size; regression; random effect; significance; correlation; confidence; p-value,sampling/representativeness,forest; biodiversity; soil; climate; species; ecosystem; conservation; warming,model-design alignment; autocorrelation handling; effect sizes; multiple testing; robust alternatives,confusing statistical significance with ecological importance,21,12,Nature:18; Nature Ecology & Evolution:2; Nature Communications:1,10.1038/s41467-025-63246-z; 10.1038/s41559-026-03095-1; 10.1038/s41586-024-07264-9; 10.1038/s41586-024-07657-w; 10.1038/s41586-024-07825-y; 10.1038/s41586-024-08174-6; 10.1038/s41586-024-08185-3; 10.1038/s41586-024-08576-6,"Issue cluster distilled from reviewer-comment metadata and signal terms, not from copied prose."
CECO-P0087,statistical_inference_gate,Statistical inference and uncertainty gate,issue_cluster,major,"For Statistical inference and uncertainty gate, reviewers repeatedly flag novelty/significance when the manuscript's evidence chain does not make this point explicit enough for a broad high-impact-journal audience.",statistical; variance; effect size; sample size; regression; random effect; significance; correlation; confidence; p-value,novelty/significance,forest; biodiversity; soil; climate; species; ecosystem; conservation; warming,model-design alignment; autocorrelation handling; effect sizes; multiple testing; robust alternatives,confusing statistical significance with ecological importance,9,7,Nature:6; Nature Communications:3,10.1038/s41467-024-54304-z; 10.1038/s41467-025-63246-z; 10.1038/s41586-024-07257-8; 10.1038/s41586-024-07629-0; 10.1038/s41586-024-07657-w; 10.1038/s41586-026-10237-9; 10.1038/s41586-026-10498-4,"Issue cluster distilled from reviewer-comment metadata and signal terms, not from copied prose."
CECO-P0088,statistical_inference_gate,Statistical inference and uncertainty gate,issue_cluster,should_fix,"For Statistical inference and uncertainty gate, reviewers repeatedly flag figure/table clarity when the manuscript's evidence chain does not make this point explicit enough for a broad high-impact-journal audience.",statistical; variance; effect size; sample size; regression; random effect; significance; correlation; confidence; p-value,figure/table clarity,forest; biodiversity; soil; climate; species; ecosystem; conservation; warming,model-design alignment; autocorrelation handling; effect sizes; multiple testing; robust alternatives,confusing statistical significance with ecological importance,6,3,Nature:5; Nature Ecology & Evolution:1,10.1038/s41559-026-03095-1; 10.1038/s41586-024-07657-w; 10.1038/s41586-024-08185-3,"Issue cluster distilled from reviewer-comment metadata and signal terms, not from copied prose."
CECO-P0089,policy_management_claim_gate,"Policy, management and applied implication gate",abstracted_reviewer_concern,major,"Policy, conservation, or management implications should be supported by evidence at the decision-relevant scale and should not exceed the study design.",implication; policy; decision; practice; conservation; mitigation; management; recommendation; intervention; restoration; stakeholder,policy implication; policy/management/claim; uncertainty; sampling/representativeness; causal overclaim; assumption/parameterization,forest; biodiversity; carbon; conservation; climate; warming; species,decision-scale evidence; implementation constraints; uncertainty/trade-offs; scope-limited recommendations,turning scientific potential into universal management prescription,51,19,Nature:46; Nature Ecology & Evolution:3; Nature Communications:2,10.1038/s41467-024-48640-3; 10.1038/s41467-024-52993-0; 10.1038/s41559-025-02746-z; 10.1038/s41559-026-03025-1; 10.1038/s41586-024-07257-8; 10.1038/s41586-024-07657-w; 10.1038/s41586-024-08106-4; 10.1038/s41586-024-08174-6,Abstracted pattern generated from reviewer-comment signals; no raw reviewer text stored.
CECO-P0090,policy_management_claim_gate,"Policy, management and applied implication gate",abstracted_reviewer_concern,major,"Applied recommendations should identify trade-offs, boundary conditions, and uncertainty rather than implying universal transferability.",implication; policy; decision; practice; conservation; mitigation; management; recommendation; intervention; restoration; stakeholder,policy implication; policy/management/claim; uncertainty; sampling/representativeness; causal overclaim; assumption/parameterization,forest; biodiversity; carbon; conservation; climate; warming; species,decision-scale evidence; implementation constraints; uncertainty/trade-offs; scope-limited recommendations,turning scientific potential into universal management prescription,51,19,Nature:46; Nature Ecology & Evolution:3; Nature Communications:2,10.1038/s41467-024-48640-3; 10.1038/s41467-024-52993-0; 10.1038/s41559-025-02746-z; 10.1038/s41559-026-03025-1; 10.1038/s41586-024-07257-8; 10.1038/s41586-024-07657-w; 10.1038/s41586-024-08106-4; 10.1038/s41586-024-08174-6,Abstracted pattern generated from reviewer-comment signals; no raw reviewer text stored.
CECO-P0091,policy_management_claim_gate,"Policy, management and applied implication gate",abstracted_reviewer_concern,major,"Claims about mitigation, restoration, or protection should distinguish ecological potential from practical implementation.",implication; policy; decision; practice; conservation; mitigation; management; recommendation; intervention; restoration; stakeholder,policy implication; policy/management/claim; uncertainty; sampling/representativeness; causal overclaim; assumption/parameterization,forest; biodiversity; carbon; conservation; climate; warming; species,decision-scale evidence; implementation constraints; uncertainty/trade-offs; scope-limited recommendations,turning scientific potential into universal management prescription,51,19,Nature:46; Nature Ecology & Evolution:3; Nature Communications:2,10.1038/s41467-024-48640-3; 10.1038/s41467-024-52993-0; 10.1038/s41559-025-02746-z; 10.1038/s41559-026-03025-1; 10.1038/s41586-024-07257-8; 10.1038/s41586-024-07657-w; 10.1038/s41586-024-08106-4; 10.1038/s41586-024-08174-6,Abstracted pattern generated from reviewer-comment signals; no raw reviewer text stored.
CECO-P0092,policy_management_claim_gate,"Policy, management and applied implication gate",issue_cluster,major,"For Policy, management and applied implication gate, reviewers repeatedly flag policy implication when the manuscript's evidence chain does not make this point explicit enough for a broad high-impact-journal audience.",implication; policy; decision; practice; conservation; mitigation; management; recommendation; intervention; restoration,policy implication,forest; biodiversity; carbon; conservation; climate; warming; species,decision-scale evidence; implementation constraints; uncertainty/trade-offs; scope-limited recommendations,turning scientific potential into universal management prescription,16,11,Nature:13; Nature Ecology & Evolution:3,10.1038/s41559-025-02746-z; 10.1038/s41559-026-03025-1; 10.1038/s41586-024-07257-8; 10.1038/s41586-024-07657-w; 10.1038/s41586-024-08106-4; 10.1038/s41586-024-08174-6; 10.1038/s41586-024-08375-z; 10.1038/s41586-025-09085-w,"Issue cluster distilled from reviewer-comment metadata and signal terms, not from copied prose."
CECO-P0093,policy_management_claim_gate,"Policy, management and applied implication gate",issue_cluster,major,"For Policy, management and applied implication gate, reviewers repeatedly flag policy/management/claim when the manuscript's evidence chain does not make this point explicit enough for a broad high-impact-journal audience.",implication; policy; decision; practice; conservation; mitigation; management; recommendation; intervention; restoration,policy/management/claim,forest; biodiversity; carbon; conservation; climate; warming; species,decision-scale evidence; implementation constraints; uncertainty/trade-offs; scope-limited recommendations,turning scientific potential into universal management prescription,15,10,Nature:14; Nature Communications:1,10.1038/s41467-024-48640-3; 10.1038/s41586-024-08106-4; 10.1038/s41586-024-08174-6; 10.1038/s41586-024-08313-z; 10.1038/s41586-024-08375-z; 10.1038/s41586-024-08576-6; 10.1038/s41586-025-09450-9; 10.1038/s41586-025-09781-7,"Issue cluster distilled from reviewer-comment metadata and signal terms, not from copied prose."
CECO-P0094,policy_management_claim_gate,"Policy, management and applied implication gate",issue_cluster,major,"For Policy, management and applied implication gate, reviewers repeatedly flag uncertainty when the manuscript's evidence chain does not make this point explicit enough for a broad high-impact-journal audience.",implication; policy; decision; practice; conservation; mitigation; management; recommendation; intervention; restoration,uncertainty,forest; biodiversity; carbon; conservation; climate; warming; species,decision-scale evidence; implementation constraints; uncertainty/trade-offs; scope-limited recommendations,turning scientific potential into universal management prescription,6,5,Nature:6,10.1038/s41586-024-07657-w; 10.1038/s41586-024-08576-6; 10.1038/s41586-025-09450-9; 10.1038/s41586-025-09781-7; 10.1038/s41586-026-10237-9,"Issue cluster distilled from reviewer-comment metadata and signal terms, not from copied prose."
CECO-P0095,policy_management_claim_gate,"Policy, management and applied implication gate",issue_cluster,major,"For Policy, management and applied implication gate, reviewers repeatedly flag sampling/representativeness when the manuscript's evidence chain does not make this point explicit enough for a broad high-impact-journal audience.",implication; policy; decision; practice; conservation; mitigation; management; recommendation; intervention; restoration,sampling/representativeness,forest; biodiversity; carbon; conservation; climate; warming; species,decision-scale evidence; implementation constraints; uncertainty/trade-offs; scope-limited recommendations,turning scientific potential into universal management prescription,5,3,Nature:5,10.1038/s41586-024-07657-w; 10.1038/s41586-024-08174-6; 10.1038/s41586-026-10237-9,"Issue cluster distilled from reviewer-comment metadata and signal terms, not from copied prose."
CECO-P0096,reproducibility_data_code_gate,"Reproducibility, data and code availability gate",abstracted_reviewer_concern,should_fix,"Critical datasets, code, equations, parameters, and preprocessing decisions should be available or sufficiently described for independent reproduction.",code; reproduc; data availability; equation; repository; supplementary; parameter; workflow; protocol,data/code reproducibility; assumption/parameterization; sampling/representativeness; uncertainty; causal overclaim,climate; forest; species; biodiversity; soil; carbon; conservation; ecosystem; warming; ocean,data/code links; equations and parameters; preprocessing workflow; versioned products; reproducible supplement,making non-auditable claims from complex workflows,48,27,Nature:37; Nature Communications:8; Nature Ecology & Evolution:3,10.1038/s41467-024-52993-0; 10.1038/s41467-024-54304-z; 10.1038/s41467-025-59974-x; 10.1038/s41467-025-68187-1; 10.1038/s41559-026-03025-1; 10.1038/s41559-026-03095-1; 10.1038/s41586-024-07264-9; 10.1038/s41586-024-07629-0,Abstracted pattern generated from reviewer-comment signals; no raw reviewer text stored.
CECO-P0097,reproducibility_data_code_gate,"Reproducibility, data and code availability gate",abstracted_reviewer_concern,should_fix,Complex workflows need an auditable path from raw observations/products to the final claim.,code; reproduc; data availability; equation; repository; supplementary; parameter; workflow; protocol,data/code reproducibility; assumption/parameterization; sampling/representativeness; uncertainty; causal overclaim,climate; forest; species; biodiversity; soil; carbon; conservation; ecosystem; warming; ocean,data/code links; equations and parameters; preprocessing workflow; versioned products; reproducible supplement,making non-auditable claims from complex workflows,48,27,Nature:37; Nature Communications:8; Nature Ecology & Evolution:3,10.1038/s41467-024-52993-0; 10.1038/s41467-024-54304-z; 10.1038/s41467-025-59974-x; 10.1038/s41467-025-68187-1; 10.1038/s41559-026-03025-1; 10.1038/s41559-026-03095-1; 10.1038/s41586-024-07264-9; 10.1038/s41586-024-07629-0,Abstracted pattern generated from reviewer-comment signals; no raw reviewer text stored.
CECO-P0098,reproducibility_data_code_gate,"Reproducibility, data and code availability gate",abstracted_reviewer_concern,should_fix,"Supplementary methods should include enough detail to reproduce classifications, model runs, and sensitivity analyses.",code; reproduc; data availability; equation; repository; supplementary; parameter; workflow; protocol,data/code reproducibility; assumption/parameterization; sampling/representativeness; uncertainty; causal overclaim,climate; forest; species; biodiversity; soil; carbon; conservation; ecosystem; warming; ocean,data/code links; equations and parameters; preprocessing workflow; versioned products; reproducible supplement,making non-auditable claims from complex workflows,48,27,Nature:37; Nature Communications:8; Nature Ecology & Evolution:3,10.1038/s41467-024-52993-0; 10.1038/s41467-024-54304-z; 10.1038/s41467-025-59974-x; 10.1038/s41467-025-68187-1; 10.1038/s41559-026-03025-1; 10.1038/s41559-026-03095-1; 10.1038/s41586-024-07264-9; 10.1038/s41586-024-07629-0,Abstracted pattern generated from reviewer-comment signals; no raw reviewer text stored.
CECO-P0099,reproducibility_data_code_gate,"Reproducibility, data and code availability gate",issue_cluster,should_fix,"For Reproducibility, data and code availability gate, reviewers repeatedly flag data/code reproducibility when the manuscript's evidence chain does not make this point explicit enough for a broad high-impact-journal audience.",code; reproduc; data availability; equation; repository; supplementary; parameter; workflow; protocol,data/code reproducibility,climate; forest; species; biodiversity; soil; carbon; conservation; ecosystem,data/code links; equations and parameters; preprocessing workflow; versioned products; reproducible supplement,making non-auditable claims from complex workflows,29,17,Nature:23; Nature Communications:3; Nature Ecology & Evolution:3,10.1038/s41467-024-52993-0; 10.1038/s41467-024-54304-z; 10.1038/s41559-026-03025-1; 10.1038/s41559-026-03095-1; 10.1038/s41586-024-07657-w; 10.1038/s41586-024-08174-6; 10.1038/s41586-024-08313-z; 10.1038/s41586-024-08375-z,"Issue cluster distilled from reviewer-comment metadata and signal terms, not from copied prose."
CECO-P0100,reproducibility_data_code_gate,"Reproducibility, data and code availability gate",issue_cluster,should_fix,"For Reproducibility, data and code availability gate, reviewers repeatedly flag assumption/parameterization when the manuscript's evidence chain does not make this point explicit enough for a broad high-impact-journal audience.",code; reproduc; data availability; equation; repository; supplementary; parameter; workflow; protocol,assumption/parameterization,climate; forest; species; biodiversity; soil; carbon; conservation; ecosystem,data/code links; equations and parameters; preprocessing workflow; versioned products; reproducible supplement,making non-auditable claims from complex workflows,11,9,Nature:7; Nature Communications:4,10.1038/s41467-024-52993-0; 10.1038/s41467-024-54304-z; 10.1038/s41467-025-59974-x; 10.1038/s41586-024-08191-5; 10.1038/s41586-025-09450-9; 10.1038/s41586-025-09806-1; 10.1038/s41586-026-10455-1; 10.1038/s41586-026-10456-0,"Issue cluster distilled from reviewer-comment metadata and signal terms, not from copied prose."
CECO-P0101,published_paper_comparison_gate,Published-paper comparison gate,cross_literature_stress_test,major,"Novelty should be judged against the closest prior claim, dataset, model and evidence layer, not broad topic similarity.",novel; first; global; largest; unprecedented; framework; synthesis,novelty/significance; related work; claim calibration,climate; ecology; biodiversity; carbon; nitrogen; forest; restoration; soil,"closest-work comparison; difference in data, design, validation, inference or scope","presenting scale, framing or terminology as substantive advance",0,0,Nature; Science; Nature Portfolio,,High-level pattern; no copied source text.
CECO-P0102,policy_management_claim_gate,"Policy, management and applied implication gate",cross_literature_stress_test,major,"Nature-based mitigation claims should separate potential, realized effect, permanence, leakage, biodiversity trade-offs and feasibility.",mitigation; restoration; offset; sequestration; protection; management; climate solution,policy implication; carbon overclaim; uncertainty; scope,carbon; forest; wetland; grassland; soil; conservation; restoration,baseline; accumulation rate; permanence; disturbance; trade-offs; implementation constraints,treating theoretical ecological potential as durable climate outcome,0,0,Nature; Science; Nature Portfolio,,High-level pattern; no copied source text.
CECO-P0103,carbon_nitrogen_cycle_gate,Carbon and nitrogen biogeochemistry gate,cross_literature_stress_test,major,"Carbon and nitrogen claims should distinguish stocks, fluxes, rates, pools, baselines, saturation and net forcing.",sink; flux; stock; sequestration; emission; nutrient cycling; mitigation potential,biogeochemistry; uncertainty; mass balance; claim calibration,carbon; nitrogen; soil; vegetation; greenhouse gas; ecosystem process,mass balance; unit consistency; pool separation; temporal scale; uncertainty propagation,converting partial biogeochemical evidence into broad climate or ecosystem control claim,0,0,Nature; Science; Nature Portfolio,,High-level pattern; no copied source text.
CECO-P0104,forest_land_use_conservation_gate,"Forest, land-use and conservation gate",cross_literature_stress_test,major,"Ecological classification claims are sensitive to category definitions, thresholds, spatial grain, seasonality and validation.",classification; land cover; vegetation type; ecosystem type; degradation; canopy; habitat,definition/scope; classification uncertainty; sampling/representativeness,forest; grassland; wetland; dryland; shrubland; land cover; remote sensing,explicit definitions; threshold sensitivity; independent validation; ecological interpretation limits,letting a mapped category imply an ecological state not directly demonstrated,0,0,Nature; Science; Nature Portfolio,,High-level pattern; no copied source text.
CECO-P0105,climate_trend_attribution_gate,Climate trend and attribution gate,cross_literature_stress_test,major,"Resilience, tipping and early-warning claims require robustness to proxy choice, time window, detrending, autocorrelation and alternative indicators.",resilience; tipping; collapse; regime shift; early warning; threshold; critical slowing down,trend/attribution; statistical inference; observational uncertainty,climate; ecosystem; vegetation; hydrology; biodiversity; extremes,multi-indicator checks; sensitivity windows; autocorrelation handling; uncertainty; alternative explanations,inferring critical transition from fragile time-series or proxy evidence,0,0,Nature; Science; Nature Portfolio,,High-level pattern; no copied source text.
CECO-P0106,observational_product_uncertainty_gate,Observational product and measurement uncertainty gate,cross_literature_stress_test,major,"Mechanisms inferred from products, proxies or databases should be tested against artifacts, validation limits and cross-product disagreement.",product; proxy; database; inventory; reanalysis; remote sensing; reconstruction,observational product uncertainty; validation; mechanism; trend/attribution,climate; ecology; biodiversity; carbon; nitrogen; land cover,validation; product version; artifact checks; intercomparison; uncertainty propagation,treating derived products as direct process observations,0,0,Nature; Science; Nature Portfolio,,High-level pattern; no copied source text.
CECO-P0107,mechanism_claim_gate,Mechanistic explanation and causal language gate,cross_literature_stress_test,major,Dominant-mechanism claims require comparison with plausible alternative processes and sensitivity to model structure and scale.,dominant; main driver; controlled by; mechanism; explained by; caused by,causal overclaim; mechanism; model uncertainty,carbon; nitrogen; biodiversity; climate; soil; vegetation; ecosystem process,alternative-mechanism tests; causal design; parameter identifiability; scale-aware validation,turning model attribution or correlation into demonstrated mechanism,0,0,Nature; Science; Nature Portfolio,,High-level pattern; no copied source text.
CECO-P0108,policy_management_claim_gate,"Policy, management and applied implication gate",cross_literature_stress_test,major,"Boundary, threshold and safe-limit claims require explicit metrics, aggregation rules, uncertainty and separation of evidence from values.",boundary; threshold; safe limit; target; justice; risk limit; decision threshold,policy implication; definition/scope; uncertainty; threshold claim,climate; biodiversity; water; nutrients; land; Earth system; policy,metric definition; aggregation logic; threshold sensitivity; uncertainty; normative assumptions,presenting a contested or value-laden boundary as a precise physical limit,0,0,Nature; Science; Nature Portfolio,,High-level pattern; no copied source text.
CECO-P0109,biodiversity_ecosystem_function_gate,Biodiversity and ecosystem-function gate,cross_literature_stress_test,major,"Biodiversity-change claims should distinguish richness, abundance, composition, turnover, function and loss across scales.",biodiversity change; richness; abundance; composition; turnover; decline; ecosystem function,biodiversity/ecosystem/function; sampling/representativeness; statistical inference,biodiversity; monitoring; assemblage; traits; function; conservation,taxonomic coverage; detectability; sampling effort; local-to-global interpretation; metric separation,using one diversity metric to imply broad biodiversity status,0,0,Nature; Science; Nature Portfolio,,High-level pattern; no copied source text.
CECO-P0110,statistical_inference_gate,Statistical inference and uncertainty gate,cross_literature_stress_test,major,"Nonlinear, threshold and regime-shift claims should be robust to model specification, leverage points and uncertainty around the threshold.",threshold; nonlinear; breakpoint; regime shift; boundary; collapse; saturation,statistical/inference; uncertainty; claim calibration,climate; ecology; biodiversity; carbon; nitrogen; land use,alternative models; uncertainty intervals; sensitivity; leverage diagnostics; autocorrelation handling,treating fitted structure as known ecological threshold,0,0,Nature; Science; Nature Portfolio,,High-level pattern; no copied source text.
CECO-P0111,claim_calibration_gate,Claim calibration gate,cross_literature_stress_test,major,"Strong global, causal or applied wording should be narrowed to the supported evidence domain.",global; universal; caused by; demonstrates; proves; solution; target; policy,claim calibration; causal overclaim; scope,climate; ecology; biodiversity; carbon; forest; policy,explicit evidence domain; uncertainty; limitations; calibrated title and abstract wording,language carries a stronger claim than the analysis can support,0,0,Nature; Science; Nature Portfolio,,High-level pattern; no copied source text.
CECO-P0112,generalist_clarity_gate,Generalist readability and conceptual clarity gate,cross_literature_stress_test,minor,Key terms should be defined before they carry central evidence or policy meaning.,restoration; resilience; sink; sequestration; degradation; safe; function; stability,definition/scope; claim calibration; figure/table clarity,climate; ecology; biodiversity; carbon; policy; conservation,clear definitions; scope boundaries; consistent terminology across manuscript components,ambiguous terms create hidden overclaim,0,0,Nature; Science; Nature Portfolio,,High-level pattern; no copied source text.
