unit_id,source_id,journal,year,unit_type,severity,claim_target,cluster,non_verbatim_index
unit_000001,nature_remote_sensing_review_0001,Nature,2024,contribution_assessment,moderate,"novelty claim, model performance","Machine learning, model performance, and generalization",true
unit_000002,nature_remote_sensing_review_0001,Nature,2024,major_concern,major,"trend interpretation, model performance","Long-term time series, climate variability, and trend interpretation",true
unit_000003,nature_remote_sensing_review_0001,Nature,2024,major_concern,major,"product validity, uncertainty claim, methodological support","Methods, results, discussion structure, and explanatory clarity",true
unit_000004,nature_remote_sensing_review_0001,Nature,2024,line_comment,moderate,manuscript claim or supporting evidence,"Methods, results, discussion structure, and explanatory clarity",true
unit_000005,nature_remote_sensing_review_0001,Nature,2024,line_comment,moderate,manuscript claim or supporting evidence,"Remote-sensing context, citation positioning, and prior work",true
unit_000006,nature_remote_sensing_review_0001,Nature,2024,line_comment,moderate,model performance,"Methods, results, discussion structure, and explanatory clarity",true
unit_000007,nature_remote_sensing_review_0001,Nature,2024,line_comment,moderate,manuscript claim or supporting evidence,"Remote-sensing context, citation positioning, and prior work",true
unit_000008,nature_remote_sensing_review_0001,Nature,2024,moderate_concern,moderate,manuscript claim or supporting evidence,"Methods, results, discussion structure, and explanatory clarity",true
unit_000009,nature_remote_sensing_review_0001,Nature,2024,line_comment,minor,trend interpretation,"Long-term time series, climate variability, and trend interpretation",true
unit_000010,nature_remote_sensing_review_0001,Nature,2024,line_comment,moderate,manuscript claim or supporting evidence,"Methods, results, discussion structure, and explanatory clarity",true
unit_000011,nature_remote_sensing_review_0001,Nature,2024,line_comment,moderate,uncertainty claim,"Methods, results, discussion structure, and explanatory clarity",true
unit_000012,nature_remote_sensing_review_0001,Nature,2024,line_comment,minor,manuscript claim or supporting evidence,"Methods, results, discussion structure, and explanatory clarity",true
unit_000013,nature_remote_sensing_review_0001,Nature,2024,line_comment,moderate,manuscript claim or supporting evidence,"Methods, results, discussion structure, and explanatory clarity",true
unit_000014,nature_remote_sensing_review_0001,Nature,2024,contribution_assessment,moderate,figure evidence,"Figures, extended data, and evidentiary display",true
unit_000015,nature_remote_sensing_review_0001,Nature,2024,figure_or_table_comment,moderate,figure evidence,"Figures, extended data, and evidentiary display",true
unit_000016,nature_remote_sensing_review_0001,Nature,2024,moderate_concern,moderate,manuscript claim or supporting evidence,"Methods, results, discussion structure, and explanatory clarity",true
unit_000017,nature_remote_sensing_review_0001,Nature,2024,moderate_concern,moderate,trend interpretation,"Long-term time series, climate variability, and trend interpretation",true
unit_000018,nature_remote_sensing_review_0001,Nature,2024,moderate_concern,moderate,model performance,"Spatial data, resolution, and product coverage",true
unit_000019,nature_remote_sensing_review_0001,Nature,2024,moderate_concern,moderate,manuscript claim or supporting evidence,"Methods, results, discussion structure, and explanatory clarity",true
unit_000020,nature_remote_sensing_review_0001,Nature,2024,moderate_concern,moderate,manuscript claim or supporting evidence,"Methods, results, discussion structure, and explanatory clarity",true
unit_000021,nature_remote_sensing_review_0001,Nature,2024,major_concern,major,"causal or attribution claim, methodological support","Figures, extended data, and evidentiary display",true
unit_000022,nature_remote_sensing_review_0001,Nature,2024,moderate_concern,moderate,uncertainty claim,"Methods, results, discussion structure, and explanatory clarity",true
unit_000023,nature_remote_sensing_review_0001,Nature,2024,moderate_concern,moderate,manuscript claim or supporting evidence,"Methods, results, discussion structure, and explanatory clarity",true
unit_000024,nature_remote_sensing_review_0001,Nature,2024,moderate_concern,moderate,manuscript claim or supporting evidence,"Boreal forests, burned area, fire size, and post-fire surface response",true
unit_000025,nature_remote_sensing_review_0001,Nature,2024,line_comment,moderate,manuscript claim or supporting evidence,"Spatial data, resolution, and product coverage",true
unit_000026,nature_remote_sensing_review_0001,Nature,2024,line_comment,moderate,manuscript claim or supporting evidence,"Methods, results, discussion structure, and explanatory clarity",true
unit_000027,nature_remote_sensing_review_0001,Nature,2024,line_comment,moderate,manuscript claim or supporting evidence,"Methods, results, discussion structure, and explanatory clarity",true
unit_000028,nature_remote_sensing_review_0001,Nature,2024,line_comment,moderate,manuscript claim or supporting evidence,"Methods, results, discussion structure, and explanatory clarity",true
unit_000029,nature_remote_sensing_review_0001,Nature,2024,line_comment,moderate,manuscript claim or supporting evidence,"Methods, results, discussion structure, and explanatory clarity",true
unit_000030,nature_remote_sensing_review_0001,Nature,2024,line_comment,moderate,manuscript claim or supporting evidence,"Methods, results, discussion structure, and explanatory clarity",true
unit_000031,nature_remote_sensing_review_0001,Nature,2024,line_comment,moderate,"uncertainty claim, figure evidence","Figures, extended data, and evidentiary display",true
unit_000032,nature_remote_sensing_review_0001,Nature,2024,line_comment,moderate,figure evidence,"Figures, extended data, and evidentiary display",true
unit_000033,nature_remote_sensing_review_0001,Nature,2024,moderate_concern,moderate,"trend interpretation, causal or attribution claim, model performance","Long-term time series, climate variability, and trend interpretation",true
unit_000034,nature_remote_sensing_review_0001,Nature,2024,moderate_concern,moderate,model performance,"Methods, results, discussion structure, and explanatory clarity",true
unit_000035,nature_remote_sensing_review_0001,Nature,2024,moderate_concern,moderate,model performance,"Methods, results, discussion structure, and explanatory clarity",true
unit_000036,nature_remote_sensing_review_0001,Nature,2024,contribution_assessment,moderate,"trend interpretation, table evidence","Long-term time series, climate variability, and trend interpretation",true
unit_000037,nature_remote_sensing_review_0001,Nature,2024,contribution_assessment,moderate,"causal or attribution claim, model performance","Spatial data, resolution, and product coverage",true
unit_000038,nature_remote_sensing_review_0001,Nature,2024,contribution_assessment,moderate,trend interpretation,"Long-term time series, climate variability, and trend interpretation",true
unit_000039,nature_remote_sensing_review_0001,Nature,2024,moderate_concern,moderate,"trend interpretation, model performance, methodological support","Long-term time series, climate variability, and trend interpretation",true
unit_000040,nature_remote_sensing_review_0001,Nature,2024,moderate_concern,moderate,manuscript claim or supporting evidence,"Methods, results, discussion structure, and explanatory clarity",true
unit_000041,nature_remote_sensing_review_0001,Nature,2024,figure_or_table_comment,moderate,"model performance, table evidence","Machine learning, model performance, and generalization",true
unit_000042,nature_remote_sensing_review_0001,Nature,2024,moderate_concern,moderate,manuscript claim or supporting evidence,"Spatial data, resolution, and product coverage",true
unit_000043,nature_remote_sensing_review_0001,Nature,2024,moderate_concern,moderate,trend interpretation,"Long-term time series, climate variability, and trend interpretation",true
unit_000044,nature_remote_sensing_review_0001,Nature,2024,moderate_concern,moderate,methodological support,"Spatial data, resolution, and product coverage",true
unit_000045,nature_remote_sensing_review_0001,Nature,2024,revision_assessment,moderate,table evidence,"Figures, extended data, and evidentiary display",true
unit_000046,nature_remote_sensing_review_0001,Nature,2024,revision_assessment,major,"trend interpretation, model performance, methodological support","Machine learning, model performance, and generalization",true
unit_000047,nature_remote_sensing_review_0001,Nature,2024,minor_comment,minor,manuscript claim or supporting evidence,"Methods, results, discussion structure, and explanatory clarity",true
unit_000048,nature_remote_sensing_review_0001,Nature,2024,moderate_concern,moderate,"model performance, methodological support, algorithm validity","Machine learning, model performance, and generalization",true
unit_000049,nature_remote_sensing_review_0001,Nature,2024,moderate_concern,moderate,"trend interpretation, model performance","Long-term time series, climate variability, and trend interpretation",true
unit_000050,nature_remote_sensing_review_0002,Nature,2024,moderate_concern,moderate,"model performance, methodological support","Methods, results, discussion structure, and explanatory clarity",true
unit_000051,nature_remote_sensing_review_0002,Nature,2024,major_concern,major,methodological support,"Methods, results, discussion structure, and explanatory clarity",true
unit_000052,nature_remote_sensing_review_0002,Nature,2024,line_comment,minor,manuscript claim or supporting evidence,"Remote-sensing context, citation positioning, and prior work",true
unit_000053,nature_remote_sensing_review_0002,Nature,2024,line_comment,moderate,manuscript claim or supporting evidence,"Remote-sensing context, citation positioning, and prior work",true
unit_000054,nature_remote_sensing_review_0002,Nature,2024,line_comment,moderate,manuscript claim or supporting evidence,"Methods, results, discussion structure, and explanatory clarity",true
unit_000055,nature_remote_sensing_review_0002,Nature,2024,line_comment,moderate,manuscript claim or supporting evidence,"Methods, results, discussion structure, and explanatory clarity",true
unit_000056,nature_remote_sensing_review_0002,Nature,2024,line_comment,moderate,manuscript claim or supporting evidence,"Spatial data, resolution, and product coverage",true
unit_000057,nature_remote_sensing_review_0002,Nature,2024,line_comment,moderate,manuscript claim or supporting evidence,"Methods, results, discussion structure, and explanatory clarity",true
unit_000058,nature_remote_sensing_review_0002,Nature,2024,line_comment,minor,model performance,"Methods, results, discussion structure, and explanatory clarity",true
unit_000059,nature_remote_sensing_review_0002,Nature,2024,line_comment,moderate,model performance,"Methods, results, discussion structure, and explanatory clarity",true
unit_000060,nature_remote_sensing_review_0002,Nature,2024,line_comment,moderate,manuscript claim or supporting evidence,"Methods, results, discussion structure, and explanatory clarity",true
unit_000061,nature_remote_sensing_review_0002,Nature,2024,line_comment,moderate,model performance,"Remote-sensing context, citation positioning, and prior work",true
unit_000062,nature_remote_sensing_review_0002,Nature,2024,line_comment,moderate,manuscript claim or supporting evidence,"Methods, results, discussion structure, and explanatory clarity",true
unit_000063,nature_remote_sensing_review_0002,Nature,2024,line_comment,moderate,manuscript claim or supporting evidence,"Methods, results, discussion structure, and explanatory clarity",true
unit_000064,nature_remote_sensing_review_0002,Nature,2024,moderate_concern,moderate,manuscript claim or supporting evidence,"Methods, results, discussion structure, and explanatory clarity",true
unit_000065,nature_remote_sensing_review_0002,Nature,2024,contribution_assessment,minor,global generalization,"Methods, results, discussion structure, and explanatory clarity",true
unit_000066,nature_remote_sensing_review_0002,Nature,2024,figure_or_table_comment,minor,figure evidence,"Spatial data, resolution, and product coverage",true
unit_000067,nature_remote_sensing_review_0002,Nature,2024,moderate_concern,moderate,manuscript claim or supporting evidence,"Figures, extended data, and evidentiary display",true
unit_000068,nature_remote_sensing_review_0002,Nature,2024,major_concern,major,methodological support,"Methods, results, discussion structure, and explanatory clarity",true
unit_000069,nature_remote_sensing_review_0002,Nature,2024,major_concern,major,global generalization,"Methods, results, discussion structure, and explanatory clarity",true
unit_000070,nature_remote_sensing_review_0002,Nature,2024,moderate_concern,moderate,manuscript claim or supporting evidence,"Methods, results, discussion structure, and explanatory clarity",true
unit_000071,nature_remote_sensing_review_0002,Nature,2024,figure_or_table_comment,moderate,manuscript claim or supporting evidence,"Spatial data, resolution, and product coverage",true
unit_000072,nature_remote_sensing_review_0002,Nature,2024,figure_or_table_comment,moderate,manuscript claim or supporting evidence,"Figures, extended data, and evidentiary display",true
unit_000073,nature_remote_sensing_review_0002,Nature,2024,contribution_assessment,moderate,manuscript claim or supporting evidence,"Methods, results, discussion structure, and explanatory clarity",true
unit_000074,nature_remote_sensing_review_0002,Nature,2024,figure_or_table_comment,moderate,figure evidence,"Figures, extended data, and evidentiary display",true
unit_000075,nature_remote_sensing_review_0002,Nature,2024,figure_or_table_comment,moderate,figure evidence,"Spatial data, resolution, and product coverage",true
unit_000076,nature_remote_sensing_review_0002,Nature,2024,figure_or_table_comment,moderate,table evidence,"Figures, extended data, and evidentiary display",true
unit_000077,nature_remote_sensing_review_0002,Nature,2024,moderate_concern,moderate,global generalization,"Figures, extended data, and evidentiary display",true
unit_000078,nature_remote_sensing_review_0002,Nature,2024,moderate_concern,moderate,manuscript claim or supporting evidence,"Methods, results, discussion structure, and explanatory clarity",true
unit_000079,nature_remote_sensing_review_0002,Nature,2024,moderate_concern,moderate,"global generalization, model performance, methodological support","Machine learning, model performance, and generalization",true
unit_000080,nature_remote_sensing_review_0002,Nature,2024,minor_comment,minor,manuscript claim or supporting evidence,"Methods, results, discussion structure, and explanatory clarity",true
unit_000081,nature_remote_sensing_review_0002,Nature,2024,minor_comment,minor,"model performance, methodological support","Machine learning, model performance, and generalization",true
unit_000082,nature_remote_sensing_review_0002,Nature,2024,figure_or_table_comment,minor,"model performance, figure evidence","Machine learning, model performance, and generalization",true
unit_000083,nature_remote_sensing_review_0002,Nature,2024,moderate_concern,moderate,manuscript claim or supporting evidence,"Emission, source attribution, and plume-like inference",true
unit_000084,nature_remote_sensing_review_0002,Nature,2024,moderate_concern,moderate,manuscript claim or supporting evidence,"Methods, results, discussion structure, and explanatory clarity",true
unit_000085,nature_remote_sensing_review_0002,Nature,2024,minor_comment,minor,manuscript claim or supporting evidence,"Methods, results, discussion structure, and explanatory clarity",true
unit_000086,nature_remote_sensing_review_0002,Nature,2024,figure_or_table_comment,moderate,figure evidence,"Figures, extended data, and evidentiary display",true
unit_000087,nature_remote_sensing_review_0002,Nature,2024,contribution_assessment,moderate,manuscript claim or supporting evidence,"Machine learning, model performance, and generalization",true
unit_000088,nature_remote_sensing_review_0002,Nature,2024,moderate_concern,moderate,manuscript claim or supporting evidence,"Methods, results, discussion structure, and explanatory clarity",true
unit_000089,nature_remote_sensing_review_0002,Nature,2024,moderate_concern,moderate,methodological support,"Machine learning, model performance, and generalization",true
unit_000090,nature_remote_sensing_review_0002,Nature,2024,moderate_concern,moderate,manuscript claim or supporting evidence,"Methods, results, discussion structure, and explanatory clarity",true
unit_000091,nature_remote_sensing_review_0002,Nature,2024,minor_comment,minor,manuscript claim or supporting evidence,"Methods, results, discussion structure, and explanatory clarity",true
unit_000092,nature_remote_sensing_review_0002,Nature,2024,moderate_concern,moderate,manuscript claim or supporting evidence,"Methods, results, discussion structure, and explanatory clarity",true
unit_000093,nature_remote_sensing_review_0002,Nature,2024,minor_comment,minor,methodological support,"Spatial data, resolution, and product coverage",true
unit_000094,nature_remote_sensing_review_0002,Nature,2024,line_comment,minor,manuscript claim or supporting evidence,"Concern resolution, code, publication readiness, and reproducibility",true
unit_000095,nature_remote_sensing_review_0002,Nature,2024,figure_or_table_comment,moderate,figure evidence,"Figures, extended data, and evidentiary display",true
unit_000096,nature_remote_sensing_review_0002,Nature,2024,figure_or_table_comment,moderate,figure evidence,"Remote-sensing context, citation positioning, and prior work",true
unit_000097,nature_remote_sensing_review_0002,Nature,2024,figure_or_table_comment,minor,figure evidence,"Figures, extended data, and evidentiary display",true
unit_000098,nature_remote_sensing_review_0002,Nature,2024,moderate_concern,moderate,manuscript claim or supporting evidence,"Methods, results, discussion structure, and explanatory clarity",true
unit_000099,nature_remote_sensing_review_0002,Nature,2024,moderate_concern,moderate,manuscript claim or supporting evidence,"Methods, results, discussion structure, and explanatory clarity",true
unit_000100,nature_remote_sensing_review_0002,Nature,2024,minor_comment,minor,methodological support,"Methods, results, discussion structure, and explanatory clarity",true
unit_000101,nature_remote_sensing_review_0002,Nature,2024,moderate_concern,moderate,manuscript claim or supporting evidence,"Spatial data, resolution, and product coverage",true
unit_000102,nature_remote_sensing_review_0003,Nature,2024,contribution_assessment,moderate,manuscript claim or supporting evidence,"Remote-sensing context, citation positioning, and prior work",true
unit_000103,nature_remote_sensing_review_0003,Nature,2024,contribution_assessment,moderate,manuscript claim or supporting evidence,"Figures, extended data, and evidentiary display",true
unit_000104,nature_remote_sensing_review_0003,Nature,2024,moderate_concern,moderate,manuscript claim or supporting evidence,"Methods, results, discussion structure, and explanatory clarity",true
unit_000105,nature_remote_sensing_review_0003,Nature,2024,figure_or_table_comment,minor,figure evidence,"Figures, extended data, and evidentiary display",true
unit_000106,nature_remote_sensing_review_0003,Nature,2024,minor_comment,minor,manuscript claim or supporting evidence,"Methods, results, discussion structure, and explanatory clarity",true
unit_000107,nature_remote_sensing_review_0003,Nature,2024,contribution_assessment,moderate,manuscript claim or supporting evidence,"Methods, results, discussion structure, and explanatory clarity",true
unit_000108,nature_remote_sensing_review_0003,Nature,2024,minor_comment,minor,manuscript claim or supporting evidence,"Methods, results, discussion structure, and explanatory clarity",true
unit_000109,nature_remote_sensing_review_0003,Nature,2024,contribution_assessment,moderate,manuscript claim or supporting evidence,"Figures, extended data, and evidentiary display",true
unit_000110,nature_remote_sensing_review_0003,Nature,2024,contribution_assessment,moderate,manuscript claim or supporting evidence,"River, water storage, sediment, tidal, and hydraulic interpretation",true
unit_000111,nature_remote_sensing_review_0003,Nature,2024,line_comment,moderate,table evidence,"Figures, extended data, and evidentiary display",true
unit_000112,nature_remote_sensing_review_0003,Nature,2024,line_comment,moderate,manuscript claim or supporting evidence,"Methods, results, discussion structure, and explanatory clarity",true
unit_000113,nature_remote_sensing_review_0003,Nature,2024,line_comment,moderate,manuscript claim or supporting evidence,"Methods, results, discussion structure, and explanatory clarity",true
unit_000114,nature_remote_sensing_review_0003,Nature,2024,line_comment,moderate,manuscript claim or supporting evidence,"River, water storage, sediment, tidal, and hydraulic interpretation",true
unit_000115,nature_remote_sensing_review_0003,Nature,2024,line_comment,moderate,manuscript claim or supporting evidence,"Amazon, forest cover, land-use pressure, and forest resilience",true
unit_000116,nature_remote_sensing_review_0003,Nature,2024,moderate_concern,moderate,manuscript claim or supporting evidence,"Methods, results, discussion structure, and explanatory clarity",true
unit_000117,nature_remote_sensing_review_0003,Nature,2024,figure_or_table_comment,minor,"figure evidence, table evidence","Long-term time series, climate variability, and trend interpretation",true
unit_000118,nature_remote_sensing_review_0003,Nature,2024,moderate_concern,moderate,manuscript claim or supporting evidence,"Amazon, forest cover, land-use pressure, and forest resilience",true
unit_000119,nature_remote_sensing_review_0003,Nature,2024,figure_or_table_comment,moderate,figure evidence,"Figures, extended data, and evidentiary display",true
unit_000120,nature_remote_sensing_review_0003,Nature,2024,line_comment,moderate,manuscript claim or supporting evidence,"Methods, results, discussion structure, and explanatory clarity",true
unit_000121,nature_remote_sensing_review_0003,Nature,2024,line_comment,minor,manuscript claim or supporting evidence,"Methods, results, discussion structure, and explanatory clarity",true
unit_000122,nature_remote_sensing_review_0003,Nature,2024,contribution_assessment,moderate,manuscript claim or supporting evidence,"Amazon, forest cover, land-use pressure, and forest resilience",true
unit_000123,nature_remote_sensing_review_0003,Nature,2024,line_comment,moderate,manuscript claim or supporting evidence,"Amazon, forest cover, land-use pressure, and forest resilience",true
unit_000124,nature_remote_sensing_review_0003,Nature,2024,line_comment,moderate,manuscript claim or supporting evidence,"Spatial data, resolution, and product coverage",true
unit_000125,nature_remote_sensing_review_0003,Nature,2024,line_comment,moderate,manuscript claim or supporting evidence,"Spatial data, resolution, and product coverage",true
unit_000126,nature_remote_sensing_review_0003,Nature,2024,line_comment,major,manuscript claim or supporting evidence,"River, water storage, sediment, tidal, and hydraulic interpretation",true
unit_000127,nature_remote_sensing_review_0003,Nature,2024,figure_or_table_comment,moderate,"model performance, figure evidence, table evidence","Figures, extended data, and evidentiary display",true
unit_000128,nature_remote_sensing_review_0003,Nature,2024,line_comment,moderate,manuscript claim or supporting evidence,"Spatial data, resolution, and product coverage",true
unit_000129,nature_remote_sensing_review_0003,Nature,2024,line_comment,minor,manuscript claim or supporting evidence,"Spatial data, resolution, and product coverage",true
unit_000130,nature_remote_sensing_review_0003,Nature,2024,line_comment,moderate,manuscript claim or supporting evidence,"Tree cover, land cover, land-use change, and mapping definitions",true
unit_000131,nature_remote_sensing_review_0003,Nature,2024,line_comment,moderate,manuscript claim or supporting evidence,"Methods, results, discussion structure, and explanatory clarity",true
unit_000132,nature_remote_sensing_review_0003,Nature,2024,line_comment,moderate,manuscript claim or supporting evidence,"Remote-sensing context, citation positioning, and prior work",true
unit_000133,nature_remote_sensing_review_0003,Nature,2024,line_comment,moderate,manuscript claim or supporting evidence,"Amazon, forest cover, land-use pressure, and forest resilience",true
unit_000134,nature_remote_sensing_review_0003,Nature,2024,line_comment,moderate,manuscript claim or supporting evidence,"Methods, results, discussion structure, and explanatory clarity",true
unit_000135,nature_remote_sensing_review_0003,Nature,2024,contribution_assessment,minor,trend interpretation,"Long-term time series, climate variability, and trend interpretation",true
unit_000136,nature_remote_sensing_review_0003,Nature,2024,contribution_assessment,minor,trend interpretation,"Long-term time series, climate variability, and trend interpretation",true
unit_000137,nature_remote_sensing_review_0003,Nature,2024,contribution_assessment,minor,model performance,"Remote-sensing context, citation positioning, and prior work",true
unit_000138,nature_remote_sensing_review_0003,Nature,2024,contribution_assessment,moderate,global generalization,"Amazon, forest cover, land-use pressure, and forest resilience",true
unit_000139,nature_remote_sensing_review_0003,Nature,2024,moderate_concern,moderate,manuscript claim or supporting evidence,"Methods, results, discussion structure, and explanatory clarity",true
unit_000140,nature_remote_sensing_review_0003,Nature,2024,moderate_concern,moderate,model performance,"Figures, extended data, and evidentiary display",true
unit_000141,nature_remote_sensing_review_0003,Nature,2024,moderate_concern,moderate,manuscript claim or supporting evidence,"Methods, results, discussion structure, and explanatory clarity",true
unit_000142,nature_remote_sensing_review_0003,Nature,2024,contribution_assessment,major,manuscript claim or supporting evidence,"Methods, results, discussion structure, and explanatory clarity",true
unit_000143,nature_remote_sensing_review_0003,Nature,2024,moderate_concern,moderate,manuscript claim or supporting evidence,"Amazon, forest cover, land-use pressure, and forest resilience",true
unit_000144,nature_remote_sensing_review_0003,Nature,2024,minor_comment,minor,manuscript claim or supporting evidence,"Amazon, forest cover, land-use pressure, and forest resilience",true
unit_000145,nature_remote_sensing_review_0003,Nature,2024,moderate_concern,moderate,manuscript claim or supporting evidence,"Spatial data, resolution, and product coverage",true
unit_000146,nature_remote_sensing_review_0003,Nature,2024,moderate_concern,moderate,manuscript claim or supporting evidence,"Amazon, forest cover, land-use pressure, and forest resilience",true
unit_000147,nature_remote_sensing_review_0003,Nature,2024,minor_comment,minor,manuscript claim or supporting evidence,"Amazon, forest cover, land-use pressure, and forest resilience",true
unit_000148,nature_remote_sensing_review_0003,Nature,2024,moderate_concern,moderate,manuscript claim or supporting evidence,"Urban, inter-city, and SDG-impact interpretation",true
unit_000149,nature_remote_sensing_review_0003,Nature,2024,moderate_concern,moderate,manuscript claim or supporting evidence,"Methods, results, discussion structure, and explanatory clarity",true
unit_000150,nature_remote_sensing_review_0003,Nature,2024,major_concern,major,manuscript claim or supporting evidence,"Amazon, forest cover, land-use pressure, and forest resilience",true
unit_000151,nature_remote_sensing_review_0003,Nature,2024,figure_or_table_comment,moderate,manuscript claim or supporting evidence,"Figures, extended data, and evidentiary display",true
unit_000152,nature_remote_sensing_review_0003,Nature,2024,moderate_concern,moderate,manuscript claim or supporting evidence,"Methods, results, discussion structure, and explanatory clarity",true
unit_000153,nature_remote_sensing_review_0003,Nature,2024,moderate_concern,moderate,manuscript claim or supporting evidence,"Amazon, forest cover, land-use pressure, and forest resilience",true
unit_000154,nature_remote_sensing_review_0003,Nature,2024,line_comment,minor,table evidence,"Figures, extended data, and evidentiary display",true
unit_000155,nature_remote_sensing_review_0003,Nature,2024,contribution_assessment,moderate,manuscript claim or supporting evidence,"Methods, results, discussion structure, and explanatory clarity",true
unit_000156,nature_remote_sensing_review_0003,Nature,2024,moderate_concern,moderate,manuscript claim or supporting evidence,"Figures, extended data, and evidentiary display",true
unit_000157,nature_remote_sensing_review_0003,Nature,2024,moderate_concern,moderate,global generalization,"Methods, results, discussion structure, and explanatory clarity",true
unit_000158,nature_remote_sensing_review_0003,Nature,2024,moderate_concern,moderate,manuscript claim or supporting evidence,"Remote-sensing context, citation positioning, and prior work",true
unit_000159,nature_remote_sensing_review_0003,Nature,2024,moderate_concern,moderate,manuscript claim or supporting evidence,"Amazon, forest cover, land-use pressure, and forest resilience",true
unit_000160,nature_remote_sensing_review_0003,Nature,2024,moderate_concern,moderate,manuscript claim or supporting evidence,"Amazon, forest cover, land-use pressure, and forest resilience",true
unit_000161,nature_remote_sensing_review_0003,Nature,2024,figure_or_table_comment,moderate,manuscript claim or supporting evidence,"Figures, extended data, and evidentiary display",true
unit_000162,nature_remote_sensing_review_0003,Nature,2024,moderate_concern,moderate,manuscript claim or supporting evidence,"Amazon, forest cover, land-use pressure, and forest resilience",true
unit_000163,nature_remote_sensing_review_0003,Nature,2024,moderate_concern,moderate,manuscript claim or supporting evidence,"Amazon, forest cover, land-use pressure, and forest resilience",true
unit_000164,nature_remote_sensing_review_0003,Nature,2024,moderate_concern,moderate,manuscript claim or supporting evidence,"Methods, results, discussion structure, and explanatory clarity",true
unit_000165,nature_remote_sensing_review_0003,Nature,2024,moderate_concern,moderate,model performance,"Amazon, forest cover, land-use pressure, and forest resilience",true
unit_000166,nature_remote_sensing_review_0003,Nature,2024,minor_comment,minor,manuscript claim or supporting evidence,"Methods, results, discussion structure, and explanatory clarity",true
unit_000167,nature_remote_sensing_review_0003,Nature,2024,contribution_assessment,moderate,methodological support,"Methods, results, discussion structure, and explanatory clarity",true
unit_000168,nature_remote_sensing_review_0003,Nature,2024,contribution_assessment,moderate,"model performance, methodological support","Methods, results, discussion structure, and explanatory clarity",true
unit_000169,nature_remote_sensing_review_0003,Nature,2024,minor_comment,minor,figure evidence,"Figures, extended data, and evidentiary display",true
unit_000170,nature_remote_sensing_review_0003,Nature,2024,revision_assessment,moderate,manuscript claim or supporting evidence,"Concern resolution, code, publication readiness, and reproducibility",true
unit_000171,nature_remote_sensing_review_0003,Nature,2024,moderate_concern,moderate,manuscript claim or supporting evidence,"Remote-sensing context, citation positioning, and prior work",true
unit_000172,nature_remote_sensing_review_0003,Nature,2024,minor_comment,minor,manuscript claim or supporting evidence,"Figures, extended data, and evidentiary display",true
unit_000173,nature_remote_sensing_review_0003,Nature,2024,line_comment,moderate,manuscript claim or supporting evidence,"Amazon, forest cover, land-use pressure, and forest resilience",true
unit_000174,nature_remote_sensing_review_0003,Nature,2024,moderate_concern,moderate,manuscript claim or supporting evidence,"Amazon, forest cover, land-use pressure, and forest resilience",true
unit_000175,nature_remote_sensing_review_0003,Nature,2024,contribution_assessment,moderate,manuscript claim or supporting evidence,"Methods, results, discussion structure, and explanatory clarity",true
unit_000176,nature_remote_sensing_review_0003,Nature,2024,line_comment,moderate,manuscript claim or supporting evidence,"Remote-sensing context, citation positioning, and prior work",true
unit_000177,nature_remote_sensing_review_0003,Nature,2024,line_comment,moderate,manuscript claim or supporting evidence,"Amazon, forest cover, land-use pressure, and forest resilience",true
unit_000178,nature_remote_sensing_review_0003,Nature,2024,contribution_assessment,moderate,manuscript claim or supporting evidence,"Methods, results, discussion structure, and explanatory clarity",true
unit_000179,nature_remote_sensing_review_0003,Nature,2024,line_comment,moderate,manuscript claim or supporting evidence,"Methods, results, discussion structure, and explanatory clarity",true
unit_000180,nature_remote_sensing_review_0003,Nature,2024,moderate_concern,moderate,manuscript claim or supporting evidence,"Methods, results, discussion structure, and explanatory clarity",true
unit_000181,nature_remote_sensing_review_0003,Nature,2024,moderate_concern,moderate,manuscript claim or supporting evidence,"Amazon, forest cover, land-use pressure, and forest resilience",true
unit_000182,nature_remote_sensing_review_0003,Nature,2024,moderate_concern,moderate,global generalization,"Amazon, forest cover, land-use pressure, and forest resilience",true
unit_000183,nature_remote_sensing_review_0003,Nature,2024,moderate_concern,moderate,global generalization,"Figures, extended data, and evidentiary display",true
unit_000184,nature_remote_sensing_review_0003,Nature,2024,contribution_assessment,moderate,global generalization,"River, water storage, sediment, tidal, and hydraulic interpretation",true
unit_000185,nature_remote_sensing_review_0003,Nature,2024,moderate_concern,moderate,global generalization,"Spatial data, resolution, and product coverage",true
unit_000186,nature_remote_sensing_review_0003,Nature,2024,contribution_assessment,moderate,manuscript claim or supporting evidence,"Emission, source attribution, and plume-like inference",true
unit_000187,nature_remote_sensing_review_0003,Nature,2024,moderate_concern,moderate,model performance,"Amazon, forest cover, land-use pressure, and forest resilience",true
unit_000188,nature_remote_sensing_review_0003,Nature,2024,line_comment,moderate,manuscript claim or supporting evidence,"Methods, results, discussion structure, and explanatory clarity",true
unit_000189,nature_remote_sensing_review_0003,Nature,2024,contribution_assessment,moderate,manuscript claim or supporting evidence,"Long-term time series, climate variability, and trend interpretation",true
unit_000190,nature_remote_sensing_review_0003,Nature,2024,figure_or_table_comment,minor,manuscript claim or supporting evidence,"Amazon, forest cover, land-use pressure, and forest resilience",true
unit_000191,nature_remote_sensing_review_0003,Nature,2024,line_comment,minor,manuscript claim or supporting evidence,"Spatial data, resolution, and product coverage",true
unit_000192,nature_remote_sensing_review_0003,Nature,2024,line_comment,moderate,manuscript claim or supporting evidence,"Amazon, forest cover, land-use pressure, and forest resilience",true
unit_000193,nature_remote_sensing_review_0003,Nature,2024,moderate_concern,moderate,manuscript claim or supporting evidence,"Methods, results, discussion structure, and explanatory clarity",true
unit_000194,nature_remote_sensing_review_0003,Nature,2024,line_comment,minor,manuscript claim or supporting evidence,"Amazon, forest cover, land-use pressure, and forest resilience",true
unit_000195,nature_remote_sensing_review_0003,Nature,2024,moderate_concern,moderate,manuscript claim or supporting evidence,"Amazon, forest cover, land-use pressure, and forest resilience",true
unit_000196,nature_remote_sensing_review_0003,Nature,2024,line_comment,moderate,manuscript claim or supporting evidence,"Amazon, forest cover, land-use pressure, and forest resilience",true
unit_000197,nature_remote_sensing_review_0003,Nature,2024,line_comment,minor,causal or attribution claim,"Methods, results, discussion structure, and explanatory clarity",true
unit_000198,nature_remote_sensing_review_0003,Nature,2024,line_comment,minor,"global generalization, model performance","Methods, results, discussion structure, and explanatory clarity",true
unit_000199,nature_remote_sensing_review_0003,Nature,2024,line_comment,moderate,model performance,"Amazon, forest cover, land-use pressure, and forest resilience",true
unit_000200,nature_remote_sensing_review_0003,Nature,2024,moderate_concern,moderate,model performance,"Amazon, forest cover, land-use pressure, and forest resilience",true
unit_000201,nature_remote_sensing_review_0003,Nature,2024,contribution_assessment,moderate,manuscript claim or supporting evidence,"Methods, results, discussion structure, and explanatory clarity",true
unit_000202,nature_remote_sensing_review_0003,Nature,2024,minor_comment,minor,"figure evidence, table evidence","Figures, extended data, and evidentiary display",true
unit_000203,nature_remote_sensing_review_0003,Nature,2024,line_comment,moderate,manuscript claim or supporting evidence,"Methods, results, discussion structure, and explanatory clarity",true
unit_000204,nature_remote_sensing_review_0003,Nature,2024,line_comment,moderate,manuscript claim or supporting evidence,"Amazon, forest cover, land-use pressure, and forest resilience",true
unit_000205,nature_remote_sensing_review_0003,Nature,2024,moderate_concern,moderate,manuscript claim or supporting evidence,"Amazon, forest cover, land-use pressure, and forest resilience",true
unit_000206,nature_remote_sensing_review_0003,Nature,2024,moderate_concern,moderate,manuscript claim or supporting evidence,"Methods, results, discussion structure, and explanatory clarity",true
unit_000207,nature_remote_sensing_review_0003,Nature,2024,moderate_concern,moderate,manuscript claim or supporting evidence,"Methods, results, discussion structure, and explanatory clarity",true
unit_000208,nature_remote_sensing_review_0003,Nature,2024,line_comment,moderate,table evidence,"Figures, extended data, and evidentiary display",true
unit_000209,nature_remote_sensing_review_0003,Nature,2024,line_comment,moderate,table evidence,"Figures, extended data, and evidentiary display",true
unit_000210,nature_remote_sensing_review_0003,Nature,2024,line_comment,moderate,"figure evidence, table evidence","Figures, extended data, and evidentiary display",true
unit_000211,nature_remote_sensing_review_0003,Nature,2024,moderate_concern,moderate,manuscript claim or supporting evidence,"Tree cover, land cover, land-use change, and mapping definitions",true
unit_000212,nature_remote_sensing_review_0003,Nature,2024,line_comment,moderate,global generalization,"Amazon, forest cover, land-use pressure, and forest resilience",true
unit_000213,nature_remote_sensing_review_0003,Nature,2024,contribution_assessment,major,manuscript claim or supporting evidence,"Amazon, forest cover, land-use pressure, and forest resilience",true
unit_000214,nature_remote_sensing_review_0003,Nature,2024,moderate_concern,moderate,manuscript claim or supporting evidence,"Methods, results, discussion structure, and explanatory clarity",true
unit_000215,nature_remote_sensing_review_0003,Nature,2024,revision_assessment,moderate,manuscript claim or supporting evidence,"Concern resolution, code, publication readiness, and reproducibility",true
unit_000216,nature_remote_sensing_review_0003,Nature,2024,revision_assessment,moderate,manuscript claim or supporting evidence,"Concern resolution, code, publication readiness, and reproducibility",true
unit_000217,nature_remote_sensing_review_0003,Nature,2024,moderate_concern,moderate,"model performance, methodological support","Methods, results, discussion structure, and explanatory clarity",true
unit_000218,nature_remote_sensing_review_0003,Nature,2024,revision_assessment,moderate,manuscript claim or supporting evidence,"Concern resolution, code, publication readiness, and reproducibility",true
unit_000219,nature_remote_sensing_review_0003,Nature,2024,revision_assessment,minor,manuscript claim or supporting evidence,"Concern resolution, code, publication readiness, and reproducibility",true
unit_000220,nature_remote_sensing_review_0003,Nature,2024,line_comment,moderate,manuscript claim or supporting evidence,"Amazon, forest cover, land-use pressure, and forest resilience",true
unit_000221,nature_remote_sensing_review_0003,Nature,2024,line_comment,moderate,manuscript claim or supporting evidence,"Amazon, forest cover, land-use pressure, and forest resilience",true
unit_000222,nature_remote_sensing_review_0003,Nature,2024,line_comment,moderate,manuscript claim or supporting evidence,"Spatial data, resolution, and product coverage",true
unit_000223,nature_remote_sensing_review_0003,Nature,2024,line_comment,moderate,manuscript claim or supporting evidence,"Methods, results, discussion structure, and explanatory clarity",true
unit_000224,nature_remote_sensing_review_0003,Nature,2024,line_comment,minor,model performance,"Methods, results, discussion structure, and explanatory clarity",true
unit_000225,nature_remote_sensing_review_0003,Nature,2024,line_comment,moderate,manuscript claim or supporting evidence,"Methods, results, discussion structure, and explanatory clarity",true
unit_000226,nature_remote_sensing_review_0003,Nature,2024,minor_comment,minor,trend interpretation,"Long-term time series, climate variability, and trend interpretation",true
unit_000227,nature_remote_sensing_review_0003,Nature,2024,moderate_concern,moderate,manuscript claim or supporting evidence,"Amazon, forest cover, land-use pressure, and forest resilience",true
unit_000228,nature_remote_sensing_review_0003,Nature,2024,contribution_assessment,moderate,"product validity, uncertainty claim","Remote-sensing context, citation positioning, and prior work",true
unit_000229,nature_remote_sensing_review_0003,Nature,2024,moderate_concern,moderate,"global generalization, algorithm validity","Remote-sensing context, citation positioning, and prior work",true
unit_000230,nature_remote_sensing_review_0003,Nature,2024,moderate_concern,moderate,manuscript claim or supporting evidence,"Methods, results, discussion structure, and explanatory clarity",true
unit_000231,nature_remote_sensing_review_0003,Nature,2024,moderate_concern,moderate,"product validity, uncertainty claim","Remote-sensing context, citation positioning, and prior work",true
unit_000232,nature_remote_sensing_review_0003,Nature,2024,contribution_assessment,minor,"global generalization, uncertainty claim","Figures, extended data, and evidentiary display",true
unit_000233,nature_remote_sensing_review_0003,Nature,2024,moderate_concern,moderate,"global generalization, product validity","Tree cover, land cover, land-use change, and mapping definitions",true
unit_000234,nature_remote_sensing_review_0003,Nature,2024,contribution_assessment,minor,uncertainty claim,"Figures, extended data, and evidentiary display",true
unit_000235,nature_remote_sensing_review_0003,Nature,2024,moderate_concern,moderate,manuscript claim or supporting evidence,"Remote-sensing context, citation positioning, and prior work",true
unit_000236,nature_remote_sensing_review_0003,Nature,2024,moderate_concern,moderate,global generalization,"Methods, results, discussion structure, and explanatory clarity",true
unit_000237,nature_remote_sensing_review_0003,Nature,2024,moderate_concern,moderate,manuscript claim or supporting evidence,"Methods, results, discussion structure, and explanatory clarity",true
unit_000238,nature_remote_sensing_review_0003,Nature,2024,moderate_concern,moderate,manuscript claim or supporting evidence,"Methods, results, discussion structure, and explanatory clarity",true
unit_000239,nature_remote_sensing_review_0003,Nature,2024,moderate_concern,moderate,manuscript claim or supporting evidence,"Methods, results, discussion structure, and explanatory clarity",true
unit_000240,nature_remote_sensing_review_0003,Nature,2024,moderate_concern,moderate,manuscript claim or supporting evidence,"Methods, results, discussion structure, and explanatory clarity",true
unit_000241,nature_remote_sensing_review_0003,Nature,2024,moderate_concern,moderate,manuscript claim or supporting evidence,"Methods, results, discussion structure, and explanatory clarity",true
unit_000242,nature_remote_sensing_review_0003,Nature,2024,moderate_concern,moderate,manuscript claim or supporting evidence,"Amazon, forest cover, land-use pressure, and forest resilience",true
unit_000243,nature_remote_sensing_review_0003,Nature,2024,moderate_concern,moderate,manuscript claim or supporting evidence,"Amazon, forest cover, land-use pressure, and forest resilience",true
unit_000244,nature_remote_sensing_review_0003,Nature,2024,moderate_concern,moderate,manuscript claim or supporting evidence,"Spatial data, resolution, and product coverage",true
unit_000245,nature_remote_sensing_review_0003,Nature,2024,moderate_concern,moderate,manuscript claim or supporting evidence,"Methods, results, discussion structure, and explanatory clarity",true
unit_000246,nature_remote_sensing_review_0003,Nature,2024,moderate_concern,moderate,manuscript claim or supporting evidence,"River, water storage, sediment, tidal, and hydraulic interpretation",true
unit_000247,nature_remote_sensing_review_0003,Nature,2024,moderate_concern,moderate,global generalization,"Methods, results, discussion structure, and explanatory clarity",true
unit_000248,nature_remote_sensing_review_0003,Nature,2024,moderate_concern,moderate,manuscript claim or supporting evidence,"Emission, source attribution, and plume-like inference",true
unit_000249,nature_remote_sensing_review_0003,Nature,2024,contribution_assessment,minor,novelty claim,"Methods, results, discussion structure, and explanatory clarity",true
unit_000250,nature_remote_sensing_review_0003,Nature,2024,moderate_concern,moderate,manuscript claim or supporting evidence,"Methods, results, discussion structure, and explanatory clarity",true
unit_000251,nature_remote_sensing_review_0003,Nature,2024,contribution_assessment,moderate,manuscript claim or supporting evidence,"Methods, results, discussion structure, and explanatory clarity",true
unit_000252,nature_remote_sensing_review_0004,Nature,2024,moderate_concern,moderate,manuscript claim or supporting evidence,"Sea level, vertical land motion, InSAR, and coastal elevation change",true
unit_000253,nature_remote_sensing_review_0004,Nature,2024,contribution_assessment,moderate,novelty claim,"Sea level, vertical land motion, InSAR, and coastal elevation change",true
unit_000254,nature_remote_sensing_review_0004,Nature,2024,contribution_assessment,moderate,novelty claim,"Remote-sensing context, citation positioning, and prior work",true
unit_000255,nature_remote_sensing_review_0004,Nature,2024,contribution_assessment,moderate,manuscript claim or supporting evidence,"Spatial data, resolution, and product coverage",true
unit_000256,nature_remote_sensing_review_0004,Nature,2024,contribution_assessment,moderate,methodological support,"Spatial data, resolution, and product coverage",true
unit_000257,nature_remote_sensing_review_0004,Nature,2024,contribution_assessment,moderate,"trend interpretation, uncertainty claim","Long-term time series, climate variability, and trend interpretation",true
unit_000258,nature_remote_sensing_review_0004,Nature,2024,moderate_concern,moderate,"uncertainty claim, methodological support","Methods, results, discussion structure, and explanatory clarity",true
unit_000259,nature_remote_sensing_review_0004,Nature,2024,minor_comment,minor,manuscript claim or supporting evidence,"Methods, results, discussion structure, and explanatory clarity",true
unit_000260,nature_remote_sensing_review_0004,Nature,2024,moderate_concern,moderate,manuscript claim or supporting evidence,"Methods, results, discussion structure, and explanatory clarity",true
unit_000261,nature_remote_sensing_review_0004,Nature,2024,moderate_concern,moderate,manuscript claim or supporting evidence,"Urban, inter-city, and SDG-impact interpretation",true
unit_000262,nature_remote_sensing_review_0004,Nature,2024,figure_or_table_comment,moderate,table evidence,"Figures, extended data, and evidentiary display",true
unit_000263,nature_remote_sensing_review_0004,Nature,2024,moderate_concern,moderate,manuscript claim or supporting evidence,"Concern resolution, code, publication readiness, and reproducibility",true
unit_000264,nature_remote_sensing_review_0004,Nature,2024,line_comment,moderate,manuscript claim or supporting evidence,"Sea level, vertical land motion, InSAR, and coastal elevation change",true
unit_000265,nature_remote_sensing_review_0004,Nature,2024,line_comment,moderate,manuscript claim or supporting evidence,"Remote-sensing context, citation positioning, and prior work",true
unit_000266,nature_remote_sensing_review_0004,Nature,2024,line_comment,moderate,global generalization,"Urban, inter-city, and SDG-impact interpretation",true
unit_000267,nature_remote_sensing_review_0004,Nature,2024,line_comment,moderate,manuscript claim or supporting evidence,"Sea level, vertical land motion, InSAR, and coastal elevation change",true
unit_000268,nature_remote_sensing_review_0004,Nature,2024,line_comment,moderate,manuscript claim or supporting evidence,"Emission, source attribution, and plume-like inference",true
unit_000269,nature_remote_sensing_review_0004,Nature,2024,line_comment,minor,table evidence,"Spatial data, resolution, and product coverage",true
unit_000270,nature_remote_sensing_review_0004,Nature,2024,moderate_concern,moderate,manuscript claim or supporting evidence,"Emission, source attribution, and plume-like inference",true
unit_000271,nature_remote_sensing_review_0004,Nature,2024,line_comment,moderate,manuscript claim or supporting evidence,"Sea level, vertical land motion, InSAR, and coastal elevation change",true
unit_000272,nature_remote_sensing_review_0004,Nature,2024,line_comment,moderate,uncertainty claim,"Methods, results, discussion structure, and explanatory clarity",true
unit_000273,nature_remote_sensing_review_0004,Nature,2024,line_comment,moderate,manuscript claim or supporting evidence,"Urban, inter-city, and SDG-impact interpretation",true
unit_000274,nature_remote_sensing_review_0004,Nature,2024,line_comment,moderate,manuscript claim or supporting evidence,"Methods, results, discussion structure, and explanatory clarity",true
unit_000275,nature_remote_sensing_review_0004,Nature,2024,line_comment,moderate,manuscript claim or supporting evidence,"Methods, results, discussion structure, and explanatory clarity",true
unit_000276,nature_remote_sensing_review_0004,Nature,2024,line_comment,moderate,"global generalization, uncertainty claim","Remote-sensing context, citation positioning, and prior work",true
unit_000277,nature_remote_sensing_review_0004,Nature,2024,line_comment,minor,manuscript claim or supporting evidence,"Emission, source attribution, and plume-like inference",true
unit_000278,nature_remote_sensing_review_0004,Nature,2024,line_comment,moderate,manuscript claim or supporting evidence,"Methods, results, discussion structure, and explanatory clarity",true
unit_000279,nature_remote_sensing_review_0004,Nature,2024,moderate_concern,moderate,manuscript claim or supporting evidence,"Concern resolution, code, publication readiness, and reproducibility",true
unit_000280,nature_remote_sensing_review_0004,Nature,2024,figure_or_table_comment,moderate,manuscript claim or supporting evidence,"Figures, extended data, and evidentiary display",true
unit_000281,nature_remote_sensing_review_0004,Nature,2024,figure_or_table_comment,moderate,manuscript claim or supporting evidence,"Spatial data, resolution, and product coverage",true
unit_000282,nature_remote_sensing_review_0004,Nature,2024,figure_or_table_comment,moderate,manuscript claim or supporting evidence,"Urban, inter-city, and SDG-impact interpretation",true
unit_000283,nature_remote_sensing_review_0004,Nature,2024,figure_or_table_comment,moderate,manuscript claim or supporting evidence,"Methods, results, discussion structure, and explanatory clarity",true
unit_000284,nature_remote_sensing_review_0004,Nature,2024,figure_or_table_comment,moderate,manuscript claim or supporting evidence,"Methods, results, discussion structure, and explanatory clarity",true
unit_000285,nature_remote_sensing_review_0004,Nature,2024,figure_or_table_comment,moderate,figure evidence,"Figures, extended data, and evidentiary display",true
unit_000286,nature_remote_sensing_review_0004,Nature,2024,figure_or_table_comment,moderate,"uncertainty claim, table evidence","Figures, extended data, and evidentiary display",true
unit_000287,nature_remote_sensing_review_0004,Nature,2024,figure_or_table_comment,moderate,table evidence,"Figures, extended data, and evidentiary display",true
unit_000288,nature_remote_sensing_review_0004,Nature,2024,contribution_assessment,moderate,manuscript claim or supporting evidence,"Sea level, vertical land motion, InSAR, and coastal elevation change",true
unit_000289,nature_remote_sensing_review_0004,Nature,2024,contribution_assessment,moderate,manuscript claim or supporting evidence,"Spatial data, resolution, and product coverage",true
unit_000290,nature_remote_sensing_review_0004,Nature,2024,minor_comment,minor,manuscript claim or supporting evidence,"Methods, results, discussion structure, and explanatory clarity",true
unit_000291,nature_remote_sensing_review_0004,Nature,2024,figure_or_table_comment,moderate,figure evidence,"Figures, extended data, and evidentiary display",true
unit_000292,nature_remote_sensing_review_0004,Nature,2024,moderate_concern,moderate,manuscript claim or supporting evidence,"Methods, results, discussion structure, and explanatory clarity",true
unit_000293,nature_remote_sensing_review_0004,Nature,2024,contribution_assessment,moderate,"novelty claim, model performance","Remote-sensing context, citation positioning, and prior work",true
unit_000294,nature_remote_sensing_review_0004,Nature,2024,contribution_assessment,minor,methodological support,"Figures, extended data, and evidentiary display",true
unit_000295,nature_remote_sensing_review_0004,Nature,2024,moderate_concern,moderate,manuscript claim or supporting evidence,"Methods, results, discussion structure, and explanatory clarity",true
unit_000296,nature_remote_sensing_review_0004,Nature,2024,line_comment,moderate,table evidence,"Figures, extended data, and evidentiary display",true
unit_000297,nature_remote_sensing_review_0004,Nature,2024,line_comment,minor,manuscript claim or supporting evidence,"Remote-sensing context, citation positioning, and prior work",true
unit_000298,nature_remote_sensing_review_0004,Nature,2024,line_comment,moderate,manuscript claim or supporting evidence,"Methods, results, discussion structure, and explanatory clarity",true
unit_000299,nature_remote_sensing_review_0004,Nature,2024,line_comment,moderate,manuscript claim or supporting evidence,"Methods, results, discussion structure, and explanatory clarity",true
unit_000300,nature_remote_sensing_review_0004,Nature,2024,moderate_concern,moderate,manuscript claim or supporting evidence,"Sea level, vertical land motion, InSAR, and coastal elevation change",true
unit_000301,nature_remote_sensing_review_0004,Nature,2024,moderate_concern,moderate,methodological support,"Methods, results, discussion structure, and explanatory clarity",true
unit_000302,nature_remote_sensing_review_0004,Nature,2024,moderate_concern,moderate,manuscript claim or supporting evidence,"Methods, results, discussion structure, and explanatory clarity",true
unit_000303,nature_remote_sensing_review_0004,Nature,2024,moderate_concern,moderate,figure evidence,"Figures, extended data, and evidentiary display",true
unit_000304,nature_remote_sensing_review_0004,Nature,2024,moderate_concern,moderate,manuscript claim or supporting evidence,"Sea level, vertical land motion, InSAR, and coastal elevation change",true
unit_000305,nature_remote_sensing_review_0004,Nature,2024,line_comment,minor,manuscript claim or supporting evidence,"Sea level, vertical land motion, InSAR, and coastal elevation change",true
unit_000306,nature_remote_sensing_review_0004,Nature,2024,line_comment,moderate,manuscript claim or supporting evidence,"Sea level, vertical land motion, InSAR, and coastal elevation change",true
unit_000307,nature_remote_sensing_review_0004,Nature,2024,line_comment,major,manuscript claim or supporting evidence,"Figures, extended data, and evidentiary display",true
unit_000308,nature_remote_sensing_review_0004,Nature,2024,line_comment,moderate,manuscript claim or supporting evidence,"Sea level, vertical land motion, InSAR, and coastal elevation change",true
unit_000309,nature_remote_sensing_review_0004,Nature,2024,line_comment,minor,manuscript claim or supporting evidence,"Spatial data, resolution, and product coverage",true
unit_000310,nature_remote_sensing_review_0004,Nature,2024,moderate_concern,moderate,"model performance, figure evidence","Figures, extended data, and evidentiary display",true
unit_000311,nature_remote_sensing_review_0004,Nature,2024,moderate_concern,moderate,manuscript claim or supporting evidence,"Figures, extended data, and evidentiary display",true
unit_000312,nature_remote_sensing_review_0004,Nature,2024,moderate_concern,moderate,manuscript claim or supporting evidence,"Methods, results, discussion structure, and explanatory clarity",true
unit_000313,nature_remote_sensing_review_0004,Nature,2024,moderate_concern,moderate,manuscript claim or supporting evidence,"Figures, extended data, and evidentiary display",true
unit_000314,nature_remote_sensing_review_0004,Nature,2024,moderate_concern,moderate,manuscript claim or supporting evidence,"Sea level, vertical land motion, InSAR, and coastal elevation change",true
unit_000315,nature_remote_sensing_review_0004,Nature,2024,line_comment,moderate,manuscript claim or supporting evidence,"Spatial data, resolution, and product coverage",true
unit_000316,nature_remote_sensing_review_0004,Nature,2024,line_comment,minor,manuscript claim or supporting evidence,"Methods, results, discussion structure, and explanatory clarity",true
unit_000317,nature_remote_sensing_review_0004,Nature,2024,line_comment,moderate,table evidence,"Figures, extended data, and evidentiary display",true
unit_000318,nature_remote_sensing_review_0004,Nature,2024,line_comment,moderate,"uncertainty claim, figure evidence, table evidence","Figures, extended data, and evidentiary display",true
unit_000319,nature_remote_sensing_review_0004,Nature,2024,figure_or_table_comment,moderate,table evidence,"Figures, extended data, and evidentiary display",true
unit_000320,nature_remote_sensing_review_0004,Nature,2024,figure_or_table_comment,moderate,manuscript claim or supporting evidence,"Figures, extended data, and evidentiary display",true
unit_000321,nature_remote_sensing_review_0004,Nature,2024,line_comment,moderate,manuscript claim or supporting evidence,"Methods, results, discussion structure, and explanatory clarity",true
unit_000322,nature_remote_sensing_review_0004,Nature,2024,line_comment,moderate,manuscript claim or supporting evidence,"Sea level, vertical land motion, InSAR, and coastal elevation change",true
unit_000323,nature_remote_sensing_review_0004,Nature,2024,line_comment,moderate,manuscript claim or supporting evidence,"Methods, results, discussion structure, and explanatory clarity",true
unit_000324,nature_remote_sensing_review_0004,Nature,2024,line_comment,moderate,figure evidence,"Figures, extended data, and evidentiary display",true
unit_000325,nature_remote_sensing_review_0004,Nature,2024,moderate_concern,moderate,manuscript claim or supporting evidence,"Methods, results, discussion structure, and explanatory clarity",true
unit_000326,nature_remote_sensing_review_0004,Nature,2024,line_comment,moderate,manuscript claim or supporting evidence,"Methods, results, discussion structure, and explanatory clarity",true
unit_000327,nature_remote_sensing_review_0004,Nature,2024,figure_or_table_comment,moderate,trend interpretation,"Long-term time series, climate variability, and trend interpretation",true
unit_000328,nature_remote_sensing_review_0004,Nature,2024,figure_or_table_comment,moderate,manuscript claim or supporting evidence,"Figures, extended data, and evidentiary display",true
unit_000329,nature_remote_sensing_review_0004,Nature,2024,moderate_concern,moderate,manuscript claim or supporting evidence,"Sea level, vertical land motion, InSAR, and coastal elevation change",true
unit_000330,nature_remote_sensing_review_0004,Nature,2024,major_concern,major,manuscript claim or supporting evidence,"Methods, results, discussion structure, and explanatory clarity",true
unit_000331,nature_remote_sensing_review_0004,Nature,2024,moderate_concern,moderate,manuscript claim or supporting evidence,"Sea level, vertical land motion, InSAR, and coastal elevation change",true
unit_000332,nature_remote_sensing_review_0004,Nature,2024,moderate_concern,moderate,manuscript claim or supporting evidence,"Methods, results, discussion structure, and explanatory clarity",true
unit_000333,nature_remote_sensing_review_0004,Nature,2024,moderate_concern,moderate,manuscript claim or supporting evidence,"Sea level, vertical land motion, InSAR, and coastal elevation change",true
unit_000334,nature_remote_sensing_review_0004,Nature,2024,moderate_concern,moderate,manuscript claim or supporting evidence,"Remote-sensing context, citation positioning, and prior work",true
unit_000335,nature_remote_sensing_review_0004,Nature,2024,moderate_concern,moderate,manuscript claim or supporting evidence,"Concern resolution, code, publication readiness, and reproducibility",true
unit_000336,nature_remote_sensing_review_0004,Nature,2024,moderate_concern,moderate,manuscript claim or supporting evidence,"Methods, results, discussion structure, and explanatory clarity",true
unit_000337,nature_remote_sensing_review_0004,Nature,2024,moderate_concern,moderate,manuscript claim or supporting evidence,"Methods, results, discussion structure, and explanatory clarity",true
unit_000338,nature_remote_sensing_review_0004,Nature,2024,contribution_assessment,moderate,novelty claim,"Sea level, vertical land motion, InSAR, and coastal elevation change",true
unit_000339,nature_remote_sensing_review_0004,Nature,2024,contribution_assessment,moderate,novelty claim,"Remote-sensing context, citation positioning, and prior work",true
unit_000340,nature_remote_sensing_review_0004,Nature,2024,contribution_assessment,moderate,manuscript claim or supporting evidence,"Spatial data, resolution, and product coverage",true
unit_000341,nature_remote_sensing_review_0004,Nature,2024,moderate_concern,moderate,methodological support,"Methods, results, discussion structure, and explanatory clarity",true
unit_000342,nature_remote_sensing_review_0004,Nature,2024,moderate_concern,moderate,manuscript claim or supporting evidence,"Methods, results, discussion structure, and explanatory clarity",true
unit_000343,nature_remote_sensing_review_0004,Nature,2024,minor_comment,minor,manuscript claim or supporting evidence,"Remote-sensing context, citation positioning, and prior work",true
unit_000344,nature_remote_sensing_review_0004,Nature,2024,figure_or_table_comment,minor,"global generalization, table evidence","Remote-sensing context, citation positioning, and prior work",true
unit_000345,nature_remote_sensing_review_0004,Nature,2024,contribution_assessment,moderate,table evidence,"Figures, extended data, and evidentiary display",true
unit_000346,nature_remote_sensing_review_0004,Nature,2024,moderate_concern,moderate,manuscript claim or supporting evidence,"Methods, results, discussion structure, and explanatory clarity",true
unit_000347,nature_remote_sensing_review_0004,Nature,2024,minor_comment,minor,global generalization,"Remote-sensing context, citation positioning, and prior work",true
unit_000348,nature_remote_sensing_review_0004,Nature,2024,moderate_concern,moderate,manuscript claim or supporting evidence,"Remote-sensing context, citation positioning, and prior work",true
unit_000349,nature_remote_sensing_review_0004,Nature,2024,figure_or_table_comment,minor,table evidence,"Figures, extended data, and evidentiary display",true
unit_000350,nature_remote_sensing_review_0004,Nature,2024,figure_or_table_comment,moderate,table evidence,"Figures, extended data, and evidentiary display",true
unit_000351,nature_remote_sensing_review_0005,Nature,2024,contribution_assessment,moderate,novelty claim,"Methods, results, discussion structure, and explanatory clarity",true
unit_000352,nature_remote_sensing_review_0005,Nature,2024,contribution_assessment,moderate,manuscript claim or supporting evidence,"Methods, results, discussion structure, and explanatory clarity",true
unit_000353,nature_remote_sensing_review_0005,Nature,2024,contribution_assessment,moderate,manuscript claim or supporting evidence,"Spatial data, resolution, and product coverage",true
unit_000354,nature_remote_sensing_review_0005,Nature,2024,figure_or_table_comment,moderate,"figure evidence, methodological support","Figures, extended data, and evidentiary display",true
unit_000355,nature_remote_sensing_review_0005,Nature,2024,figure_or_table_comment,moderate,figure evidence,"Figures, extended data, and evidentiary display",true
unit_000356,nature_remote_sensing_review_0005,Nature,2024,contribution_assessment,minor,figure evidence,"Figures, extended data, and evidentiary display",true
unit_000357,nature_remote_sensing_review_0005,Nature,2024,contribution_assessment,moderate,manuscript claim or supporting evidence,"Methods, results, discussion structure, and explanatory clarity",true
unit_000358,nature_remote_sensing_review_0005,Nature,2024,minor_comment,minor,methodological support,"Long-term time series, climate variability, and trend interpretation",true
unit_000359,nature_remote_sensing_review_0005,Nature,2024,figure_or_table_comment,minor,figure evidence,"Figures, extended data, and evidentiary display",true
unit_000360,nature_remote_sensing_review_0005,Nature,2024,figure_or_table_comment,minor,figure evidence,"Figures, extended data, and evidentiary display",true
unit_000361,nature_remote_sensing_review_0005,Nature,2024,moderate_concern,moderate,figure evidence,"Remote-sensing context, citation positioning, and prior work",true
unit_000362,nature_remote_sensing_review_0005,Nature,2024,contribution_assessment,moderate,novelty claim,"Glacier, ocean mass, mass balance, and cryosphere change",true
unit_000363,nature_remote_sensing_review_0005,Nature,2024,contribution_assessment,minor,manuscript claim or supporting evidence,"Spatial data, resolution, and product coverage",true
unit_000364,nature_remote_sensing_review_0005,Nature,2024,contribution_assessment,minor,figure evidence,"Figures, extended data, and evidentiary display",true
unit_000365,nature_remote_sensing_review_0005,Nature,2024,moderate_concern,moderate,manuscript claim or supporting evidence,"Concern resolution, code, publication readiness, and reproducibility",true
unit_000366,nature_remote_sensing_review_0005,Nature,2024,line_comment,moderate,manuscript claim or supporting evidence,"Methods, results, discussion structure, and explanatory clarity",true
unit_000367,nature_remote_sensing_review_0005,Nature,2024,line_comment,moderate,manuscript claim or supporting evidence,"Methods, results, discussion structure, and explanatory clarity",true
unit_000368,nature_remote_sensing_review_0005,Nature,2024,line_comment,moderate,manuscript claim or supporting evidence,"Methods, results, discussion structure, and explanatory clarity",true
unit_000369,nature_remote_sensing_review_0005,Nature,2024,line_comment,moderate,manuscript claim or supporting evidence,"Spatial data, resolution, and product coverage",true
unit_000370,nature_remote_sensing_review_0005,Nature,2024,line_comment,moderate,methodological support,"Methods, results, discussion structure, and explanatory clarity",true
unit_000371,nature_remote_sensing_review_0005,Nature,2024,line_comment,moderate,"table evidence, methodological support","Figures, extended data, and evidentiary display",true
unit_000372,nature_remote_sensing_review_0005,Nature,2024,line_comment,moderate,manuscript claim or supporting evidence,"Methods, results, discussion structure, and explanatory clarity",true
unit_000373,nature_remote_sensing_review_0005,Nature,2024,line_comment,minor,manuscript claim or supporting evidence,"Methods, results, discussion structure, and explanatory clarity",true
unit_000374,nature_remote_sensing_review_0005,Nature,2024,line_comment,moderate,manuscript claim or supporting evidence,"Methods, results, discussion structure, and explanatory clarity",true
unit_000375,nature_remote_sensing_review_0005,Nature,2024,line_comment,moderate,manuscript claim or supporting evidence,"Methods, results, discussion structure, and explanatory clarity",true
unit_000376,nature_remote_sensing_review_0005,Nature,2024,line_comment,moderate,manuscript claim or supporting evidence,"Methods, results, discussion structure, and explanatory clarity",true
unit_000377,nature_remote_sensing_review_0005,Nature,2024,line_comment,moderate,manuscript claim or supporting evidence,"Methods, results, discussion structure, and explanatory clarity",true
unit_000378,nature_remote_sensing_review_0005,Nature,2024,line_comment,moderate,manuscript claim or supporting evidence,"Methods, results, discussion structure, and explanatory clarity",true
unit_000379,nature_remote_sensing_review_0005,Nature,2024,line_comment,moderate,manuscript claim or supporting evidence,"Methods, results, discussion structure, and explanatory clarity",true
unit_000380,nature_remote_sensing_review_0005,Nature,2024,moderate_concern,moderate,manuscript claim or supporting evidence,"Methods, results, discussion structure, and explanatory clarity",true
unit_000381,nature_remote_sensing_review_0005,Nature,2024,figure_or_table_comment,moderate,figure evidence,"Spatial data, resolution, and product coverage",true
unit_000382,nature_remote_sensing_review_0005,Nature,2024,line_comment,moderate,manuscript claim or supporting evidence,"Methods, results, discussion structure, and explanatory clarity",true
unit_000383,nature_remote_sensing_review_0005,Nature,2024,line_comment,moderate,manuscript claim or supporting evidence,"Methods, results, discussion structure, and explanatory clarity",true
unit_000384,nature_remote_sensing_review_0005,Nature,2024,line_comment,moderate,manuscript claim or supporting evidence,"Methods, results, discussion structure, and explanatory clarity",true
unit_000385,nature_remote_sensing_review_0005,Nature,2024,line_comment,moderate,manuscript claim or supporting evidence,"Methods, results, discussion structure, and explanatory clarity",true
unit_000386,nature_remote_sensing_review_0005,Nature,2024,line_comment,moderate,manuscript claim or supporting evidence,"Methods, results, discussion structure, and explanatory clarity",true
unit_000387,nature_remote_sensing_review_0005,Nature,2024,contribution_assessment,moderate,novelty claim,"Methods, results, discussion structure, and explanatory clarity",true
unit_000388,nature_remote_sensing_review_0005,Nature,2024,contribution_assessment,minor,novelty claim,"Methods, results, discussion structure, and explanatory clarity",true
unit_000389,nature_remote_sensing_review_0005,Nature,2024,moderate_concern,moderate,"product validity, methodological support","Spatial data, resolution, and product coverage",true
unit_000390,nature_remote_sensing_review_0005,Nature,2024,contribution_assessment,moderate,"novelty claim, table evidence, methodological support","Figures, extended data, and evidentiary display",true
unit_000391,nature_remote_sensing_review_0005,Nature,2024,minor_comment,minor,manuscript claim or supporting evidence,"Spatial data, resolution, and product coverage",true
unit_000392,nature_remote_sensing_review_0005,Nature,2024,minor_comment,minor,manuscript claim or supporting evidence,"Methods, results, discussion structure, and explanatory clarity",true
unit_000393,nature_remote_sensing_review_0005,Nature,2024,line_comment,minor,manuscript claim or supporting evidence,"Remote-sensing context, citation positioning, and prior work",true
unit_000394,nature_remote_sensing_review_0005,Nature,2024,line_comment,moderate,manuscript claim or supporting evidence,"Methods, results, discussion structure, and explanatory clarity",true
unit_000395,nature_remote_sensing_review_0005,Nature,2024,line_comment,minor,"product validity, model performance","Spatial data, resolution, and product coverage",true
unit_000396,nature_remote_sensing_review_0005,Nature,2024,line_comment,moderate,"figure evidence, methodological support","Figures, extended data, and evidentiary display",true
unit_000397,nature_remote_sensing_review_0005,Nature,2024,contribution_assessment,moderate,manuscript claim or supporting evidence,"Methods, results, discussion structure, and explanatory clarity",true
unit_000398,nature_remote_sensing_review_0005,Nature,2024,figure_or_table_comment,moderate,"figure evidence, table evidence","Figures, extended data, and evidentiary display",true
unit_000399,nature_remote_sensing_review_0005,Nature,2024,figure_or_table_comment,moderate,figure evidence,"Long-term time series, climate variability, and trend interpretation",true
unit_000400,nature_remote_sensing_review_0005,Nature,2024,moderate_concern,moderate,manuscript claim or supporting evidence,"Methods, results, discussion structure, and explanatory clarity",true
unit_000401,nature_remote_sensing_review_0005,Nature,2024,line_comment,moderate,trend interpretation,"Long-term time series, climate variability, and trend interpretation",true
unit_000402,nature_remote_sensing_review_0005,Nature,2024,line_comment,moderate,manuscript claim or supporting evidence,"Methods, results, discussion structure, and explanatory clarity",true
unit_000403,nature_remote_sensing_review_0005,Nature,2024,line_comment,moderate,manuscript claim or supporting evidence,"Methods, results, discussion structure, and explanatory clarity",true
unit_000404,nature_remote_sensing_review_0005,Nature,2024,line_comment,moderate,manuscript claim or supporting evidence,"Methods, results, discussion structure, and explanatory clarity",true
unit_000405,nature_remote_sensing_review_0005,Nature,2024,line_comment,moderate,manuscript claim or supporting evidence,"Methods, results, discussion structure, and explanatory clarity",true
unit_000406,nature_remote_sensing_review_0005,Nature,2024,line_comment,moderate,table evidence,"Figures, extended data, and evidentiary display",true
unit_000407,nature_remote_sensing_review_0005,Nature,2024,line_comment,moderate,manuscript claim or supporting evidence,"Methods, results, discussion structure, and explanatory clarity",true
unit_000408,nature_remote_sensing_review_0005,Nature,2024,contribution_assessment,minor,novelty claim,"Methods, results, discussion structure, and explanatory clarity",true
unit_000409,nature_remote_sensing_review_0005,Nature,2024,minor_comment,minor,methodological support,"Spatial data, resolution, and product coverage",true
unit_000410,nature_remote_sensing_review_0005,Nature,2024,figure_or_table_comment,moderate,figure evidence,"Figures, extended data, and evidentiary display",true
unit_000411,nature_remote_sensing_review_0005,Nature,2024,moderate_concern,moderate,manuscript claim or supporting evidence,"Methods, results, discussion structure, and explanatory clarity",true
unit_000412,nature_remote_sensing_review_0005,Nature,2024,moderate_concern,moderate,manuscript claim or supporting evidence,"Remote-sensing context, citation positioning, and prior work",true
unit_000413,nature_remote_sensing_review_0005,Nature,2024,line_comment,moderate,manuscript claim or supporting evidence,"Methods, results, discussion structure, and explanatory clarity",true
unit_000414,nature_remote_sensing_review_0005,Nature,2024,line_comment,moderate,manuscript claim or supporting evidence,"Methods, results, discussion structure, and explanatory clarity",true
unit_000415,nature_remote_sensing_review_0005,Nature,2024,line_comment,moderate,methodological support,"Methods, results, discussion structure, and explanatory clarity",true
unit_000416,nature_remote_sensing_review_0005,Nature,2024,moderate_concern,moderate,manuscript claim or supporting evidence,"Methods, results, discussion structure, and explanatory clarity",true
unit_000417,nature_remote_sensing_review_0005,Nature,2024,moderate_concern,moderate,manuscript claim or supporting evidence,"Methods, results, discussion structure, and explanatory clarity",true
unit_000418,nature_remote_sensing_review_0005,Nature,2024,line_comment,minor,manuscript claim or supporting evidence,"Methods, results, discussion structure, and explanatory clarity",true
unit_000419,nature_remote_sensing_review_0005,Nature,2024,line_comment,moderate,manuscript claim or supporting evidence,"Methods, results, discussion structure, and explanatory clarity",true
unit_000420,nature_remote_sensing_review_0005,Nature,2024,line_comment,moderate,manuscript claim or supporting evidence,"Methods, results, discussion structure, and explanatory clarity",true
unit_000421,nature_remote_sensing_review_0005,Nature,2024,figure_or_table_comment,minor,figure evidence,"Figures, extended data, and evidentiary display",true
unit_000422,nature_remote_sensing_review_0005,Nature,2024,line_comment,minor,figure evidence,"Long-term time series, climate variability, and trend interpretation",true
unit_000423,nature_remote_sensing_review_0006,Nature,2024,contribution_assessment,moderate,"global generalization, novelty claim","Spatial data, resolution, and product coverage",true
unit_000424,nature_remote_sensing_review_0006,Nature,2024,contribution_assessment,moderate,manuscript claim or supporting evidence,"Boreal forests, burned area, fire size, and post-fire surface response",true
unit_000425,nature_remote_sensing_review_0006,Nature,2024,moderate_concern,moderate,manuscript claim or supporting evidence,"Methods, results, discussion structure, and explanatory clarity",true
unit_000426,nature_remote_sensing_review_0006,Nature,2024,line_comment,moderate,manuscript claim or supporting evidence,"Methods, results, discussion structure, and explanatory clarity",true
unit_000427,nature_remote_sensing_review_0006,Nature,2024,line_comment,moderate,manuscript claim or supporting evidence,"Methods, results, discussion structure, and explanatory clarity",true
unit_000428,nature_remote_sensing_review_0006,Nature,2024,line_comment,moderate,manuscript claim or supporting evidence,"Amazon, forest cover, land-use pressure, and forest resilience",true
unit_000429,nature_remote_sensing_review_0006,Nature,2024,line_comment,moderate,manuscript claim or supporting evidence,"Spatial data, resolution, and product coverage",true
unit_000430,nature_remote_sensing_review_0006,Nature,2024,line_comment,moderate,manuscript claim or supporting evidence,"Amazon, forest cover, land-use pressure, and forest resilience",true
unit_000431,nature_remote_sensing_review_0006,Nature,2024,line_comment,major,manuscript claim or supporting evidence,"Boreal forests, burned area, fire size, and post-fire surface response",true
unit_000432,nature_remote_sensing_review_0006,Nature,2024,line_comment,moderate,manuscript claim or supporting evidence,"Spatial data, resolution, and product coverage",true
unit_000433,nature_remote_sensing_review_0006,Nature,2024,line_comment,moderate,manuscript claim or supporting evidence,"Spatial data, resolution, and product coverage",true
unit_000434,nature_remote_sensing_review_0006,Nature,2024,line_comment,moderate,manuscript claim or supporting evidence,"Boreal forests, burned area, fire size, and post-fire surface response",true
unit_000435,nature_remote_sensing_review_0006,Nature,2024,line_comment,minor,manuscript claim or supporting evidence,"Spatial data, resolution, and product coverage",true
unit_000436,nature_remote_sensing_review_0006,Nature,2024,line_comment,minor,manuscript claim or supporting evidence,"Boreal forests, burned area, fire size, and post-fire surface response",true
unit_000437,nature_remote_sensing_review_0006,Nature,2024,line_comment,minor,manuscript claim or supporting evidence,C3/C4 vegetation coverage and biome classification,true
unit_000438,nature_remote_sensing_review_0006,Nature,2024,line_comment,major,manuscript claim or supporting evidence,"Spatial data, resolution, and product coverage",true
unit_000439,nature_remote_sensing_review_0006,Nature,2024,line_comment,moderate,manuscript claim or supporting evidence,C3/C4 vegetation coverage and biome classification,true
unit_000440,nature_remote_sensing_review_0006,Nature,2024,line_comment,moderate,manuscript claim or supporting evidence,"Spatial data, resolution, and product coverage",true
unit_000441,nature_remote_sensing_review_0006,Nature,2024,line_comment,moderate,manuscript claim or supporting evidence,"Methods, results, discussion structure, and explanatory clarity",true
unit_000442,nature_remote_sensing_review_0006,Nature,2024,line_comment,moderate,uncertainty claim,"Boreal forests, burned area, fire size, and post-fire surface response",true
unit_000443,nature_remote_sensing_review_0006,Nature,2024,moderate_concern,moderate,figure evidence,"Figures, extended data, and evidentiary display",true
unit_000444,nature_remote_sensing_review_0006,Nature,2024,figure_or_table_comment,moderate,figure evidence,"Figures, extended data, and evidentiary display",true
unit_000445,nature_remote_sensing_review_0006,Nature,2024,figure_or_table_comment,moderate,figure evidence,"Figures, extended data, and evidentiary display",true
unit_000446,nature_remote_sensing_review_0006,Nature,2024,figure_or_table_comment,moderate,figure evidence,"Figures, extended data, and evidentiary display",true
unit_000447,nature_remote_sensing_review_0006,Nature,2024,figure_or_table_comment,minor,figure evidence,"Figures, extended data, and evidentiary display",true
unit_000448,nature_remote_sensing_review_0006,Nature,2024,minor_comment,minor,manuscript claim or supporting evidence,"Boreal forests, burned area, fire size, and post-fire surface response",true
unit_000449,nature_remote_sensing_review_0006,Nature,2024,moderate_concern,moderate,manuscript claim or supporting evidence,"Amazon, forest cover, land-use pressure, and forest resilience",true
unit_000450,nature_remote_sensing_review_0006,Nature,2024,contribution_assessment,moderate,"global generalization, methodological support","Methods, results, discussion structure, and explanatory clarity",true
unit_000451,nature_remote_sensing_review_0006,Nature,2024,moderate_concern,moderate,figure evidence,"Figures, extended data, and evidentiary display",true
unit_000452,nature_remote_sensing_review_0006,Nature,2024,moderate_concern,moderate,"trend interpretation, causal or attribution claim","Long-term time series, climate variability, and trend interpretation",true
unit_000453,nature_remote_sensing_review_0006,Nature,2024,moderate_concern,moderate,manuscript claim or supporting evidence,"Boreal forests, burned area, fire size, and post-fire surface response",true
unit_000454,nature_remote_sensing_review_0006,Nature,2024,minor_comment,minor,manuscript claim or supporting evidence,"Boreal forests, burned area, fire size, and post-fire surface response",true
unit_000455,nature_remote_sensing_review_0006,Nature,2024,figure_or_table_comment,moderate,figure evidence,"Spatial data, resolution, and product coverage",true
unit_000456,nature_remote_sensing_review_0006,Nature,2024,minor_comment,minor,manuscript claim or supporting evidence,"Spatial data, resolution, and product coverage",true
unit_000457,nature_remote_sensing_review_0006,Nature,2024,minor_comment,minor,trend interpretation,"Long-term time series, climate variability, and trend interpretation",true
unit_000458,nature_remote_sensing_review_0006,Nature,2024,moderate_concern,moderate,manuscript claim or supporting evidence,"Methods, results, discussion structure, and explanatory clarity",true
unit_000459,nature_remote_sensing_review_0006,Nature,2024,moderate_concern,moderate,trend interpretation,"Long-term time series, climate variability, and trend interpretation",true
unit_000460,nature_remote_sensing_review_0006,Nature,2024,moderate_concern,moderate,manuscript claim or supporting evidence,"Remote-sensing context, citation positioning, and prior work",true
unit_000461,nature_remote_sensing_review_0006,Nature,2024,moderate_concern,moderate,manuscript claim or supporting evidence,"Methods, results, discussion structure, and explanatory clarity",true
unit_000462,nature_remote_sensing_review_0006,Nature,2024,revision_assessment,moderate,"figure evidence, table evidence","Figures, extended data, and evidentiary display",true
unit_000463,nature_remote_sensing_review_0006,Nature,2024,moderate_concern,moderate,"figure evidence, table evidence","Figures, extended data, and evidentiary display",true
unit_000464,nature_remote_sensing_review_0006,Nature,2024,moderate_concern,moderate,manuscript claim or supporting evidence,"Amazon, forest cover, land-use pressure, and forest resilience",true
unit_000465,nature_remote_sensing_review_0006,Nature,2024,contribution_assessment,moderate,"global generalization, novelty claim","Spatial data, resolution, and product coverage",true
unit_000466,nature_remote_sensing_review_0006,Nature,2024,contribution_assessment,moderate,manuscript claim or supporting evidence,"Spatial data, resolution, and product coverage",true
unit_000467,nature_remote_sensing_review_0006,Nature,2024,moderate_concern,moderate,manuscript claim or supporting evidence,"Boreal forests, burned area, fire size, and post-fire surface response",true
unit_000468,nature_remote_sensing_review_0006,Nature,2024,moderate_concern,moderate,manuscript claim or supporting evidence,"Boreal forests, burned area, fire size, and post-fire surface response",true
unit_000469,nature_remote_sensing_review_0006,Nature,2024,revision_assessment,moderate,manuscript claim or supporting evidence,"Concern resolution, code, publication readiness, and reproducibility",true
unit_000470,nature_remote_sensing_review_0006,Nature,2024,moderate_concern,moderate,global generalization,"Amazon, forest cover, land-use pressure, and forest resilience",true
unit_000471,nature_remote_sensing_review_0006,Nature,2024,minor_comment,minor,manuscript claim or supporting evidence,"Boreal forests, burned area, fire size, and post-fire surface response",true
unit_000472,nature_remote_sensing_review_0006,Nature,2024,major_concern,major,manuscript claim or supporting evidence,"Methods, results, discussion structure, and explanatory clarity",true
unit_000473,nature_remote_sensing_review_0006,Nature,2024,moderate_concern,moderate,manuscript claim or supporting evidence,"Boreal forests, burned area, fire size, and post-fire surface response",true
unit_000474,nature_remote_sensing_review_0006,Nature,2024,line_comment,moderate,manuscript claim or supporting evidence,"Boreal forests, burned area, fire size, and post-fire surface response",true
unit_000475,nature_remote_sensing_review_0006,Nature,2024,contribution_assessment,minor,figure evidence,"Figures, extended data, and evidentiary display",true
unit_000476,nature_remote_sensing_review_0006,Nature,2024,moderate_concern,moderate,manuscript claim or supporting evidence,"Spatial data, resolution, and product coverage",true
unit_000477,nature_remote_sensing_review_0006,Nature,2024,figure_or_table_comment,moderate,figure evidence,"Figures, extended data, and evidentiary display",true
unit_000478,nature_remote_sensing_review_0006,Nature,2024,revision_assessment,moderate,manuscript claim or supporting evidence,"Concern resolution, code, publication readiness, and reproducibility",true
unit_000479,nature_remote_sensing_review_0006,Nature,2024,minor_comment,minor,global generalization,"Amazon, forest cover, land-use pressure, and forest resilience",true
unit_000480,nature_remote_sensing_review_0006,Nature,2024,moderate_concern,moderate,manuscript claim or supporting evidence,"River, water storage, sediment, tidal, and hydraulic interpretation",true
unit_000481,nature_remote_sensing_review_0006,Nature,2024,moderate_concern,moderate,manuscript claim or supporting evidence,"Boreal forests, burned area, fire size, and post-fire surface response",true
unit_000482,nature_remote_sensing_review_0006,Nature,2024,minor_comment,minor,manuscript claim or supporting evidence,"Boreal forests, burned area, fire size, and post-fire surface response",true
unit_000483,nature_remote_sensing_review_0006,Nature,2024,figure_or_table_comment,moderate,figure evidence,"Figures, extended data, and evidentiary display",true
unit_000484,nature_remote_sensing_review_0006,Nature,2024,moderate_concern,moderate,manuscript claim or supporting evidence,"Boreal forests, burned area, fire size, and post-fire surface response",true
unit_000485,nature_remote_sensing_review_0006,Nature,2024,contribution_assessment,minor,manuscript claim or supporting evidence,"Methods, results, discussion structure, and explanatory clarity",true
unit_000486,nature_remote_sensing_review_0006,Nature,2024,moderate_concern,moderate,manuscript claim or supporting evidence,"Amazon, forest cover, land-use pressure, and forest resilience",true
unit_000487,nature_remote_sensing_review_0006,Nature,2024,moderate_concern,moderate,manuscript claim or supporting evidence,"Amazon, forest cover, land-use pressure, and forest resilience",true
unit_000488,nature_remote_sensing_review_0006,Nature,2024,moderate_concern,moderate,manuscript claim or supporting evidence,"Methods, results, discussion structure, and explanatory clarity",true
unit_000489,nature_remote_sensing_review_0006,Nature,2024,minor_comment,minor,methodological support,"Methods, results, discussion structure, and explanatory clarity",true
unit_000490,nature_remote_sensing_review_0006,Nature,2024,contribution_assessment,minor,trend interpretation,"Long-term time series, climate variability, and trend interpretation",true
unit_000491,nature_remote_sensing_review_0006,Nature,2024,moderate_concern,moderate,manuscript claim or supporting evidence,"Boreal forests, burned area, fire size, and post-fire surface response",true
unit_000492,nature_remote_sensing_review_0006,Nature,2024,contribution_assessment,minor,manuscript claim or supporting evidence,"Remote-sensing context, citation positioning, and prior work",true
unit_000493,nature_remote_sensing_review_0006,Nature,2024,contribution_assessment,moderate,manuscript claim or supporting evidence,"Amazon, forest cover, land-use pressure, and forest resilience",true
unit_000494,nature_remote_sensing_review_0006,Nature,2024,line_comment,moderate,manuscript claim or supporting evidence,"Emission, source attribution, and plume-like inference",true
unit_000495,nature_remote_sensing_review_0006,Nature,2024,line_comment,moderate,manuscript claim or supporting evidence,"Methods, results, discussion structure, and explanatory clarity",true
unit_000496,nature_remote_sensing_review_0006,Nature,2024,line_comment,minor,manuscript claim or supporting evidence,"Remote-sensing context, citation positioning, and prior work",true
unit_000497,nature_remote_sensing_review_0006,Nature,2024,line_comment,moderate,manuscript claim or supporting evidence,"Methods, results, discussion structure, and explanatory clarity",true
unit_000498,nature_remote_sensing_review_0006,Nature,2024,line_comment,minor,manuscript claim or supporting evidence,"Methods, results, discussion structure, and explanatory clarity",true
unit_000499,nature_remote_sensing_review_0006,Nature,2024,line_comment,moderate,manuscript claim or supporting evidence,"Long-term time series, climate variability, and trend interpretation",true
unit_000500,nature_remote_sensing_review_0006,Nature,2024,line_comment,moderate,manuscript claim or supporting evidence,"Methods, results, discussion structure, and explanatory clarity",true
unit_000501,nature_remote_sensing_review_0006,Nature,2024,line_comment,minor,table evidence,"Figures, extended data, and evidentiary display",true
unit_000502,nature_remote_sensing_review_0006,Nature,2024,figure_or_table_comment,minor,manuscript claim or supporting evidence,"Figures, extended data, and evidentiary display",true
unit_000503,nature_remote_sensing_review_0006,Nature,2024,moderate_concern,moderate,manuscript claim or supporting evidence,"Boreal forests, burned area, fire size, and post-fire surface response",true
unit_000504,nature_remote_sensing_review_0006,Nature,2024,moderate_concern,moderate,global generalization,"Boreal forests, burned area, fire size, and post-fire surface response",true
unit_000505,nature_remote_sensing_review_0006,Nature,2024,moderate_concern,moderate,manuscript claim or supporting evidence,"Figures, extended data, and evidentiary display",true
unit_000506,nature_remote_sensing_review_0006,Nature,2024,moderate_concern,moderate,manuscript claim or supporting evidence,"Boreal forests, burned area, fire size, and post-fire surface response",true
unit_000507,nature_remote_sensing_review_0006,Nature,2024,moderate_concern,moderate,manuscript claim or supporting evidence,"Boreal forests, burned area, fire size, and post-fire surface response",true
unit_000508,nature_remote_sensing_review_0006,Nature,2024,revision_assessment,moderate,manuscript claim or supporting evidence,"Concern resolution, code, publication readiness, and reproducibility",true
unit_000509,nature_remote_sensing_review_0006,Nature,2024,moderate_concern,moderate,causal or attribution claim,"Figures, extended data, and evidentiary display",true
unit_000510,nature_remote_sensing_review_0006,Nature,2024,revision_assessment,minor,manuscript claim or supporting evidence,"Concern resolution, code, publication readiness, and reproducibility",true
unit_000511,nature_remote_sensing_review_0006,Nature,2024,figure_or_table_comment,moderate,manuscript claim or supporting evidence,"Figures, extended data, and evidentiary display",true
unit_000512,nature_remote_sensing_review_0006,Nature,2024,contribution_assessment,moderate,manuscript claim or supporting evidence,"Spatial data, resolution, and product coverage",true
unit_000513,nature_remote_sensing_review_0006,Nature,2024,contribution_assessment,minor,manuscript claim or supporting evidence,"Methods, results, discussion structure, and explanatory clarity",true
unit_000514,nature_remote_sensing_review_0006,Nature,2024,line_comment,minor,manuscript claim or supporting evidence,"Amazon, forest cover, land-use pressure, and forest resilience",true
unit_000515,nature_remote_sensing_review_0006,Nature,2024,line_comment,moderate,manuscript claim or supporting evidence,"Boreal forests, burned area, fire size, and post-fire surface response",true
unit_000516,nature_remote_sensing_review_0006,Nature,2024,line_comment,minor,manuscript claim or supporting evidence,"Figures, extended data, and evidentiary display",true
unit_000517,nature_remote_sensing_review_0006,Nature,2024,line_comment,minor,manuscript claim or supporting evidence,"Spatial data, resolution, and product coverage",true
unit_000518,nature_remote_sensing_review_0006,Nature,2024,minor_comment,minor,methodological support,"Figures, extended data, and evidentiary display",true
unit_000519,nature_remote_sensing_review_0006,Nature,2024,minor_comment,minor,manuscript claim or supporting evidence,"Figures, extended data, and evidentiary display",true
unit_000520,nature_remote_sensing_review_0006,Nature,2024,contribution_assessment,moderate,manuscript claim or supporting evidence,"Spatial data, resolution, and product coverage",true
unit_000521,nature_remote_sensing_review_0006,Nature,2024,moderate_concern,moderate,manuscript claim or supporting evidence,"Figures, extended data, and evidentiary display",true
unit_000522,nature_remote_sensing_review_0006,Nature,2024,line_comment,minor,manuscript claim or supporting evidence,"Methods, results, discussion structure, and explanatory clarity",true
unit_000523,nature_remote_sensing_review_0006,Nature,2024,line_comment,minor,manuscript claim or supporting evidence,"Spatial data, resolution, and product coverage",true
unit_000524,nature_remote_sensing_review_0006,Nature,2024,line_comment,moderate,manuscript claim or supporting evidence,"Tree cover, land cover, land-use change, and mapping definitions",true
unit_000525,nature_remote_sensing_review_0006,Nature,2024,line_comment,moderate,manuscript claim or supporting evidence,"Methods, results, discussion structure, and explanatory clarity",true
unit_000526,nature_remote_sensing_review_0006,Nature,2024,line_comment,moderate,manuscript claim or supporting evidence,"Methods, results, discussion structure, and explanatory clarity",true
unit_000527,nature_remote_sensing_review_0006,Nature,2024,moderate_concern,moderate,manuscript claim or supporting evidence,"Methods, results, discussion structure, and explanatory clarity",true
unit_000528,nature_remote_sensing_review_0006,Nature,2024,contribution_assessment,moderate,manuscript claim or supporting evidence,"Spatial data, resolution, and product coverage",true
unit_000529,nature_remote_sensing_review_0006,Nature,2024,line_comment,minor,manuscript claim or supporting evidence,"Methods, results, discussion structure, and explanatory clarity",true
unit_000530,nature_remote_sensing_review_0006,Nature,2024,contribution_assessment,moderate,manuscript claim or supporting evidence,"Spatial data, resolution, and product coverage",true
unit_000531,nature_remote_sensing_review_0006,Nature,2024,minor_comment,minor,manuscript claim or supporting evidence,"Methods, results, discussion structure, and explanatory clarity",true
unit_000532,nature_remote_sensing_review_0006,Nature,2024,minor_comment,minor,manuscript claim or supporting evidence,"Remote-sensing context, citation positioning, and prior work",true
unit_000533,nature_remote_sensing_review_0006,Nature,2024,minor_comment,minor,manuscript claim or supporting evidence,"Remote-sensing context, citation positioning, and prior work",true
unit_000534,nature_remote_sensing_review_0006,Nature,2024,moderate_concern,moderate,manuscript claim or supporting evidence,"Emission, source attribution, and plume-like inference",true
unit_000535,nature_remote_sensing_review_0007,Nature Communications,2024,contribution_assessment,moderate,"novelty claim, model performance","Machine learning, model performance, and generalization",true
unit_000536,nature_remote_sensing_review_0007,Nature Communications,2024,figure_or_table_comment,moderate,"table evidence, methodological support","Machine learning, model performance, and generalization",true
unit_000537,nature_remote_sensing_review_0007,Nature Communications,2024,contribution_assessment,minor,manuscript claim or supporting evidence,"Spatial data, resolution, and product coverage",true
unit_000538,nature_remote_sensing_review_0007,Nature Communications,2024,minor_comment,minor,"trend interpretation, model performance","Long-term time series, climate variability, and trend interpretation",true
unit_000539,nature_remote_sensing_review_0007,Nature Communications,2024,contribution_assessment,moderate,"model performance, methodological support","Machine learning, model performance, and generalization",true
unit_000540,nature_remote_sensing_review_0007,Nature Communications,2024,moderate_concern,moderate,model performance,"Spatial data, resolution, and product coverage",true
unit_000541,nature_remote_sensing_review_0007,Nature Communications,2024,major_concern,major,manuscript claim or supporting evidence,"Methods, results, discussion structure, and explanatory clarity",true
unit_000542,nature_remote_sensing_review_0007,Nature Communications,2024,minor_comment,minor,uncertainty claim,"Figures, extended data, and evidentiary display",true
unit_000543,nature_remote_sensing_review_0007,Nature Communications,2024,minor_comment,minor,model performance,"Methods, results, discussion structure, and explanatory clarity",true
unit_000544,nature_remote_sensing_review_0007,Nature Communications,2024,moderate_concern,moderate,model performance,"Methods, results, discussion structure, and explanatory clarity",true
unit_000545,nature_remote_sensing_review_0007,Nature Communications,2024,contribution_assessment,moderate,model performance,"Machine learning, model performance, and generalization",true
unit_000546,nature_remote_sensing_review_0007,Nature Communications,2024,moderate_concern,moderate,manuscript claim or supporting evidence,"Methods, results, discussion structure, and explanatory clarity",true
unit_000547,nature_remote_sensing_review_0007,Nature Communications,2024,moderate_concern,moderate,manuscript claim or supporting evidence,"Methods, results, discussion structure, and explanatory clarity",true
unit_000548,nature_remote_sensing_review_0007,Nature Communications,2024,moderate_concern,moderate,model performance,"Concern resolution, code, publication readiness, and reproducibility",true
unit_000549,nature_remote_sensing_review_0007,Nature Communications,2024,figure_or_table_comment,moderate,"model performance, figure evidence","Machine learning, model performance, and generalization",true
unit_000550,nature_remote_sensing_review_0007,Nature Communications,2024,figure_or_table_comment,moderate,figure evidence,"Figures, extended data, and evidentiary display",true
unit_000551,nature_remote_sensing_review_0007,Nature Communications,2024,moderate_concern,moderate,model performance,"Machine learning, model performance, and generalization",true
unit_000552,nature_remote_sensing_review_0007,Nature Communications,2024,contribution_assessment,moderate,model performance,"Methods, results, discussion structure, and explanatory clarity",true
unit_000553,nature_remote_sensing_review_0007,Nature Communications,2024,moderate_concern,moderate,model performance,"Machine learning, model performance, and generalization",true
unit_000554,nature_remote_sensing_review_0007,Nature Communications,2024,moderate_concern,moderate,methodological support,"Machine learning, model performance, and generalization",true
unit_000555,nature_remote_sensing_review_0007,Nature Communications,2024,line_comment,moderate,manuscript claim or supporting evidence,"Methods, results, discussion structure, and explanatory clarity",true
unit_000556,nature_remote_sensing_review_0007,Nature Communications,2024,line_comment,moderate,manuscript claim or supporting evidence,"Figures, extended data, and evidentiary display",true
unit_000557,nature_remote_sensing_review_0007,Nature Communications,2024,contribution_assessment,moderate,"uncertainty claim, model performance, methodological support","Machine learning, model performance, and generalization",true
unit_000558,nature_remote_sensing_review_0007,Nature Communications,2024,major_concern,major,"product validity, model performance, methodological support","Machine learning, model performance, and generalization",true
unit_000559,nature_remote_sensing_review_0007,Nature Communications,2024,minor_comment,minor,model performance,"Figures, extended data, and evidentiary display",true
unit_000560,nature_remote_sensing_review_0007,Nature Communications,2024,contribution_assessment,minor,model performance,"Machine learning, model performance, and generalization",true
unit_000561,nature_remote_sensing_review_0007,Nature Communications,2024,moderate_concern,moderate,"model performance, methodological support","Machine learning, model performance, and generalization",true
unit_000562,nature_remote_sensing_review_0007,Nature Communications,2024,line_comment,moderate,manuscript claim or supporting evidence,"Methods, results, discussion structure, and explanatory clarity",true
unit_000563,nature_remote_sensing_review_0007,Nature Communications,2024,contribution_assessment,major,"novelty claim, model performance, figure evidence","Machine learning, model performance, and generalization",true
unit_000564,nature_remote_sensing_review_0007,Nature Communications,2024,moderate_concern,moderate,manuscript claim or supporting evidence,"Methods, results, discussion structure, and explanatory clarity",true
unit_000565,nature_remote_sensing_review_0007,Nature Communications,2024,moderate_concern,moderate,manuscript claim or supporting evidence,"Methods, results, discussion structure, and explanatory clarity",true
unit_000566,nature_remote_sensing_review_0007,Nature Communications,2024,revision_assessment,moderate,manuscript claim or supporting evidence,"Methods, results, discussion structure, and explanatory clarity",true
unit_000567,nature_remote_sensing_review_0008,Nature Communications,2024,revision_assessment,moderate,manuscript claim or supporting evidence,"Long-term time series, climate variability, and trend interpretation",true
unit_000568,nature_remote_sensing_review_0008,Nature Communications,2024,moderate_concern,moderate,causal or attribution claim,"Methods, results, discussion structure, and explanatory clarity",true
unit_000569,nature_remote_sensing_review_0008,Nature Communications,2024,moderate_concern,moderate,manuscript claim or supporting evidence,"Methods, results, discussion structure, and explanatory clarity",true
unit_000570,nature_remote_sensing_review_0008,Nature Communications,2024,figure_or_table_comment,moderate,"trend interpretation, figure evidence","Long-term time series, climate variability, and trend interpretation",true
unit_000571,nature_remote_sensing_review_0008,Nature Communications,2024,moderate_concern,moderate,manuscript claim or supporting evidence,"Methods, results, discussion structure, and explanatory clarity",true
unit_000572,nature_remote_sensing_review_0008,Nature Communications,2024,moderate_concern,moderate,model performance,"Long-term time series, climate variability, and trend interpretation",true
unit_000573,nature_remote_sensing_review_0008,Nature Communications,2024,moderate_concern,moderate,methodological support,"Long-term time series, climate variability, and trend interpretation",true
unit_000574,nature_remote_sensing_review_0008,Nature Communications,2024,moderate_concern,moderate,trend interpretation,"Long-term time series, climate variability, and trend interpretation",true
unit_000575,nature_remote_sensing_review_0008,Nature Communications,2024,minor_comment,minor,methodological support,"Methods, results, discussion structure, and explanatory clarity",true
unit_000576,nature_remote_sensing_review_0008,Nature Communications,2024,figure_or_table_comment,minor,"trend interpretation, figure evidence","Long-term time series, climate variability, and trend interpretation",true
unit_000577,nature_remote_sensing_review_0008,Nature Communications,2024,minor_comment,minor,manuscript claim or supporting evidence,"Methods, results, discussion structure, and explanatory clarity",true
unit_000578,nature_remote_sensing_review_0008,Nature Communications,2024,contribution_assessment,moderate,"causal or attribution claim, model performance","Spatial data, resolution, and product coverage",true
unit_000579,nature_remote_sensing_review_0008,Nature Communications,2024,moderate_concern,moderate,manuscript claim or supporting evidence,"Remote-sensing context, citation positioning, and prior work",true
unit_000580,nature_remote_sensing_review_0008,Nature Communications,2024,figure_or_table_comment,moderate,figure evidence,"Spatial data, resolution, and product coverage",true
unit_000581,nature_remote_sensing_review_0008,Nature Communications,2024,moderate_concern,moderate,"causal or attribution claim, model performance, methodological support","Methods, results, discussion structure, and explanatory clarity",true
unit_000582,nature_remote_sensing_review_0008,Nature Communications,2024,minor_comment,minor,model performance,"Machine learning, model performance, and generalization",true
unit_000583,nature_remote_sensing_review_0008,Nature Communications,2024,revision_assessment,major,manuscript claim or supporting evidence,"Long-term time series, climate variability, and trend interpretation",true
unit_000584,nature_remote_sensing_review_0008,Nature Communications,2024,moderate_concern,moderate,manuscript claim or supporting evidence,"Methods, results, discussion structure, and explanatory clarity",true
unit_000585,nature_remote_sensing_review_0008,Nature Communications,2024,moderate_concern,moderate,manuscript claim or supporting evidence,"Methods, results, discussion structure, and explanatory clarity",true
unit_000586,nature_remote_sensing_review_0008,Nature Communications,2024,moderate_concern,moderate,manuscript claim or supporting evidence,"Methods, results, discussion structure, and explanatory clarity",true
unit_000587,nature_remote_sensing_review_0008,Nature Communications,2024,contribution_assessment,moderate,methodological support,"Long-term time series, climate variability, and trend interpretation",true
unit_000588,nature_remote_sensing_review_0008,Nature Communications,2024,moderate_concern,moderate,manuscript claim or supporting evidence,"Methods, results, discussion structure, and explanatory clarity",true
unit_000589,nature_remote_sensing_review_0008,Nature Communications,2024,moderate_concern,moderate,manuscript claim or supporting evidence,"Methods, results, discussion structure, and explanatory clarity",true
unit_000590,nature_remote_sensing_review_0008,Nature Communications,2024,moderate_concern,moderate,causal or attribution claim,"Methods, results, discussion structure, and explanatory clarity",true
unit_000591,nature_remote_sensing_review_0008,Nature Communications,2024,moderate_concern,moderate,"trend interpretation, model performance","Long-term time series, climate variability, and trend interpretation",true
unit_000592,nature_remote_sensing_review_0008,Nature Communications,2024,moderate_concern,moderate,manuscript claim or supporting evidence,"Methods, results, discussion structure, and explanatory clarity",true
unit_000593,nature_remote_sensing_review_0008,Nature Communications,2024,moderate_concern,moderate,manuscript claim or supporting evidence,"Spatial data, resolution, and product coverage",true
unit_000594,nature_remote_sensing_review_0008,Nature Communications,2024,moderate_concern,moderate,manuscript claim or supporting evidence,"Methods, results, discussion structure, and explanatory clarity",true
unit_000595,nature_remote_sensing_review_0008,Nature Communications,2024,figure_or_table_comment,moderate,"trend interpretation, figure evidence","Long-term time series, climate variability, and trend interpretation",true
unit_000596,nature_remote_sensing_review_0008,Nature Communications,2024,moderate_concern,moderate,manuscript claim or supporting evidence,"Methods, results, discussion structure, and explanatory clarity",true
unit_000597,nature_remote_sensing_review_0008,Nature Communications,2024,moderate_concern,moderate,manuscript claim or supporting evidence,"Methods, results, discussion structure, and explanatory clarity",true
unit_000598,nature_remote_sensing_review_0008,Nature Communications,2024,moderate_concern,moderate,manuscript claim or supporting evidence,"Methods, results, discussion structure, and explanatory clarity",true
unit_000599,nature_remote_sensing_review_0008,Nature Communications,2024,moderate_concern,moderate,manuscript claim or supporting evidence,"Methods, results, discussion structure, and explanatory clarity",true
unit_000600,nature_remote_sensing_review_0008,Nature Communications,2024,moderate_concern,moderate,model performance,"Methods, results, discussion structure, and explanatory clarity",true
unit_000601,nature_remote_sensing_review_0008,Nature Communications,2024,contribution_assessment,moderate,"trend interpretation, model performance","Long-term time series, climate variability, and trend interpretation",true
unit_000602,nature_remote_sensing_review_0008,Nature Communications,2024,contribution_assessment,moderate,model performance,"Methods, results, discussion structure, and explanatory clarity",true
unit_000603,nature_remote_sensing_review_0008,Nature Communications,2024,contribution_assessment,moderate,"trend interpretation, methodological support","Long-term time series, climate variability, and trend interpretation",true
unit_000604,nature_remote_sensing_review_0008,Nature Communications,2024,moderate_concern,moderate,manuscript claim or supporting evidence,"Methods, results, discussion structure, and explanatory clarity",true
unit_000605,nature_remote_sensing_review_0008,Nature Communications,2024,moderate_concern,moderate,manuscript claim or supporting evidence,"Long-term time series, climate variability, and trend interpretation",true
unit_000606,nature_remote_sensing_review_0008,Nature Communications,2024,moderate_concern,moderate,methodological support,"Methods, results, discussion structure, and explanatory clarity",true
unit_000607,nature_remote_sensing_review_0008,Nature Communications,2024,moderate_concern,moderate,manuscript claim or supporting evidence,"Methods, results, discussion structure, and explanatory clarity",true
unit_000608,nature_remote_sensing_review_0008,Nature Communications,2024,moderate_concern,moderate,model performance,"Spatial data, resolution, and product coverage",true
unit_000609,nature_remote_sensing_review_0008,Nature Communications,2024,moderate_concern,moderate,manuscript claim or supporting evidence,"Methods, results, discussion structure, and explanatory clarity",true
unit_000610,nature_remote_sensing_review_0008,Nature Communications,2024,moderate_concern,moderate,model performance,"Methods, results, discussion structure, and explanatory clarity",true
unit_000611,nature_remote_sensing_review_0008,Nature Communications,2024,minor_comment,minor,methodological support,"Methods, results, discussion structure, and explanatory clarity",true
unit_000612,nature_remote_sensing_review_0008,Nature Communications,2024,moderate_concern,moderate,manuscript claim or supporting evidence,"Methods, results, discussion structure, and explanatory clarity",true
unit_000613,nature_remote_sensing_review_0008,Nature Communications,2024,moderate_concern,moderate,"trend interpretation, methodological support","Long-term time series, climate variability, and trend interpretation",true
unit_000614,nature_remote_sensing_review_0008,Nature Communications,2024,moderate_concern,moderate,methodological support,"Methods, results, discussion structure, and explanatory clarity",true
unit_000615,nature_remote_sensing_review_0008,Nature Communications,2024,figure_or_table_comment,minor,"trend interpretation, figure evidence","Long-term time series, climate variability, and trend interpretation",true
unit_000616,nature_remote_sensing_review_0008,Nature Communications,2024,moderate_concern,moderate,methodological support,"Methods, results, discussion structure, and explanatory clarity",true
unit_000617,nature_remote_sensing_review_0008,Nature Communications,2024,figure_or_table_comment,moderate,"trend interpretation, figure evidence, methodological support","Long-term time series, climate variability, and trend interpretation",true
unit_000618,nature_remote_sensing_review_0008,Nature Communications,2024,moderate_concern,moderate,methodological support,"Methods, results, discussion structure, and explanatory clarity",true
unit_000619,nature_remote_sensing_review_0008,Nature Communications,2024,figure_or_table_comment,moderate,"trend interpretation, figure evidence","Long-term time series, climate variability, and trend interpretation",true
unit_000620,nature_remote_sensing_review_0008,Nature Communications,2024,figure_or_table_comment,moderate,"trend interpretation, figure evidence","Long-term time series, climate variability, and trend interpretation",true
unit_000621,nature_remote_sensing_review_0008,Nature Communications,2024,figure_or_table_comment,moderate,"trend interpretation, figure evidence","Long-term time series, climate variability, and trend interpretation",true
unit_000622,nature_remote_sensing_review_0008,Nature Communications,2024,minor_comment,minor,manuscript claim or supporting evidence,"Methods, results, discussion structure, and explanatory clarity",true
unit_000623,nature_remote_sensing_review_0008,Nature Communications,2024,moderate_concern,moderate,manuscript claim or supporting evidence,"Methods, results, discussion structure, and explanatory clarity",true
unit_000624,nature_remote_sensing_review_0008,Nature Communications,2024,figure_or_table_comment,moderate,figure evidence,"Figures, extended data, and evidentiary display",true
unit_000625,nature_remote_sensing_review_0008,Nature Communications,2024,figure_or_table_comment,moderate,figure evidence,"Figures, extended data, and evidentiary display",true
unit_000626,nature_remote_sensing_review_0008,Nature Communications,2024,contribution_assessment,moderate,"causal or attribution claim, model performance","Spatial data, resolution, and product coverage",true
unit_000627,nature_remote_sensing_review_0008,Nature Communications,2024,moderate_concern,moderate,manuscript claim or supporting evidence,"Remote-sensing context, citation positioning, and prior work",true
unit_000628,nature_remote_sensing_review_0008,Nature Communications,2024,minor_comment,minor,"model performance, methodological support","Spatial data, resolution, and product coverage",true
unit_000629,nature_remote_sensing_review_0008,Nature Communications,2024,moderate_concern,moderate,"figure evidence, algorithm validity","Remote-sensing context, citation positioning, and prior work",true
unit_000630,nature_remote_sensing_review_0008,Nature Communications,2024,moderate_concern,moderate,model performance,"Remote-sensing context, citation positioning, and prior work",true
unit_000631,nature_remote_sensing_review_0008,Nature Communications,2024,figure_or_table_comment,moderate,"model performance, figure evidence","Spatial data, resolution, and product coverage",true
unit_000632,nature_remote_sensing_review_0008,Nature Communications,2024,moderate_concern,moderate,manuscript claim or supporting evidence,"Remote-sensing context, citation positioning, and prior work",true
unit_000633,nature_remote_sensing_review_0008,Nature Communications,2024,moderate_concern,moderate,manuscript claim or supporting evidence,"Methods, results, discussion structure, and explanatory clarity",true
unit_000634,nature_remote_sensing_review_0008,Nature Communications,2024,moderate_concern,moderate,manuscript claim or supporting evidence,"Methods, results, discussion structure, and explanatory clarity",true
unit_000635,nature_remote_sensing_review_0008,Nature Communications,2024,figure_or_table_comment,moderate,figure evidence,"Spatial data, resolution, and product coverage",true
unit_000636,nature_remote_sensing_review_0008,Nature Communications,2024,figure_or_table_comment,moderate,figure evidence,"Figures, extended data, and evidentiary display",true
unit_000637,nature_remote_sensing_review_0008,Nature Communications,2024,contribution_assessment,moderate,"causal or attribution claim, model performance, methodological support","Methods, results, discussion structure, and explanatory clarity",true
unit_000638,nature_remote_sensing_review_0008,Nature Communications,2024,moderate_concern,moderate,model performance,"Methods, results, discussion structure, and explanatory clarity",true
unit_000639,nature_remote_sensing_review_0008,Nature Communications,2024,contribution_assessment,moderate,table evidence,"Figures, extended data, and evidentiary display",true
unit_000640,nature_remote_sensing_review_0008,Nature Communications,2024,minor_comment,minor,model performance,"Methods, results, discussion structure, and explanatory clarity",true
unit_000641,nature_remote_sensing_review_0008,Nature Communications,2024,moderate_concern,moderate,"trend interpretation, global generalization, model performance","Long-term time series, climate variability, and trend interpretation",true
unit_000642,nature_remote_sensing_review_0008,Nature Communications,2024,moderate_concern,moderate,model performance,"Methods, results, discussion structure, and explanatory clarity",true
unit_000643,nature_remote_sensing_review_0008,Nature Communications,2024,moderate_concern,moderate,model performance,"Methods, results, discussion structure, and explanatory clarity",true
unit_000644,nature_remote_sensing_review_0008,Nature Communications,2024,moderate_concern,moderate,"trend interpretation, global generalization","Long-term time series, climate variability, and trend interpretation",true
unit_000645,nature_remote_sensing_review_0008,Nature Communications,2024,moderate_concern,moderate,manuscript claim or supporting evidence,"Methods, results, discussion structure, and explanatory clarity",true
unit_000646,nature_remote_sensing_review_0008,Nature Communications,2024,contribution_assessment,moderate,model performance,"Methods, results, discussion structure, and explanatory clarity",true
unit_000647,nature_remote_sensing_review_0008,Nature Communications,2024,moderate_concern,moderate,manuscript claim or supporting evidence,"Methods, results, discussion structure, and explanatory clarity",true
unit_000648,nature_remote_sensing_review_0008,Nature Communications,2024,moderate_concern,moderate,model performance,"Machine learning, model performance, and generalization",true
unit_000649,nature_remote_sensing_review_0008,Nature Communications,2024,moderate_concern,moderate,model performance,"Machine learning, model performance, and generalization",true
unit_000650,nature_remote_sensing_review_0008,Nature Communications,2024,moderate_concern,moderate,model performance,"River, water storage, sediment, tidal, and hydraulic interpretation",true
unit_000651,nature_remote_sensing_review_0008,Nature Communications,2024,major_concern,major,"model performance, methodological support, algorithm validity","Machine learning, model performance, and generalization",true
unit_000652,nature_remote_sensing_review_0008,Nature Communications,2024,moderate_concern,moderate,methodological support,"Machine learning, model performance, and generalization",true
unit_000653,nature_remote_sensing_review_0008,Nature Communications,2024,figure_or_table_comment,moderate,figure evidence,"Remote-sensing context, citation positioning, and prior work",true
unit_000654,nature_remote_sensing_review_0008,Nature Communications,2024,moderate_concern,moderate,model performance,"Methods, results, discussion structure, and explanatory clarity",true
unit_000655,nature_remote_sensing_review_0008,Nature Communications,2024,moderate_concern,moderate,manuscript claim or supporting evidence,"Methods, results, discussion structure, and explanatory clarity",true
unit_000656,nature_remote_sensing_review_0008,Nature Communications,2024,figure_or_table_comment,moderate,"model performance, figure evidence, methodological support","Figures, extended data, and evidentiary display",true
unit_000657,nature_remote_sensing_review_0008,Nature Communications,2024,moderate_concern,moderate,model performance,"Boreal forests, burned area, fire size, and post-fire surface response",true
unit_000658,nature_remote_sensing_review_0008,Nature Communications,2024,moderate_concern,moderate,manuscript claim or supporting evidence,"River, water storage, sediment, tidal, and hydraulic interpretation",true
unit_000659,nature_remote_sensing_review_0008,Nature Communications,2024,moderate_concern,moderate,trend interpretation,"Long-term time series, climate variability, and trend interpretation",true
unit_000660,nature_remote_sensing_review_0008,Nature Communications,2024,moderate_concern,moderate,manuscript claim or supporting evidence,"Methods, results, discussion structure, and explanatory clarity",true
unit_000661,nature_remote_sensing_review_0008,Nature Communications,2024,moderate_concern,moderate,manuscript claim or supporting evidence,"Methods, results, discussion structure, and explanatory clarity",true
unit_000662,nature_remote_sensing_review_0008,Nature Communications,2024,major_concern,major,manuscript claim or supporting evidence,"Machine learning, model performance, and generalization",true
unit_000663,nature_remote_sensing_review_0008,Nature Communications,2024,figure_or_table_comment,moderate,figure evidence,"Figures, extended data, and evidentiary display",true
unit_000664,nature_remote_sensing_review_0008,Nature Communications,2024,minor_comment,minor,manuscript claim or supporting evidence,"Methods, results, discussion structure, and explanatory clarity",true
unit_000665,nature_remote_sensing_review_0008,Nature Communications,2024,minor_comment,minor,manuscript claim or supporting evidence,"Long-term time series, climate variability, and trend interpretation",true
unit_000666,nature_remote_sensing_review_0008,Nature Communications,2024,moderate_concern,moderate,manuscript claim or supporting evidence,"Methods, results, discussion structure, and explanatory clarity",true
unit_000667,nature_remote_sensing_review_0008,Nature Communications,2024,moderate_concern,moderate,"table evidence, methodological support","Figures, extended data, and evidentiary display",true
unit_000668,nature_remote_sensing_review_0008,Nature Communications,2024,minor_comment,minor,manuscript claim or supporting evidence,"Methods, results, discussion structure, and explanatory clarity",true
unit_000669,nature_remote_sensing_review_0008,Nature Communications,2024,moderate_concern,moderate,manuscript claim or supporting evidence,"Methods, results, discussion structure, and explanatory clarity",true
unit_000670,nature_remote_sensing_review_0008,Nature Communications,2024,contribution_assessment,moderate,manuscript claim or supporting evidence,"Long-term time series, climate variability, and trend interpretation",true
unit_000671,nature_remote_sensing_review_0008,Nature Communications,2024,moderate_concern,moderate,manuscript claim or supporting evidence,"Methods, results, discussion structure, and explanatory clarity",true
unit_000672,nature_remote_sensing_review_0008,Nature Communications,2024,moderate_concern,moderate,manuscript claim or supporting evidence,"Methods, results, discussion structure, and explanatory clarity",true
unit_000673,nature_remote_sensing_review_0008,Nature Communications,2024,moderate_concern,moderate,manuscript claim or supporting evidence,"Methods, results, discussion structure, and explanatory clarity",true
unit_000674,nature_remote_sensing_review_0008,Nature Communications,2024,moderate_concern,moderate,manuscript claim or supporting evidence,"Methods, results, discussion structure, and explanatory clarity",true
unit_000675,nature_remote_sensing_review_0008,Nature Communications,2024,moderate_concern,moderate,"table evidence, methodological support","Figures, extended data, and evidentiary display",true
unit_000676,nature_remote_sensing_review_0009,Nature Communications,2024,contribution_assessment,moderate,"trend interpretation, global generalization","Long-term time series, climate variability, and trend interpretation",true
unit_000677,nature_remote_sensing_review_0009,Nature Communications,2024,contribution_assessment,moderate,manuscript claim or supporting evidence,"River, water storage, sediment, tidal, and hydraulic interpretation",true
unit_000678,nature_remote_sensing_review_0009,Nature Communications,2024,minor_comment,minor,trend interpretation,"Long-term time series, climate variability, and trend interpretation",true
unit_000679,nature_remote_sensing_review_0009,Nature Communications,2024,moderate_concern,moderate,"uncertainty claim, methodological support","Methods, results, discussion structure, and explanatory clarity",true
unit_000680,nature_remote_sensing_review_0009,Nature Communications,2024,contribution_assessment,moderate,"trend interpretation, methodological support","Long-term time series, climate variability, and trend interpretation",true
unit_000681,nature_remote_sensing_review_0009,Nature Communications,2024,contribution_assessment,moderate,novelty claim,"Spatial data, resolution, and product coverage",true
unit_000682,nature_remote_sensing_review_0009,Nature Communications,2024,contribution_assessment,moderate,"trend interpretation, figure evidence","Long-term time series, climate variability, and trend interpretation",true
unit_000683,nature_remote_sensing_review_0009,Nature Communications,2024,contribution_assessment,minor,methodological support,"Methods, results, discussion structure, and explanatory clarity",true
unit_000684,nature_remote_sensing_review_0009,Nature Communications,2024,minor_comment,minor,manuscript claim or supporting evidence,"Spatial data, resolution, and product coverage",true
unit_000685,nature_remote_sensing_review_0009,Nature Communications,2024,figure_or_table_comment,moderate,"product validity, model performance, figure evidence","Spatial data, resolution, and product coverage",true
unit_000686,nature_remote_sensing_review_0009,Nature Communications,2024,moderate_concern,moderate,"model performance, methodological support","Spatial data, resolution, and product coverage",true
unit_000687,nature_remote_sensing_review_0009,Nature Communications,2024,minor_comment,minor,manuscript claim or supporting evidence,"Spatial data, resolution, and product coverage",true
unit_000688,nature_remote_sensing_review_0009,Nature Communications,2024,minor_comment,minor,model performance,"River, water storage, sediment, tidal, and hydraulic interpretation",true
unit_000689,nature_remote_sensing_review_0009,Nature Communications,2024,moderate_concern,moderate,model performance,"Long-term time series, climate variability, and trend interpretation",true
unit_000690,nature_remote_sensing_review_0009,Nature Communications,2024,line_comment,minor,methodological support,"Methods, results, discussion structure, and explanatory clarity",true
unit_000691,nature_remote_sensing_review_0009,Nature Communications,2024,line_comment,minor,manuscript claim or supporting evidence,"River, water storage, sediment, tidal, and hydraulic interpretation",true
unit_000692,nature_remote_sensing_review_0009,Nature Communications,2024,line_comment,minor,manuscript claim or supporting evidence,"Methods, results, discussion structure, and explanatory clarity",true
unit_000693,nature_remote_sensing_review_0009,Nature Communications,2024,line_comment,moderate,manuscript claim or supporting evidence,"River, water storage, sediment, tidal, and hydraulic interpretation",true
unit_000694,nature_remote_sensing_review_0009,Nature Communications,2024,line_comment,moderate,manuscript claim or supporting evidence,"River, water storage, sediment, tidal, and hydraulic interpretation",true
unit_000695,nature_remote_sensing_review_0009,Nature Communications,2024,line_comment,moderate,manuscript claim or supporting evidence,"River, water storage, sediment, tidal, and hydraulic interpretation",true
unit_000696,nature_remote_sensing_review_0009,Nature Communications,2024,line_comment,moderate,manuscript claim or supporting evidence,"River, water storage, sediment, tidal, and hydraulic interpretation",true
unit_000697,nature_remote_sensing_review_0009,Nature Communications,2024,line_comment,moderate,manuscript claim or supporting evidence,"Methods, results, discussion structure, and explanatory clarity",true
unit_000698,nature_remote_sensing_review_0009,Nature Communications,2024,line_comment,minor,trend interpretation,"Long-term time series, climate variability, and trend interpretation",true
unit_000699,nature_remote_sensing_review_0009,Nature Communications,2024,line_comment,minor,manuscript claim or supporting evidence,"Methods, results, discussion structure, and explanatory clarity",true
unit_000700,nature_remote_sensing_review_0009,Nature Communications,2024,figure_or_table_comment,moderate,figure evidence,"Long-term time series, climate variability, and trend interpretation",true
unit_000701,nature_remote_sensing_review_0009,Nature Communications,2024,line_comment,moderate,manuscript claim or supporting evidence,"Methods, results, discussion structure, and explanatory clarity",true
unit_000702,nature_remote_sensing_review_0009,Nature Communications,2024,line_comment,moderate,table evidence,"Figures, extended data, and evidentiary display",true
unit_000703,nature_remote_sensing_review_0009,Nature Communications,2024,moderate_concern,moderate,causal or attribution claim,"Methods, results, discussion structure, and explanatory clarity",true
unit_000704,nature_remote_sensing_review_0009,Nature Communications,2024,moderate_concern,moderate,algorithm validity,"Remote-sensing context, citation positioning, and prior work",true
unit_000705,nature_remote_sensing_review_0009,Nature Communications,2024,moderate_concern,moderate,manuscript claim or supporting evidence,"Methods, results, discussion structure, and explanatory clarity",true
unit_000706,nature_remote_sensing_review_0009,Nature Communications,2024,contribution_assessment,moderate,"trend interpretation, global generalization","Long-term time series, climate variability, and trend interpretation",true
unit_000707,nature_remote_sensing_review_0009,Nature Communications,2024,minor_comment,minor,trend interpretation,"Long-term time series, climate variability, and trend interpretation",true
unit_000708,nature_remote_sensing_review_0009,Nature Communications,2024,moderate_concern,moderate,manuscript claim or supporting evidence,"Methods, results, discussion structure, and explanatory clarity",true
unit_000709,nature_remote_sensing_review_0009,Nature Communications,2024,moderate_concern,moderate,"trend interpretation, uncertainty claim, methodological support","Long-term time series, climate variability, and trend interpretation",true
unit_000710,nature_remote_sensing_review_0009,Nature Communications,2024,contribution_assessment,moderate,methodological support,"Methods, results, discussion structure, and explanatory clarity",true
unit_000711,nature_remote_sensing_review_0009,Nature Communications,2024,contribution_assessment,minor,"trend interpretation, figure evidence, methodological support","Long-term time series, climate variability, and trend interpretation",true
unit_000712,nature_remote_sensing_review_0009,Nature Communications,2024,minor_comment,minor,manuscript claim or supporting evidence,"Spatial data, resolution, and product coverage",true
unit_000713,nature_remote_sensing_review_0009,Nature Communications,2024,figure_or_table_comment,moderate,"product validity, model performance, figure evidence","Spatial data, resolution, and product coverage",true
unit_000714,nature_remote_sensing_review_0009,Nature Communications,2024,moderate_concern,moderate,"model performance, methodological support","Spatial data, resolution, and product coverage",true
unit_000715,nature_remote_sensing_review_0009,Nature Communications,2024,minor_comment,minor,manuscript claim or supporting evidence,"Spatial data, resolution, and product coverage",true
unit_000716,nature_remote_sensing_review_0009,Nature Communications,2024,minor_comment,minor,model performance,"Long-term time series, climate variability, and trend interpretation",true
unit_000717,nature_remote_sensing_review_0009,Nature Communications,2024,moderate_concern,moderate,manuscript claim or supporting evidence,"Methods, results, discussion structure, and explanatory clarity",true
unit_000718,nature_remote_sensing_review_0009,Nature Communications,2024,line_comment,minor,manuscript claim or supporting evidence,"Methods, results, discussion structure, and explanatory clarity",true
unit_000719,nature_remote_sensing_review_0009,Nature Communications,2024,minor_comment,minor,manuscript claim or supporting evidence,"Methods, results, discussion structure, and explanatory clarity",true
unit_000720,nature_remote_sensing_review_0009,Nature Communications,2024,line_comment,moderate,manuscript claim or supporting evidence,"Methods, results, discussion structure, and explanatory clarity",true
unit_000721,nature_remote_sensing_review_0009,Nature Communications,2024,line_comment,minor,trend interpretation,"Long-term time series, climate variability, and trend interpretation",true
unit_000722,nature_remote_sensing_review_0009,Nature Communications,2024,line_comment,moderate,table evidence,"Figures, extended data, and evidentiary display",true
unit_000723,nature_remote_sensing_review_0009,Nature Communications,2024,figure_or_table_comment,moderate,"causal or attribution claim, table evidence","Figures, extended data, and evidentiary display",true
unit_000724,nature_remote_sensing_review_0009,Nature Communications,2024,moderate_concern,moderate,algorithm validity,"Remote-sensing context, citation positioning, and prior work",true
unit_000725,nature_remote_sensing_review_0009,Nature Communications,2024,moderate_concern,moderate,manuscript claim or supporting evidence,"Methods, results, discussion structure, and explanatory clarity",true
unit_000726,nature_remote_sensing_review_0009,Nature Communications,2024,contribution_assessment,moderate,manuscript claim or supporting evidence,"River, water storage, sediment, tidal, and hydraulic interpretation",true
unit_000727,nature_remote_sensing_review_0009,Nature Communications,2024,moderate_concern,moderate,manuscript claim or supporting evidence,"Methods, results, discussion structure, and explanatory clarity",true
unit_000728,nature_remote_sensing_review_0009,Nature Communications,2024,moderate_concern,moderate,manuscript claim or supporting evidence,"River, water storage, sediment, tidal, and hydraulic interpretation",true
unit_000729,nature_remote_sensing_review_0009,Nature Communications,2024,moderate_concern,moderate,trend interpretation,"Long-term time series, climate variability, and trend interpretation",true
unit_000730,nature_remote_sensing_review_0009,Nature Communications,2024,major_concern,major,trend interpretation,"Long-term time series, climate variability, and trend interpretation",true
unit_000731,nature_remote_sensing_review_0009,Nature Communications,2024,minor_comment,minor,"causal or attribution claim, global generalization","Figures, extended data, and evidentiary display",true
unit_000732,nature_remote_sensing_review_0009,Nature Communications,2024,moderate_concern,moderate,manuscript claim or supporting evidence,"Methods, results, discussion structure, and explanatory clarity",true
unit_000733,nature_remote_sensing_review_0009,Nature Communications,2024,moderate_concern,moderate,algorithm validity,"River, water storage, sediment, tidal, and hydraulic interpretation",true
unit_000734,nature_remote_sensing_review_0009,Nature Communications,2024,contribution_assessment,moderate,algorithm validity,"River, water storage, sediment, tidal, and hydraulic interpretation",true
unit_000735,nature_remote_sensing_review_0009,Nature Communications,2024,contribution_assessment,moderate,manuscript claim or supporting evidence,"Methods, results, discussion structure, and explanatory clarity",true
unit_000736,nature_remote_sensing_review_0009,Nature Communications,2024,contribution_assessment,moderate,uncertainty claim,"Methods, results, discussion structure, and explanatory clarity",true
unit_000737,nature_remote_sensing_review_0009,Nature Communications,2024,moderate_concern,moderate,manuscript claim or supporting evidence,"Concern resolution, code, publication readiness, and reproducibility",true
unit_000738,nature_remote_sensing_review_0009,Nature Communications,2024,moderate_concern,moderate,manuscript claim or supporting evidence,"Methods, results, discussion structure, and explanatory clarity",true
unit_000739,nature_remote_sensing_review_0009,Nature Communications,2024,contribution_assessment,moderate,manuscript claim or supporting evidence,"Methods, results, discussion structure, and explanatory clarity",true
unit_000740,nature_remote_sensing_review_0009,Nature Communications,2024,moderate_concern,moderate,methodological support,"Spatial data, resolution, and product coverage",true
unit_000741,nature_remote_sensing_review_0009,Nature Communications,2024,moderate_concern,moderate,manuscript claim or supporting evidence,"Methods, results, discussion structure, and explanatory clarity",true
unit_000742,nature_remote_sensing_review_0009,Nature Communications,2024,moderate_concern,moderate,"global generalization, product validity","Methods, results, discussion structure, and explanatory clarity",true
unit_000743,nature_remote_sensing_review_0009,Nature Communications,2024,moderate_concern,moderate,table evidence,"Figures, extended data, and evidentiary display",true
unit_000744,nature_remote_sensing_review_0009,Nature Communications,2024,contribution_assessment,moderate,novelty claim,"Spatial data, resolution, and product coverage",true
unit_000745,nature_remote_sensing_review_0009,Nature Communications,2024,moderate_concern,moderate,manuscript claim or supporting evidence,"Methods, results, discussion structure, and explanatory clarity",true
unit_000746,nature_remote_sensing_review_0009,Nature Communications,2024,moderate_concern,moderate,"model performance, methodological support","Methods, results, discussion structure, and explanatory clarity",true
unit_000747,nature_remote_sensing_review_0009,Nature Communications,2024,major_concern,major,model performance,"River, water storage, sediment, tidal, and hydraulic interpretation",true
unit_000748,nature_remote_sensing_review_0009,Nature Communications,2024,moderate_concern,moderate,manuscript claim or supporting evidence,"Methods, results, discussion structure, and explanatory clarity",true
unit_000749,nature_remote_sensing_review_0009,Nature Communications,2024,moderate_concern,moderate,"trend interpretation, model performance","Long-term time series, climate variability, and trend interpretation",true
unit_000750,nature_remote_sensing_review_0009,Nature Communications,2024,moderate_concern,moderate,model performance,"Methods, results, discussion structure, and explanatory clarity",true
unit_000751,nature_remote_sensing_review_0009,Nature Communications,2024,moderate_concern,moderate,manuscript claim or supporting evidence,"River, water storage, sediment, tidal, and hydraulic interpretation",true
unit_000752,nature_remote_sensing_review_0009,Nature Communications,2024,moderate_concern,moderate,model performance,"Methods, results, discussion structure, and explanatory clarity",true
unit_000753,nature_remote_sensing_review_0009,Nature Communications,2024,contribution_assessment,moderate,manuscript claim or supporting evidence,"River, water storage, sediment, tidal, and hydraulic interpretation",true
unit_000754,nature_remote_sensing_review_0009,Nature Communications,2024,major_concern,major,manuscript claim or supporting evidence,"River, water storage, sediment, tidal, and hydraulic interpretation",true
unit_000755,nature_remote_sensing_review_0009,Nature Communications,2024,moderate_concern,moderate,manuscript claim or supporting evidence,C3/C4 vegetation coverage and biome classification,true
unit_000756,nature_remote_sensing_review_0009,Nature Communications,2024,moderate_concern,moderate,manuscript claim or supporting evidence,"Methods, results, discussion structure, and explanatory clarity",true
unit_000757,nature_remote_sensing_review_0009,Nature Communications,2024,moderate_concern,moderate,manuscript claim or supporting evidence,"River, water storage, sediment, tidal, and hydraulic interpretation",true
unit_000758,nature_remote_sensing_review_0009,Nature Communications,2024,moderate_concern,moderate,manuscript claim or supporting evidence,"River, water storage, sediment, tidal, and hydraulic interpretation",true
unit_000759,nature_remote_sensing_review_0009,Nature Communications,2024,major_concern,major,model performance,"River, water storage, sediment, tidal, and hydraulic interpretation",true
unit_000760,nature_remote_sensing_review_0009,Nature Communications,2024,moderate_concern,moderate,model performance,"Spatial data, resolution, and product coverage",true
unit_000761,nature_remote_sensing_review_0009,Nature Communications,2024,moderate_concern,moderate,manuscript claim or supporting evidence,"Methods, results, discussion structure, and explanatory clarity",true
unit_000762,nature_remote_sensing_review_0009,Nature Communications,2024,moderate_concern,moderate,manuscript claim or supporting evidence,"Methods, results, discussion structure, and explanatory clarity",true
unit_000763,nature_remote_sensing_review_0009,Nature Communications,2024,revision_assessment,moderate,manuscript claim or supporting evidence,"Concern resolution, code, publication readiness, and reproducibility",true
unit_000764,nature_remote_sensing_review_0009,Nature Communications,2024,moderate_concern,moderate,"product validity, algorithm validity","Methods, results, discussion structure, and explanatory clarity",true
unit_000765,nature_remote_sensing_review_0009,Nature Communications,2024,contribution_assessment,moderate,manuscript claim or supporting evidence,"River, water storage, sediment, tidal, and hydraulic interpretation",true
unit_000766,nature_remote_sensing_review_0009,Nature Communications,2024,moderate_concern,moderate,"product validity, model performance","Spatial data, resolution, and product coverage",true
unit_000767,nature_remote_sensing_review_0009,Nature Communications,2024,moderate_concern,moderate,manuscript claim or supporting evidence,"Methods, results, discussion structure, and explanatory clarity",true
unit_000768,nature_remote_sensing_review_0009,Nature Communications,2024,moderate_concern,moderate,"product validity, model performance, methodological support","Concern resolution, code, publication readiness, and reproducibility",true
unit_000769,nature_remote_sensing_review_0009,Nature Communications,2024,figure_or_table_comment,moderate,"product validity, model performance, figure evidence","Figures, extended data, and evidentiary display",true
unit_000770,nature_remote_sensing_review_0009,Nature Communications,2024,moderate_concern,moderate,figure evidence,"Figures, extended data, and evidentiary display",true
unit_000771,nature_remote_sensing_review_0009,Nature Communications,2024,moderate_concern,moderate,product validity,"Methods, results, discussion structure, and explanatory clarity",true
unit_000772,nature_remote_sensing_review_0009,Nature Communications,2024,figure_or_table_comment,moderate,"model performance, figure evidence","Figures, extended data, and evidentiary display",true
unit_000773,nature_remote_sensing_review_0009,Nature Communications,2024,moderate_concern,moderate,model performance,"Spatial data, resolution, and product coverage",true
unit_000774,nature_remote_sensing_review_0009,Nature Communications,2024,moderate_concern,moderate,"model performance, methodological support","Spatial data, resolution, and product coverage",true
unit_000775,nature_remote_sensing_review_0009,Nature Communications,2024,moderate_concern,moderate,manuscript claim or supporting evidence,"Spatial data, resolution, and product coverage",true
unit_000776,nature_remote_sensing_review_0009,Nature Communications,2024,moderate_concern,moderate,manuscript claim or supporting evidence,"Spatial data, resolution, and product coverage",true
unit_000777,nature_remote_sensing_review_0009,Nature Communications,2024,major_concern,major,model performance,"Spatial data, resolution, and product coverage",true
unit_000778,nature_remote_sensing_review_0009,Nature Communications,2024,moderate_concern,moderate,methodological support,"Methods, results, discussion structure, and explanatory clarity",true
unit_000779,nature_remote_sensing_review_0009,Nature Communications,2024,moderate_concern,moderate,algorithm validity,"Spatial data, resolution, and product coverage",true
unit_000780,nature_remote_sensing_review_0009,Nature Communications,2024,moderate_concern,moderate,manuscript claim or supporting evidence,"Methods, results, discussion structure, and explanatory clarity",true
unit_000781,nature_remote_sensing_review_0009,Nature Communications,2024,moderate_concern,moderate,manuscript claim or supporting evidence,"Methods, results, discussion structure, and explanatory clarity",true
unit_000782,nature_remote_sensing_review_0009,Nature Communications,2024,moderate_concern,moderate,methodological support,"Concern resolution, code, publication readiness, and reproducibility",true
unit_000783,nature_remote_sensing_review_0009,Nature Communications,2024,moderate_concern,moderate,manuscript claim or supporting evidence,"Methods, results, discussion structure, and explanatory clarity",true
unit_000784,nature_remote_sensing_review_0009,Nature Communications,2024,moderate_concern,moderate,methodological support,"Methods, results, discussion structure, and explanatory clarity",true
unit_000785,nature_remote_sensing_review_0009,Nature Communications,2024,major_concern,major,manuscript claim or supporting evidence,"Figures, extended data, and evidentiary display",true
unit_000786,nature_remote_sensing_review_0009,Nature Communications,2024,moderate_concern,moderate,manuscript claim or supporting evidence,"Figures, extended data, and evidentiary display",true
unit_000787,nature_remote_sensing_review_0009,Nature Communications,2024,moderate_concern,moderate,algorithm validity,"River, water storage, sediment, tidal, and hydraulic interpretation",true
unit_000788,nature_remote_sensing_review_0009,Nature Communications,2024,minor_comment,minor,model performance,"Long-term time series, climate variability, and trend interpretation",true
unit_000789,nature_remote_sensing_review_0009,Nature Communications,2024,moderate_concern,moderate,model performance,"Spatial data, resolution, and product coverage",true
unit_000790,nature_remote_sensing_review_0009,Nature Communications,2024,moderate_concern,moderate,manuscript claim or supporting evidence,"Spatial data, resolution, and product coverage",true
unit_000791,nature_remote_sensing_review_0009,Nature Communications,2024,moderate_concern,moderate,"model performance, methodological support","Spatial data, resolution, and product coverage",true
unit_000792,nature_remote_sensing_review_0009,Nature Communications,2024,moderate_concern,moderate,methodological support,"Methods, results, discussion structure, and explanatory clarity",true
unit_000793,nature_remote_sensing_review_0009,Nature Communications,2024,moderate_concern,moderate,manuscript claim or supporting evidence,"Glacier, ocean mass, mass balance, and cryosphere change",true
unit_000794,nature_remote_sensing_review_0009,Nature Communications,2024,moderate_concern,moderate,algorithm validity,"Methods, results, discussion structure, and explanatory clarity",true
unit_000795,nature_remote_sensing_review_0009,Nature Communications,2024,contribution_assessment,moderate,manuscript claim or supporting evidence,"Spatial data, resolution, and product coverage",true
unit_000796,nature_remote_sensing_review_0009,Nature Communications,2024,moderate_concern,moderate,manuscript claim or supporting evidence,"Spatial data, resolution, and product coverage",true
unit_000797,nature_remote_sensing_review_0009,Nature Communications,2024,minor_comment,minor,"trend interpretation, methodological support","Long-term time series, climate variability, and trend interpretation",true
unit_000798,nature_remote_sensing_review_0009,Nature Communications,2024,moderate_concern,moderate,manuscript claim or supporting evidence,"Concern resolution, code, publication readiness, and reproducibility",true
unit_000799,nature_remote_sensing_review_0009,Nature Communications,2024,moderate_concern,moderate,figure evidence,"Figures, extended data, and evidentiary display",true
unit_000800,nature_remote_sensing_review_0009,Nature Communications,2024,revision_assessment,moderate,manuscript claim or supporting evidence,"Concern resolution, code, publication readiness, and reproducibility",true
unit_000801,nature_remote_sensing_review_0009,Nature Communications,2024,contribution_assessment,moderate,manuscript claim or supporting evidence,"Remote-sensing context, citation positioning, and prior work",true
unit_000802,nature_remote_sensing_review_0009,Nature Communications,2024,moderate_concern,moderate,trend interpretation,"Long-term time series, climate variability, and trend interpretation",true
unit_000803,nature_remote_sensing_review_0009,Nature Communications,2024,contribution_assessment,moderate,manuscript claim or supporting evidence,"Methods, results, discussion structure, and explanatory clarity",true
unit_000804,nature_remote_sensing_review_0009,Nature Communications,2024,contribution_assessment,moderate,manuscript claim or supporting evidence,"Methods, results, discussion structure, and explanatory clarity",true
unit_000805,nature_remote_sensing_review_0009,Nature Communications,2024,moderate_concern,moderate,manuscript claim or supporting evidence,"Methods, results, discussion structure, and explanatory clarity",true
unit_000806,nature_remote_sensing_review_0009,Nature Communications,2024,moderate_concern,moderate,manuscript claim or supporting evidence,"River, water storage, sediment, tidal, and hydraulic interpretation",true
unit_000807,nature_remote_sensing_review_0009,Nature Communications,2024,revision_assessment,moderate,manuscript claim or supporting evidence,"Concern resolution, code, publication readiness, and reproducibility",true
unit_000808,nature_remote_sensing_review_0009,Nature Communications,2024,moderate_concern,moderate,manuscript claim or supporting evidence,"River, water storage, sediment, tidal, and hydraulic interpretation",true
unit_000809,nature_remote_sensing_review_0009,Nature Communications,2024,moderate_concern,moderate,manuscript claim or supporting evidence,"Methods, results, discussion structure, and explanatory clarity",true
unit_000810,nature_remote_sensing_review_0009,Nature Communications,2024,moderate_concern,moderate,manuscript claim or supporting evidence,"Methods, results, discussion structure, and explanatory clarity",true
unit_000811,nature_remote_sensing_review_0009,Nature Communications,2024,moderate_concern,moderate,manuscript claim or supporting evidence,"River, water storage, sediment, tidal, and hydraulic interpretation",true
unit_000812,nature_remote_sensing_review_0009,Nature Communications,2024,contribution_assessment,moderate,manuscript claim or supporting evidence,"River, water storage, sediment, tidal, and hydraulic interpretation",true
unit_000813,nature_remote_sensing_review_0009,Nature Communications,2024,moderate_concern,moderate,manuscript claim or supporting evidence,"River, water storage, sediment, tidal, and hydraulic interpretation",true
unit_000814,nature_remote_sensing_review_0009,Nature Communications,2024,moderate_concern,moderate,manuscript claim or supporting evidence,"Spatial data, resolution, and product coverage",true
unit_000815,nature_remote_sensing_review_0009,Nature Communications,2024,moderate_concern,moderate,manuscript claim or supporting evidence,"Spatial data, resolution, and product coverage",true
unit_000816,nature_remote_sensing_review_0009,Nature Communications,2024,moderate_concern,moderate,manuscript claim or supporting evidence,"River, water storage, sediment, tidal, and hydraulic interpretation",true
unit_000817,nature_remote_sensing_review_0009,Nature Communications,2024,moderate_concern,moderate,manuscript claim or supporting evidence,"Methods, results, discussion structure, and explanatory clarity",true
unit_000818,nature_remote_sensing_review_0009,Nature Communications,2024,moderate_concern,moderate,methodological support,"Methods, results, discussion structure, and explanatory clarity",true
unit_000819,nature_remote_sensing_review_0009,Nature Communications,2024,contribution_assessment,moderate,manuscript claim or supporting evidence,"Spatial data, resolution, and product coverage",true
unit_000820,nature_remote_sensing_review_0009,Nature Communications,2024,figure_or_table_comment,moderate,"table evidence, methodological support","Figures, extended data, and evidentiary display",true
unit_000821,nature_remote_sensing_review_0009,Nature Communications,2024,moderate_concern,moderate,manuscript claim or supporting evidence,"Methods, results, discussion structure, and explanatory clarity",true
unit_000822,nature_remote_sensing_review_0009,Nature Communications,2024,figure_or_table_comment,moderate,table evidence,"Figures, extended data, and evidentiary display",true
unit_000823,nature_remote_sensing_review_0009,Nature Communications,2024,figure_or_table_comment,moderate,"model performance, table evidence, methodological support","Spatial data, resolution, and product coverage",true
unit_000824,nature_remote_sensing_review_0009,Nature Communications,2024,moderate_concern,moderate,manuscript claim or supporting evidence,"River, water storage, sediment, tidal, and hydraulic interpretation",true
unit_000825,nature_remote_sensing_review_0009,Nature Communications,2024,moderate_concern,moderate,manuscript claim or supporting evidence,"River, water storage, sediment, tidal, and hydraulic interpretation",true
unit_000826,nature_remote_sensing_review_0009,Nature Communications,2024,moderate_concern,moderate,algorithm validity,"Remote-sensing context, citation positioning, and prior work",true
unit_000827,nature_remote_sensing_review_0009,Nature Communications,2024,moderate_concern,moderate,manuscript claim or supporting evidence,"Remote-sensing context, citation positioning, and prior work",true
unit_000828,nature_remote_sensing_review_0009,Nature Communications,2024,moderate_concern,moderate,manuscript claim or supporting evidence,"Spatial data, resolution, and product coverage",true
unit_000829,nature_remote_sensing_review_0009,Nature Communications,2024,moderate_concern,moderate,algorithm validity,"Sea level, vertical land motion, InSAR, and coastal elevation change",true
unit_000830,nature_remote_sensing_review_0009,Nature Communications,2024,moderate_concern,moderate,manuscript claim or supporting evidence,"Methods, results, discussion structure, and explanatory clarity",true
unit_000831,nature_remote_sensing_review_0009,Nature Communications,2024,moderate_concern,moderate,global generalization,"River, water storage, sediment, tidal, and hydraulic interpretation",true
unit_000832,nature_remote_sensing_review_0009,Nature Communications,2024,moderate_concern,moderate,manuscript claim or supporting evidence,"River, water storage, sediment, tidal, and hydraulic interpretation",true
unit_000833,nature_remote_sensing_review_0009,Nature Communications,2024,moderate_concern,moderate,global generalization,"River, water storage, sediment, tidal, and hydraulic interpretation",true
unit_000834,nature_remote_sensing_review_0009,Nature Communications,2024,moderate_concern,moderate,manuscript claim or supporting evidence,"River, water storage, sediment, tidal, and hydraulic interpretation",true
unit_000835,nature_remote_sensing_review_0009,Nature Communications,2024,moderate_concern,moderate,global generalization,"Methods, results, discussion structure, and explanatory clarity",true
unit_000836,nature_remote_sensing_review_0009,Nature Communications,2024,moderate_concern,moderate,manuscript claim or supporting evidence,"Methods, results, discussion structure, and explanatory clarity",true
unit_000837,nature_remote_sensing_review_0009,Nature Communications,2024,moderate_concern,moderate,manuscript claim or supporting evidence,"River, water storage, sediment, tidal, and hydraulic interpretation",true
unit_000838,nature_remote_sensing_review_0009,Nature Communications,2024,moderate_concern,moderate,manuscript claim or supporting evidence,"River, water storage, sediment, tidal, and hydraulic interpretation",true
unit_000839,nature_remote_sensing_review_0009,Nature Communications,2024,moderate_concern,moderate,manuscript claim or supporting evidence,"River, water storage, sediment, tidal, and hydraulic interpretation",true
unit_000840,nature_remote_sensing_review_0009,Nature Communications,2024,moderate_concern,moderate,"causal or attribution claim, model performance","Soil moisture, wind shear, low-level circulation, and event dynamics",true
unit_000841,nature_remote_sensing_review_0009,Nature Communications,2024,moderate_concern,moderate,model performance,"Machine learning, model performance, and generalization",true
unit_000842,nature_remote_sensing_review_0009,Nature Communications,2024,moderate_concern,moderate,manuscript claim or supporting evidence,"River, water storage, sediment, tidal, and hydraulic interpretation",true
unit_000843,nature_remote_sensing_review_0009,Nature Communications,2024,major_concern,major,global generalization,"River, water storage, sediment, tidal, and hydraulic interpretation",true
unit_000844,nature_remote_sensing_review_0009,Nature Communications,2024,moderate_concern,moderate,manuscript claim or supporting evidence,"Methods, results, discussion structure, and explanatory clarity",true
unit_000845,nature_remote_sensing_review_0009,Nature Communications,2024,moderate_concern,moderate,manuscript claim or supporting evidence,"Figures, extended data, and evidentiary display",true
unit_000846,nature_remote_sensing_review_0009,Nature Communications,2024,moderate_concern,moderate,manuscript claim or supporting evidence,"Methods, results, discussion structure, and explanatory clarity",true
unit_000847,nature_remote_sensing_review_0009,Nature Communications,2024,moderate_concern,moderate,manuscript claim or supporting evidence,"River, water storage, sediment, tidal, and hydraulic interpretation",true
unit_000848,nature_remote_sensing_review_0009,Nature Communications,2024,moderate_concern,moderate,model performance,"Methods, results, discussion structure, and explanatory clarity",true
unit_000849,nature_remote_sensing_review_0009,Nature Communications,2024,moderate_concern,moderate,manuscript claim or supporting evidence,"Spatial data, resolution, and product coverage",true
unit_000850,nature_remote_sensing_review_0009,Nature Communications,2024,moderate_concern,moderate,manuscript claim or supporting evidence,"River, water storage, sediment, tidal, and hydraulic interpretation",true
unit_000851,nature_remote_sensing_review_0009,Nature Communications,2024,moderate_concern,moderate,manuscript claim or supporting evidence,"River, water storage, sediment, tidal, and hydraulic interpretation",true
unit_000852,nature_remote_sensing_review_0009,Nature Communications,2024,moderate_concern,moderate,causal or attribution claim,"River, water storage, sediment, tidal, and hydraulic interpretation",true
unit_000853,nature_remote_sensing_review_0009,Nature Communications,2024,moderate_concern,moderate,model performance,"Machine learning, model performance, and generalization",true
unit_000854,nature_remote_sensing_review_0009,Nature Communications,2024,contribution_assessment,moderate,manuscript claim or supporting evidence,"Methods, results, discussion structure, and explanatory clarity",true
unit_000855,nature_remote_sensing_review_0009,Nature Communications,2024,moderate_concern,moderate,manuscript claim or supporting evidence,"Methods, results, discussion structure, and explanatory clarity",true
unit_000856,nature_remote_sensing_review_0009,Nature Communications,2024,line_comment,minor,manuscript claim or supporting evidence,"Methods, results, discussion structure, and explanatory clarity",true
unit_000857,nature_remote_sensing_review_0010,Nature Communications,2024,major_concern,major,manuscript claim or supporting evidence,"Amazon, forest cover, land-use pressure, and forest resilience",true
unit_000858,nature_remote_sensing_review_0010,Nature Communications,2024,revision_assessment,major,methodological support,"Spatial data, resolution, and product coverage",true
unit_000859,nature_remote_sensing_review_0010,Nature Communications,2024,line_comment,minor,model performance,"Remote-sensing context, citation positioning, and prior work",true
unit_000860,nature_remote_sensing_review_0010,Nature Communications,2024,minor_comment,minor,trend interpretation,"Long-term time series, climate variability, and trend interpretation",true
unit_000861,nature_remote_sensing_review_0010,Nature Communications,2024,moderate_concern,moderate,trend interpretation,"Long-term time series, climate variability, and trend interpretation",true
unit_000862,nature_remote_sensing_review_0010,Nature Communications,2024,line_comment,minor,manuscript claim or supporting evidence,"Spatial data, resolution, and product coverage",true
unit_000863,nature_remote_sensing_review_0010,Nature Communications,2024,line_comment,moderate,manuscript claim or supporting evidence,"Spatial data, resolution, and product coverage",true
unit_000864,nature_remote_sensing_review_0010,Nature Communications,2024,line_comment,moderate,manuscript claim or supporting evidence,"Spatial data, resolution, and product coverage",true
unit_000865,nature_remote_sensing_review_0010,Nature Communications,2024,minor_comment,minor,manuscript claim or supporting evidence,"Methods, results, discussion structure, and explanatory clarity",true
unit_000866,nature_remote_sensing_review_0010,Nature Communications,2024,line_comment,moderate,manuscript claim or supporting evidence,"Boreal forests, burned area, fire size, and post-fire surface response",true
unit_000867,nature_remote_sensing_review_0010,Nature Communications,2024,line_comment,moderate,manuscript claim or supporting evidence,"Methods, results, discussion structure, and explanatory clarity",true
unit_000868,nature_remote_sensing_review_0010,Nature Communications,2024,line_comment,moderate,manuscript claim or supporting evidence,"Amazon, forest cover, land-use pressure, and forest resilience",true
unit_000869,nature_remote_sensing_review_0010,Nature Communications,2024,moderate_concern,moderate,manuscript claim or supporting evidence,"Amazon, forest cover, land-use pressure, and forest resilience",true
unit_000870,nature_remote_sensing_review_0010,Nature Communications,2024,line_comment,minor,manuscript claim or supporting evidence,"Methods, results, discussion structure, and explanatory clarity",true
unit_000871,nature_remote_sensing_review_0010,Nature Communications,2024,line_comment,minor,manuscript claim or supporting evidence,"Methods, results, discussion structure, and explanatory clarity",true
unit_000872,nature_remote_sensing_review_0010,Nature Communications,2024,line_comment,moderate,manuscript claim or supporting evidence,"Figures, extended data, and evidentiary display",true
unit_000873,nature_remote_sensing_review_0010,Nature Communications,2024,line_comment,minor,manuscript claim or supporting evidence,"Spatial data, resolution, and product coverage",true
unit_000874,nature_remote_sensing_review_0010,Nature Communications,2024,line_comment,moderate,manuscript claim or supporting evidence,"Spatial data, resolution, and product coverage",true
unit_000875,nature_remote_sensing_review_0010,Nature Communications,2024,moderate_concern,moderate,manuscript claim or supporting evidence,"Methods, results, discussion structure, and explanatory clarity",true
unit_000876,nature_remote_sensing_review_0010,Nature Communications,2024,line_comment,moderate,manuscript claim or supporting evidence,"Methods, results, discussion structure, and explanatory clarity",true
unit_000877,nature_remote_sensing_review_0010,Nature Communications,2024,line_comment,moderate,manuscript claim or supporting evidence,"Methods, results, discussion structure, and explanatory clarity",true
unit_000878,nature_remote_sensing_review_0010,Nature Communications,2024,moderate_concern,moderate,global generalization,"Spatial data, resolution, and product coverage",true
unit_000879,nature_remote_sensing_review_0010,Nature Communications,2024,moderate_concern,moderate,table evidence,"Figures, extended data, and evidentiary display",true
unit_000880,nature_remote_sensing_review_0010,Nature Communications,2024,moderate_concern,moderate,methodological support,"Methods, results, discussion structure, and explanatory clarity",true
unit_000881,nature_remote_sensing_review_0010,Nature Communications,2024,minor_comment,minor,manuscript claim or supporting evidence,"Methods, results, discussion structure, and explanatory clarity",true
unit_000882,nature_remote_sensing_review_0010,Nature Communications,2024,contribution_assessment,minor,manuscript claim or supporting evidence,"Methods, results, discussion structure, and explanatory clarity",true
unit_000883,nature_remote_sensing_review_0010,Nature Communications,2024,moderate_concern,moderate,algorithm validity,"Methods, results, discussion structure, and explanatory clarity",true
unit_000884,nature_remote_sensing_review_0010,Nature Communications,2024,moderate_concern,moderate,manuscript claim or supporting evidence,"Methods, results, discussion structure, and explanatory clarity",true
unit_000885,nature_remote_sensing_review_0010,Nature Communications,2024,line_comment,minor,manuscript claim or supporting evidence,"Methods, results, discussion structure, and explanatory clarity",true
unit_000886,nature_remote_sensing_review_0010,Nature Communications,2024,line_comment,moderate,"global generalization, table evidence","Spatial data, resolution, and product coverage",true
unit_000887,nature_remote_sensing_review_0010,Nature Communications,2024,line_comment,moderate,manuscript claim or supporting evidence,"Spatial data, resolution, and product coverage",true
unit_000888,nature_remote_sensing_review_0010,Nature Communications,2024,line_comment,moderate,manuscript claim or supporting evidence,"Machine learning, model performance, and generalization",true
unit_000889,nature_remote_sensing_review_0010,Nature Communications,2024,line_comment,moderate,uncertainty claim,"Methods, results, discussion structure, and explanatory clarity",true
unit_000890,nature_remote_sensing_review_0010,Nature Communications,2024,line_comment,moderate,manuscript claim or supporting evidence,"Methods, results, discussion structure, and explanatory clarity",true
unit_000891,nature_remote_sensing_review_0010,Nature Communications,2024,line_comment,moderate,manuscript claim or supporting evidence,"Methods, results, discussion structure, and explanatory clarity",true
unit_000892,nature_remote_sensing_review_0010,Nature Communications,2024,figure_or_table_comment,minor,manuscript claim or supporting evidence,"Figures, extended data, and evidentiary display",true
unit_000893,nature_remote_sensing_review_0010,Nature Communications,2024,line_comment,moderate,manuscript claim or supporting evidence,"Methods, results, discussion structure, and explanatory clarity",true
unit_000894,nature_remote_sensing_review_0010,Nature Communications,2024,line_comment,moderate,model performance,"Methods, results, discussion structure, and explanatory clarity",true
unit_000895,nature_remote_sensing_review_0010,Nature Communications,2024,line_comment,moderate,manuscript claim or supporting evidence,"Methods, results, discussion structure, and explanatory clarity",true
unit_000896,nature_remote_sensing_review_0010,Nature Communications,2024,line_comment,moderate,manuscript claim or supporting evidence,"Methods, results, discussion structure, and explanatory clarity",true
unit_000897,nature_remote_sensing_review_0010,Nature Communications,2024,line_comment,moderate,manuscript claim or supporting evidence,"Methods, results, discussion structure, and explanatory clarity",true
unit_000898,nature_remote_sensing_review_0010,Nature Communications,2024,line_comment,minor,manuscript claim or supporting evidence,"Methods, results, discussion structure, and explanatory clarity",true
unit_000899,nature_remote_sensing_review_0010,Nature Communications,2024,line_comment,moderate,methodological support,"Methods, results, discussion structure, and explanatory clarity",true
unit_000900,nature_remote_sensing_review_0010,Nature Communications,2024,moderate_concern,moderate,manuscript claim or supporting evidence,"Figures, extended data, and evidentiary display",true
unit_000901,nature_remote_sensing_review_0010,Nature Communications,2024,moderate_concern,moderate,manuscript claim or supporting evidence,"Long-term time series, climate variability, and trend interpretation",true
unit_000902,nature_remote_sensing_review_0010,Nature Communications,2024,moderate_concern,moderate,uncertainty claim,"Methods, results, discussion structure, and explanatory clarity",true
unit_000903,nature_remote_sensing_review_0011,Nature Communications,2024,moderate_concern,moderate,model performance,"Long-term time series, climate variability, and trend interpretation",true
unit_000904,nature_remote_sensing_review_0011,Nature Communications,2024,contribution_assessment,moderate,model performance,"Methods, results, discussion structure, and explanatory clarity",true
unit_000905,nature_remote_sensing_review_0011,Nature Communications,2024,moderate_concern,moderate,model performance,"Methods, results, discussion structure, and explanatory clarity",true
unit_000906,nature_remote_sensing_review_0011,Nature Communications,2024,moderate_concern,moderate,model performance,"Figures, extended data, and evidentiary display",true
unit_000907,nature_remote_sensing_review_0011,Nature Communications,2024,minor_comment,minor,manuscript claim or supporting evidence,"Remote-sensing context, citation positioning, and prior work",true
unit_000908,nature_remote_sensing_review_0011,Nature Communications,2024,figure_or_table_comment,moderate,figure evidence,"Remote-sensing context, citation positioning, and prior work",true
unit_000909,nature_remote_sensing_review_0011,Nature Communications,2024,minor_comment,minor,model performance,"Boreal forests, burned area, fire size, and post-fire surface response",true
unit_000910,nature_remote_sensing_review_0011,Nature Communications,2024,contribution_assessment,moderate,"table evidence, methodological support","Figures, extended data, and evidentiary display",true
unit_000911,nature_remote_sensing_review_0011,Nature Communications,2024,moderate_concern,moderate,"model performance, table evidence","Figures, extended data, and evidentiary display",true
unit_000912,nature_remote_sensing_review_0011,Nature Communications,2024,contribution_assessment,minor,"model performance, table evidence, methodological support","Spatial data, resolution, and product coverage",true
unit_000913,nature_remote_sensing_review_0011,Nature Communications,2024,figure_or_table_comment,moderate,"model performance, figure evidence","Figures, extended data, and evidentiary display",true
unit_000914,nature_remote_sensing_review_0011,Nature Communications,2024,moderate_concern,moderate,manuscript claim or supporting evidence,"Methods, results, discussion structure, and explanatory clarity",true
unit_000915,nature_remote_sensing_review_0011,Nature Communications,2024,figure_or_table_comment,minor,"figure evidence, methodological support","Remote-sensing context, citation positioning, and prior work",true
unit_000916,nature_remote_sensing_review_0011,Nature Communications,2024,line_comment,moderate,manuscript claim or supporting evidence,"Remote-sensing context, citation positioning, and prior work",true
unit_000917,nature_remote_sensing_review_0011,Nature Communications,2024,line_comment,moderate,manuscript claim or supporting evidence,"Methods, results, discussion structure, and explanatory clarity",true
unit_000918,nature_remote_sensing_review_0011,Nature Communications,2024,line_comment,moderate,manuscript claim or supporting evidence,"Methods, results, discussion structure, and explanatory clarity",true
unit_000919,nature_remote_sensing_review_0011,Nature Communications,2024,figure_or_table_comment,moderate,figure evidence,"Figures, extended data, and evidentiary display",true
unit_000920,nature_remote_sensing_review_0011,Nature Communications,2024,moderate_concern,moderate,manuscript claim or supporting evidence,"Methods, results, discussion structure, and explanatory clarity",true
unit_000921,nature_remote_sensing_review_0011,Nature Communications,2024,line_comment,moderate,manuscript claim or supporting evidence,"Methods, results, discussion structure, and explanatory clarity",true
unit_000922,nature_remote_sensing_review_0011,Nature Communications,2024,line_comment,moderate,model performance,"Methods, results, discussion structure, and explanatory clarity",true
unit_000923,nature_remote_sensing_review_0011,Nature Communications,2024,line_comment,moderate,manuscript claim or supporting evidence,"Methods, results, discussion structure, and explanatory clarity",true
unit_000924,nature_remote_sensing_review_0011,Nature Communications,2024,line_comment,moderate,table evidence,"Figures, extended data, and evidentiary display",true
unit_000925,nature_remote_sensing_review_0011,Nature Communications,2024,figure_or_table_comment,moderate,figure evidence,"Figures, extended data, and evidentiary display",true
unit_000926,nature_remote_sensing_review_0011,Nature Communications,2024,line_comment,moderate,figure evidence,"Figures, extended data, and evidentiary display",true
unit_000927,nature_remote_sensing_review_0011,Nature Communications,2024,line_comment,moderate,manuscript claim or supporting evidence,"Methods, results, discussion structure, and explanatory clarity",true
unit_000928,nature_remote_sensing_review_0011,Nature Communications,2024,figure_or_table_comment,moderate,"model performance, table evidence, methodological support","Figures, extended data, and evidentiary display",true
unit_000929,nature_remote_sensing_review_0011,Nature Communications,2024,line_comment,moderate,manuscript claim or supporting evidence,"Methods, results, discussion structure, and explanatory clarity",true
unit_000930,nature_remote_sensing_review_0011,Nature Communications,2024,line_comment,moderate,manuscript claim or supporting evidence,"Methods, results, discussion structure, and explanatory clarity",true
unit_000931,nature_remote_sensing_review_0011,Nature Communications,2024,figure_or_table_comment,moderate,"model performance, table evidence","Figures, extended data, and evidentiary display",true
unit_000932,nature_remote_sensing_review_0011,Nature Communications,2024,moderate_concern,moderate,manuscript claim or supporting evidence,"Figures, extended data, and evidentiary display",true
unit_000933,nature_remote_sensing_review_0011,Nature Communications,2024,line_comment,moderate,manuscript claim or supporting evidence,"Methods, results, discussion structure, and explanatory clarity",true
unit_000934,nature_remote_sensing_review_0011,Nature Communications,2024,line_comment,moderate,manuscript claim or supporting evidence,"Methods, results, discussion structure, and explanatory clarity",true
unit_000935,nature_remote_sensing_review_0011,Nature Communications,2024,line_comment,moderate,manuscript claim or supporting evidence,"Methods, results, discussion structure, and explanatory clarity",true
unit_000936,nature_remote_sensing_review_0011,Nature Communications,2024,revision_assessment,moderate,manuscript claim or supporting evidence,"Concern resolution, code, publication readiness, and reproducibility",true
unit_000937,nature_remote_sensing_review_0011,Nature Communications,2024,moderate_concern,moderate,model performance,"Methods, results, discussion structure, and explanatory clarity",true
unit_000938,nature_remote_sensing_review_0011,Nature Communications,2024,contribution_assessment,minor,model performance,"Methods, results, discussion structure, and explanatory clarity",true
unit_000939,nature_remote_sensing_review_0011,Nature Communications,2024,revision_assessment,minor,figure evidence,"Spatial data, resolution, and product coverage",true
unit_000940,nature_remote_sensing_review_0011,Nature Communications,2024,moderate_concern,moderate,model performance,"Emission, source attribution, and plume-like inference",true
unit_000941,nature_remote_sensing_review_0011,Nature Communications,2024,minor_comment,minor,manuscript claim or supporting evidence,"Methods, results, discussion structure, and explanatory clarity",true
unit_000942,nature_remote_sensing_review_0011,Nature Communications,2024,moderate_concern,moderate,manuscript claim or supporting evidence,"Methods, results, discussion structure, and explanatory clarity",true
unit_000943,nature_remote_sensing_review_0011,Nature Communications,2024,moderate_concern,moderate,manuscript claim or supporting evidence,"Methods, results, discussion structure, and explanatory clarity",true
unit_000944,nature_remote_sensing_review_0011,Nature Communications,2024,moderate_concern,moderate,manuscript claim or supporting evidence,"Methods, results, discussion structure, and explanatory clarity",true
unit_000945,nature_remote_sensing_review_0011,Nature Communications,2024,moderate_concern,moderate,manuscript claim or supporting evidence,"Figures, extended data, and evidentiary display",true
unit_000946,nature_remote_sensing_review_0011,Nature Communications,2024,moderate_concern,moderate,manuscript claim or supporting evidence,"Methods, results, discussion structure, and explanatory clarity",true
unit_000947,nature_remote_sensing_review_0011,Nature Communications,2024,figure_or_table_comment,minor,figure evidence,"Figures, extended data, and evidentiary display",true
unit_000948,nature_remote_sensing_review_0011,Nature Communications,2024,moderate_concern,moderate,manuscript claim or supporting evidence,"Methods, results, discussion structure, and explanatory clarity",true
unit_000949,nature_remote_sensing_review_0011,Nature Communications,2024,minor_comment,minor,manuscript claim or supporting evidence,"Figures, extended data, and evidentiary display",true
unit_000950,nature_remote_sensing_review_0011,Nature Communications,2024,moderate_concern,moderate,"model performance, methodological support","Long-term time series, climate variability, and trend interpretation",true
unit_000951,nature_remote_sensing_review_0011,Nature Communications,2024,minor_comment,minor,"uncertainty claim, model performance, methodological support","Remote-sensing context, citation positioning, and prior work",true
unit_000952,nature_remote_sensing_review_0011,Nature Communications,2024,moderate_concern,moderate,manuscript claim or supporting evidence,"Methods, results, discussion structure, and explanatory clarity",true
unit_000953,nature_remote_sensing_review_0011,Nature Communications,2024,line_comment,moderate,manuscript claim or supporting evidence,"Methods, results, discussion structure, and explanatory clarity",true
unit_000954,nature_remote_sensing_review_0011,Nature Communications,2024,moderate_concern,moderate,manuscript claim or supporting evidence,"Methods, results, discussion structure, and explanatory clarity",true
unit_000955,nature_remote_sensing_review_0011,Nature Communications,2024,line_comment,minor,manuscript claim or supporting evidence,"Methods, results, discussion structure, and explanatory clarity",true
unit_000956,nature_remote_sensing_review_0011,Nature Communications,2024,line_comment,moderate,manuscript claim or supporting evidence,"Methods, results, discussion structure, and explanatory clarity",true
unit_000957,nature_remote_sensing_review_0011,Nature Communications,2024,moderate_concern,moderate,"uncertainty claim, model performance","Amazon, forest cover, land-use pressure, and forest resilience",true
unit_000958,nature_remote_sensing_review_0012,Nature Communications,2024,moderate_concern,moderate,global generalization,C3/C4 vegetation coverage and biome classification,true
unit_000959,nature_remote_sensing_review_0012,Nature Communications,2024,moderate_concern,moderate,global generalization,C3/C4 vegetation coverage and biome classification,true
unit_000960,nature_remote_sensing_review_0012,Nature Communications,2024,moderate_concern,moderate,"global generalization, model performance, methodological support","Figures, extended data, and evidentiary display",true
unit_000961,nature_remote_sensing_review_0012,Nature Communications,2024,contribution_assessment,minor,"global generalization, model performance","Spatial data, resolution, and product coverage",true
unit_000962,nature_remote_sensing_review_0012,Nature Communications,2024,moderate_concern,moderate,model performance,"Spatial data, resolution, and product coverage",true
unit_000963,nature_remote_sensing_review_0012,Nature Communications,2024,moderate_concern,moderate,"global generalization, uncertainty claim, model performance","Spatial data, resolution, and product coverage",true
unit_000964,nature_remote_sensing_review_0012,Nature Communications,2024,contribution_assessment,moderate,"model performance, methodological support","Spatial data, resolution, and product coverage",true
unit_000965,nature_remote_sensing_review_0012,Nature Communications,2024,contribution_assessment,moderate,"product validity, model performance","Tree cover, land cover, land-use change, and mapping definitions",true
unit_000966,nature_remote_sensing_review_0012,Nature Communications,2024,moderate_concern,moderate,"causal or attribution claim, model performance","Figures, extended data, and evidentiary display",true
unit_000967,nature_remote_sensing_review_0012,Nature Communications,2024,moderate_concern,moderate,"model performance, table evidence, methodological support","Spatial data, resolution, and product coverage",true
unit_000968,nature_remote_sensing_review_0012,Nature Communications,2024,contribution_assessment,major,"model performance, methodological support","Spatial data, resolution, and product coverage",true
unit_000969,nature_remote_sensing_review_0012,Nature Communications,2024,contribution_assessment,major,methodological support,"Spatial data, resolution, and product coverage",true
unit_000970,nature_remote_sensing_review_0012,Nature Communications,2024,moderate_concern,moderate,manuscript claim or supporting evidence,C3/C4 vegetation coverage and biome classification,true
unit_000971,nature_remote_sensing_review_0012,Nature Communications,2024,minor_comment,minor,manuscript claim or supporting evidence,"Spatial data, resolution, and product coverage",true
unit_000972,nature_remote_sensing_review_0012,Nature Communications,2024,figure_or_table_comment,moderate,"figure evidence, methodological support","Spatial data, resolution, and product coverage",true
unit_000973,nature_remote_sensing_review_0012,Nature Communications,2024,moderate_concern,moderate,"model performance, methodological support","Spatial data, resolution, and product coverage",true
unit_000974,nature_remote_sensing_review_0012,Nature Communications,2024,minor_comment,minor,global generalization,"Spatial data, resolution, and product coverage",true
unit_000975,nature_remote_sensing_review_0012,Nature Communications,2024,moderate_concern,moderate,"global generalization, methodological support","Spatial data, resolution, and product coverage",true
unit_000976,nature_remote_sensing_review_0012,Nature Communications,2024,moderate_concern,moderate,manuscript claim or supporting evidence,"Methods, results, discussion structure, and explanatory clarity",true
unit_000977,nature_remote_sensing_review_0012,Nature Communications,2024,line_comment,moderate,manuscript claim or supporting evidence,"Methods, results, discussion structure, and explanatory clarity",true
unit_000978,nature_remote_sensing_review_0012,Nature Communications,2024,line_comment,moderate,manuscript claim or supporting evidence,"Amazon, forest cover, land-use pressure, and forest resilience",true
unit_000979,nature_remote_sensing_review_0012,Nature Communications,2024,line_comment,minor,manuscript claim or supporting evidence,"Methods, results, discussion structure, and explanatory clarity",true
unit_000980,nature_remote_sensing_review_0012,Nature Communications,2024,moderate_concern,moderate,manuscript claim or supporting evidence,"Methods, results, discussion structure, and explanatory clarity",true
unit_000981,nature_remote_sensing_review_0012,Nature Communications,2024,line_comment,moderate,manuscript claim or supporting evidence,C3/C4 vegetation coverage and biome classification,true
unit_000982,nature_remote_sensing_review_0012,Nature Communications,2024,line_comment,moderate,global generalization,"Spatial data, resolution, and product coverage",true
unit_000983,nature_remote_sensing_review_0012,Nature Communications,2024,line_comment,moderate,product validity,"Figures, extended data, and evidentiary display",true
unit_000984,nature_remote_sensing_review_0012,Nature Communications,2024,line_comment,moderate,"novelty claim, model performance","Spatial data, resolution, and product coverage",true
unit_000985,nature_remote_sensing_review_0012,Nature Communications,2024,line_comment,moderate,manuscript claim or supporting evidence,"Methods, results, discussion structure, and explanatory clarity",true
unit_000986,nature_remote_sensing_review_0012,Nature Communications,2024,line_comment,moderate,manuscript claim or supporting evidence,"Methods, results, discussion structure, and explanatory clarity",true
unit_000987,nature_remote_sensing_review_0012,Nature Communications,2024,line_comment,moderate,manuscript claim or supporting evidence,"Methods, results, discussion structure, and explanatory clarity",true
unit_000988,nature_remote_sensing_review_0012,Nature Communications,2024,line_comment,moderate,manuscript claim or supporting evidence,"Methods, results, discussion structure, and explanatory clarity",true
unit_000989,nature_remote_sensing_review_0012,Nature Communications,2024,line_comment,moderate,manuscript claim or supporting evidence,"Methods, results, discussion structure, and explanatory clarity",true
unit_000990,nature_remote_sensing_review_0012,Nature Communications,2024,figure_or_table_comment,moderate,figure evidence,"Figures, extended data, and evidentiary display",true
unit_000991,nature_remote_sensing_review_0012,Nature Communications,2024,figure_or_table_comment,moderate,"figure evidence, table evidence","Spatial data, resolution, and product coverage",true
unit_000992,nature_remote_sensing_review_0012,Nature Communications,2024,line_comment,moderate,model performance,"Methods, results, discussion structure, and explanatory clarity",true
unit_000993,nature_remote_sensing_review_0012,Nature Communications,2024,line_comment,moderate,manuscript claim or supporting evidence,C3/C4 vegetation coverage and biome classification,true
unit_000994,nature_remote_sensing_review_0012,Nature Communications,2024,line_comment,moderate,methodological support,"Methods, results, discussion structure, and explanatory clarity",true
unit_000995,nature_remote_sensing_review_0012,Nature Communications,2024,line_comment,moderate,model performance,"Methods, results, discussion structure, and explanatory clarity",true
unit_000996,nature_remote_sensing_review_0012,Nature Communications,2024,line_comment,moderate,manuscript claim or supporting evidence,"Methods, results, discussion structure, and explanatory clarity",true
unit_000997,nature_remote_sensing_review_0012,Nature Communications,2024,line_comment,moderate,"model performance, methodological support","Remote-sensing context, citation positioning, and prior work",true
unit_000998,nature_remote_sensing_review_0012,Nature Communications,2024,line_comment,moderate,global generalization,"Methods, results, discussion structure, and explanatory clarity",true
unit_000999,nature_remote_sensing_review_0012,Nature Communications,2024,line_comment,moderate,manuscript claim or supporting evidence,C3/C4 vegetation coverage and biome classification,true
unit_001000,nature_remote_sensing_review_0012,Nature Communications,2024,line_comment,moderate,manuscript claim or supporting evidence,"Methods, results, discussion structure, and explanatory clarity",true
unit_001001,nature_remote_sensing_review_0012,Nature Communications,2024,line_comment,moderate,table evidence,"Figures, extended data, and evidentiary display",true
unit_001002,nature_remote_sensing_review_0012,Nature Communications,2024,line_comment,moderate,manuscript claim or supporting evidence,"Methods, results, discussion structure, and explanatory clarity",true
unit_001003,nature_remote_sensing_review_0012,Nature Communications,2024,line_comment,moderate,manuscript claim or supporting evidence,"Methods, results, discussion structure, and explanatory clarity",true
unit_001004,nature_remote_sensing_review_0012,Nature Communications,2024,line_comment,moderate,manuscript claim or supporting evidence,"River, water storage, sediment, tidal, and hydraulic interpretation",true
unit_001005,nature_remote_sensing_review_0012,Nature Communications,2024,line_comment,moderate,model performance,"Methods, results, discussion structure, and explanatory clarity",true
unit_001006,nature_remote_sensing_review_0012,Nature Communications,2024,line_comment,moderate,model performance,"Methods, results, discussion structure, and explanatory clarity",true
unit_001007,nature_remote_sensing_review_0012,Nature Communications,2024,figure_or_table_comment,moderate,figure evidence,"Figures, extended data, and evidentiary display",true
unit_001008,nature_remote_sensing_review_0012,Nature Communications,2024,line_comment,moderate,manuscript claim or supporting evidence,C3/C4 vegetation coverage and biome classification,true
unit_001009,nature_remote_sensing_review_0012,Nature Communications,2024,line_comment,minor,manuscript claim or supporting evidence,"Spatial data, resolution, and product coverage",true
unit_001010,nature_remote_sensing_review_0012,Nature Communications,2024,line_comment,moderate,model performance,"Spatial data, resolution, and product coverage",true
unit_001011,nature_remote_sensing_review_0012,Nature Communications,2024,line_comment,moderate,methodological support,"Methods, results, discussion structure, and explanatory clarity",true
unit_001012,nature_remote_sensing_review_0012,Nature Communications,2024,line_comment,moderate,manuscript claim or supporting evidence,C3/C4 vegetation coverage and biome classification,true
unit_001013,nature_remote_sensing_review_0012,Nature Communications,2024,line_comment,moderate,model performance,"Spatial data, resolution, and product coverage",true
unit_001014,nature_remote_sensing_review_0012,Nature Communications,2024,figure_or_table_comment,moderate,figure evidence,"Spatial data, resolution, and product coverage",true
unit_001015,nature_remote_sensing_review_0012,Nature Communications,2024,line_comment,moderate,manuscript claim or supporting evidence,"Spatial data, resolution, and product coverage",true
unit_001016,nature_remote_sensing_review_0012,Nature Communications,2024,moderate_concern,moderate,manuscript claim or supporting evidence,"Figures, extended data, and evidentiary display",true
unit_001017,nature_remote_sensing_review_0012,Nature Communications,2024,moderate_concern,moderate,manuscript claim or supporting evidence,"Spatial data, resolution, and product coverage",true
unit_001018,nature_remote_sensing_review_0012,Nature Communications,2024,line_comment,moderate,manuscript claim or supporting evidence,"Spatial data, resolution, and product coverage",true
unit_001019,nature_remote_sensing_review_0012,Nature Communications,2024,line_comment,moderate,manuscript claim or supporting evidence,C3/C4 vegetation coverage and biome classification,true
unit_001020,nature_remote_sensing_review_0012,Nature Communications,2024,line_comment,moderate,manuscript claim or supporting evidence,"Methods, results, discussion structure, and explanatory clarity",true
unit_001021,nature_remote_sensing_review_0012,Nature Communications,2024,line_comment,moderate,manuscript claim or supporting evidence,"Figures, extended data, and evidentiary display",true
unit_001022,nature_remote_sensing_review_0012,Nature Communications,2024,line_comment,moderate,manuscript claim or supporting evidence,"Boreal forests, burned area, fire size, and post-fire surface response",true
unit_001023,nature_remote_sensing_review_0012,Nature Communications,2024,line_comment,moderate,manuscript claim or supporting evidence,"Methods, results, discussion structure, and explanatory clarity",true
unit_001024,nature_remote_sensing_review_0012,Nature Communications,2024,line_comment,moderate,manuscript claim or supporting evidence,C3/C4 vegetation coverage and biome classification,true
unit_001025,nature_remote_sensing_review_0012,Nature Communications,2024,line_comment,moderate,model performance,"Methods, results, discussion structure, and explanatory clarity",true
unit_001026,nature_remote_sensing_review_0012,Nature Communications,2024,line_comment,moderate,model performance,"Methods, results, discussion structure, and explanatory clarity",true
unit_001027,nature_remote_sensing_review_0012,Nature Communications,2024,line_comment,moderate,manuscript claim or supporting evidence,"Amazon, forest cover, land-use pressure, and forest resilience",true
unit_001028,nature_remote_sensing_review_0012,Nature Communications,2024,line_comment,moderate,model performance,"Methods, results, discussion structure, and explanatory clarity",true
unit_001029,nature_remote_sensing_review_0012,Nature Communications,2024,line_comment,moderate,"trend interpretation, model performance, table evidence","Long-term time series, climate variability, and trend interpretation",true
unit_001030,nature_remote_sensing_review_0012,Nature Communications,2024,moderate_concern,moderate,manuscript claim or supporting evidence,"Methods, results, discussion structure, and explanatory clarity",true
unit_001031,nature_remote_sensing_review_0012,Nature Communications,2024,contribution_assessment,moderate,manuscript claim or supporting evidence,"Methods, results, discussion structure, and explanatory clarity",true
unit_001032,nature_remote_sensing_review_0012,Nature Communications,2024,moderate_concern,moderate,global generalization,"Methods, results, discussion structure, and explanatory clarity",true
unit_001033,nature_remote_sensing_review_0012,Nature Communications,2024,moderate_concern,moderate,manuscript claim or supporting evidence,"Methods, results, discussion structure, and explanatory clarity",true
unit_001034,nature_remote_sensing_review_0012,Nature Communications,2024,moderate_concern,moderate,model performance,"Methods, results, discussion structure, and explanatory clarity",true
unit_001035,nature_remote_sensing_review_0012,Nature Communications,2024,moderate_concern,moderate,global generalization,C3/C4 vegetation coverage and biome classification,true
unit_001036,nature_remote_sensing_review_0012,Nature Communications,2024,moderate_concern,moderate,global generalization,C3/C4 vegetation coverage and biome classification,true
unit_001037,nature_remote_sensing_review_0012,Nature Communications,2024,moderate_concern,moderate,global generalization,"Amazon, forest cover, land-use pressure, and forest resilience",true
unit_001038,nature_remote_sensing_review_0012,Nature Communications,2024,moderate_concern,moderate,"global generalization, model performance",C3/C4 vegetation coverage and biome classification,true
unit_001039,nature_remote_sensing_review_0012,Nature Communications,2024,moderate_concern,moderate,manuscript claim or supporting evidence,C3/C4 vegetation coverage and biome classification,true
unit_001040,nature_remote_sensing_review_0012,Nature Communications,2024,moderate_concern,moderate,manuscript claim or supporting evidence,C3/C4 vegetation coverage and biome classification,true
unit_001041,nature_remote_sensing_review_0012,Nature Communications,2024,moderate_concern,moderate,manuscript claim or supporting evidence,"Methods, results, discussion structure, and explanatory clarity",true
unit_001042,nature_remote_sensing_review_0012,Nature Communications,2024,moderate_concern,moderate,manuscript claim or supporting evidence,C3/C4 vegetation coverage and biome classification,true
unit_001043,nature_remote_sensing_review_0012,Nature Communications,2024,moderate_concern,moderate,manuscript claim or supporting evidence,"Methods, results, discussion structure, and explanatory clarity",true
unit_001044,nature_remote_sensing_review_0012,Nature Communications,2024,contribution_assessment,moderate,"global generalization, model performance","Spatial data, resolution, and product coverage",true
unit_001045,nature_remote_sensing_review_0012,Nature Communications,2024,contribution_assessment,minor,"global generalization, methodological support","Spatial data, resolution, and product coverage",true
unit_001046,nature_remote_sensing_review_0012,Nature Communications,2024,moderate_concern,moderate,manuscript claim or supporting evidence,"Spatial data, resolution, and product coverage",true
unit_001047,nature_remote_sensing_review_0012,Nature Communications,2024,moderate_concern,moderate,manuscript claim or supporting evidence,"Methods, results, discussion structure, and explanatory clarity",true
unit_001048,nature_remote_sensing_review_0012,Nature Communications,2024,moderate_concern,moderate,manuscript claim or supporting evidence,"Spatial data, resolution, and product coverage",true
unit_001049,nature_remote_sensing_review_0012,Nature Communications,2024,moderate_concern,moderate,manuscript claim or supporting evidence,C3/C4 vegetation coverage and biome classification,true
unit_001050,nature_remote_sensing_review_0012,Nature Communications,2024,moderate_concern,moderate,"global generalization, model performance","Spatial data, resolution, and product coverage",true
unit_001051,nature_remote_sensing_review_0012,Nature Communications,2024,contribution_assessment,moderate,"causal or attribution claim, global generalization, model performance","Spatial data, resolution, and product coverage",true
unit_001052,nature_remote_sensing_review_0012,Nature Communications,2024,minor_comment,minor,"global generalization, methodological support","Figures, extended data, and evidentiary display",true
unit_001053,nature_remote_sensing_review_0012,Nature Communications,2024,moderate_concern,moderate,uncertainty claim,"Spatial data, resolution, and product coverage",true
unit_001054,nature_remote_sensing_review_0012,Nature Communications,2024,moderate_concern,moderate,"model performance, methodological support","Methods, results, discussion structure, and explanatory clarity",true
unit_001055,nature_remote_sensing_review_0012,Nature Communications,2024,moderate_concern,moderate,model performance,C3/C4 vegetation coverage and biome classification,true
unit_001056,nature_remote_sensing_review_0012,Nature Communications,2024,moderate_concern,moderate,"global generalization, uncertainty claim",C3/C4 vegetation coverage and biome classification,true
unit_001057,nature_remote_sensing_review_0012,Nature Communications,2024,moderate_concern,moderate,methodological support,"Methods, results, discussion structure, and explanatory clarity",true
unit_001058,nature_remote_sensing_review_0012,Nature Communications,2024,figure_or_table_comment,moderate,"uncertainty claim, figure evidence","Spatial data, resolution, and product coverage",true
unit_001059,nature_remote_sensing_review_0012,Nature Communications,2024,moderate_concern,moderate,manuscript claim or supporting evidence,"Methods, results, discussion structure, and explanatory clarity",true
unit_001060,nature_remote_sensing_review_0012,Nature Communications,2024,minor_comment,minor,model performance,"Spatial data, resolution, and product coverage",true
unit_001061,nature_remote_sensing_review_0012,Nature Communications,2024,moderate_concern,moderate,methodological support,"Remote-sensing context, citation positioning, and prior work",true
unit_001062,nature_remote_sensing_review_0012,Nature Communications,2024,moderate_concern,moderate,manuscript claim or supporting evidence,"Methods, results, discussion structure, and explanatory clarity",true
unit_001063,nature_remote_sensing_review_0012,Nature Communications,2024,line_comment,moderate,model performance,C3/C4 vegetation coverage and biome classification,true
unit_001064,nature_remote_sensing_review_0012,Nature Communications,2024,line_comment,minor,model performance,"Methods, results, discussion structure, and explanatory clarity",true
unit_001065,nature_remote_sensing_review_0012,Nature Communications,2024,line_comment,minor,manuscript claim or supporting evidence,C3/C4 vegetation coverage and biome classification,true
unit_001066,nature_remote_sensing_review_0012,Nature Communications,2024,line_comment,moderate,global generalization,"Remote-sensing context, citation positioning, and prior work",true
unit_001067,nature_remote_sensing_review_0012,Nature Communications,2024,line_comment,minor,methodological support,"Methods, results, discussion structure, and explanatory clarity",true
unit_001068,nature_remote_sensing_review_0012,Nature Communications,2024,line_comment,moderate,manuscript claim or supporting evidence,C3/C4 vegetation coverage and biome classification,true
unit_001069,nature_remote_sensing_review_0012,Nature Communications,2024,line_comment,moderate,methodological support,"Methods, results, discussion structure, and explanatory clarity",true
unit_001070,nature_remote_sensing_review_0012,Nature Communications,2024,line_comment,minor,model performance,"Machine learning, model performance, and generalization",true
unit_001071,nature_remote_sensing_review_0012,Nature Communications,2024,line_comment,minor,manuscript claim or supporting evidence,"Methods, results, discussion structure, and explanatory clarity",true
unit_001072,nature_remote_sensing_review_0012,Nature Communications,2024,line_comment,moderate,manuscript claim or supporting evidence,"Figures, extended data, and evidentiary display",true
unit_001073,nature_remote_sensing_review_0012,Nature Communications,2024,line_comment,moderate,manuscript claim or supporting evidence,"Figures, extended data, and evidentiary display",true
unit_001074,nature_remote_sensing_review_0012,Nature Communications,2024,line_comment,minor,"model performance, figure evidence","Remote-sensing context, citation positioning, and prior work",true
unit_001075,nature_remote_sensing_review_0012,Nature Communications,2024,line_comment,moderate,manuscript claim or supporting evidence,"Methods, results, discussion structure, and explanatory clarity",true
unit_001076,nature_remote_sensing_review_0012,Nature Communications,2024,line_comment,moderate,manuscript claim or supporting evidence,"Methods, results, discussion structure, and explanatory clarity",true
unit_001077,nature_remote_sensing_review_0012,Nature Communications,2024,line_comment,moderate,manuscript claim or supporting evidence,"Methods, results, discussion structure, and explanatory clarity",true
unit_001078,nature_remote_sensing_review_0012,Nature Communications,2024,line_comment,moderate,model performance,"Methods, results, discussion structure, and explanatory clarity",true
unit_001079,nature_remote_sensing_review_0012,Nature Communications,2024,line_comment,moderate,methodological support,"Methods, results, discussion structure, and explanatory clarity",true
unit_001080,nature_remote_sensing_review_0012,Nature Communications,2024,line_comment,minor,model performance,"Methods, results, discussion structure, and explanatory clarity",true
unit_001081,nature_remote_sensing_review_0012,Nature Communications,2024,line_comment,moderate,manuscript claim or supporting evidence,"Methods, results, discussion structure, and explanatory clarity",true
unit_001082,nature_remote_sensing_review_0012,Nature Communications,2024,line_comment,minor,manuscript claim or supporting evidence,"Methods, results, discussion structure, and explanatory clarity",true
unit_001083,nature_remote_sensing_review_0012,Nature Communications,2024,line_comment,moderate,manuscript claim or supporting evidence,"Methods, results, discussion structure, and explanatory clarity",true
unit_001084,nature_remote_sensing_review_0012,Nature Communications,2024,line_comment,moderate,model performance,"Methods, results, discussion structure, and explanatory clarity",true
unit_001085,nature_remote_sensing_review_0012,Nature Communications,2024,line_comment,moderate,manuscript claim or supporting evidence,"Methods, results, discussion structure, and explanatory clarity",true
unit_001086,nature_remote_sensing_review_0012,Nature Communications,2024,line_comment,moderate,figure evidence,"Spatial data, resolution, and product coverage",true
unit_001087,nature_remote_sensing_review_0012,Nature Communications,2024,line_comment,moderate,manuscript claim or supporting evidence,"Figures, extended data, and evidentiary display",true
unit_001088,nature_remote_sensing_review_0012,Nature Communications,2024,moderate_concern,moderate,model performance,"Methods, results, discussion structure, and explanatory clarity",true
unit_001089,nature_remote_sensing_review_0012,Nature Communications,2024,moderate_concern,moderate,manuscript claim or supporting evidence,"Methods, results, discussion structure, and explanatory clarity",true
unit_001090,nature_remote_sensing_review_0012,Nature Communications,2024,moderate_concern,moderate,global generalization,C3/C4 vegetation coverage and biome classification,true
unit_001091,nature_remote_sensing_review_0013,Nature Communications,2024,contribution_assessment,moderate,"trend interpretation, global generalization","Long-term time series, climate variability, and trend interpretation",true
unit_001092,nature_remote_sensing_review_0013,Nature Communications,2024,minor_comment,minor,manuscript claim or supporting evidence,"Sea level, vertical land motion, InSAR, and coastal elevation change",true
unit_001093,nature_remote_sensing_review_0013,Nature Communications,2024,moderate_concern,moderate,"global generalization, model performance","Remote-sensing context, citation positioning, and prior work",true
unit_001094,nature_remote_sensing_review_0013,Nature Communications,2024,moderate_concern,moderate,global generalization,"Methods, results, discussion structure, and explanatory clarity",true
unit_001095,nature_remote_sensing_review_0013,Nature Communications,2024,moderate_concern,moderate,manuscript claim or supporting evidence,"Methods, results, discussion structure, and explanatory clarity",true
unit_001096,nature_remote_sensing_review_0013,Nature Communications,2024,moderate_concern,moderate,manuscript claim or supporting evidence,"Methods, results, discussion structure, and explanatory clarity",true
unit_001097,nature_remote_sensing_review_0013,Nature Communications,2024,minor_comment,minor,manuscript claim or supporting evidence,"Methods, results, discussion structure, and explanatory clarity",true
unit_001098,nature_remote_sensing_review_0013,Nature Communications,2024,minor_comment,minor,global generalization,"Methods, results, discussion structure, and explanatory clarity",true
unit_001099,nature_remote_sensing_review_0013,Nature Communications,2024,moderate_concern,moderate,model performance,"Sea level, vertical land motion, InSAR, and coastal elevation change",true
unit_001100,nature_remote_sensing_review_0013,Nature Communications,2024,moderate_concern,moderate,manuscript claim or supporting evidence,"Figures, extended data, and evidentiary display",true
unit_001101,nature_remote_sensing_review_0013,Nature Communications,2024,moderate_concern,moderate,manuscript claim or supporting evidence,"Spatial data, resolution, and product coverage",true
unit_001102,nature_remote_sensing_review_0013,Nature Communications,2024,minor_comment,minor,manuscript claim or supporting evidence,"Methods, results, discussion structure, and explanatory clarity",true
unit_001103,nature_remote_sensing_review_0013,Nature Communications,2024,moderate_concern,moderate,trend interpretation,"Long-term time series, climate variability, and trend interpretation",true
unit_001104,nature_remote_sensing_review_0013,Nature Communications,2024,moderate_concern,moderate,manuscript claim or supporting evidence,"Glacier, ocean mass, mass balance, and cryosphere change",true
unit_001105,nature_remote_sensing_review_0013,Nature Communications,2024,minor_comment,minor,manuscript claim or supporting evidence,"Methods, results, discussion structure, and explanatory clarity",true
unit_001106,nature_remote_sensing_review_0013,Nature Communications,2024,moderate_concern,moderate,manuscript claim or supporting evidence,"Methods, results, discussion structure, and explanatory clarity",true
unit_001107,nature_remote_sensing_review_0013,Nature Communications,2024,minor_comment,minor,manuscript claim or supporting evidence,"Concern resolution, code, publication readiness, and reproducibility",true
unit_001108,nature_remote_sensing_review_0013,Nature Communications,2024,moderate_concern,moderate,manuscript claim or supporting evidence,"Remote-sensing context, citation positioning, and prior work",true
unit_001109,nature_remote_sensing_review_0013,Nature Communications,2024,moderate_concern,moderate,global generalization,"River, water storage, sediment, tidal, and hydraulic interpretation",true
unit_001110,nature_remote_sensing_review_0013,Nature Communications,2024,moderate_concern,moderate,"global generalization, uncertainty claim","Spatial data, resolution, and product coverage",true
unit_001111,nature_remote_sensing_review_0013,Nature Communications,2024,minor_comment,minor,manuscript claim or supporting evidence,"Methods, results, discussion structure, and explanatory clarity",true
unit_001112,nature_remote_sensing_review_0013,Nature Communications,2024,moderate_concern,moderate,manuscript claim or supporting evidence,"Methods, results, discussion structure, and explanatory clarity",true
unit_001113,nature_remote_sensing_review_0013,Nature Communications,2024,line_comment,moderate,figure evidence,"Figures, extended data, and evidentiary display",true
unit_001114,nature_remote_sensing_review_0013,Nature Communications,2024,line_comment,moderate,global generalization,"Spatial data, resolution, and product coverage",true
unit_001115,nature_remote_sensing_review_0013,Nature Communications,2024,moderate_concern,moderate,manuscript claim or supporting evidence,"Spatial data, resolution, and product coverage",true
unit_001116,nature_remote_sensing_review_0013,Nature Communications,2024,line_comment,moderate,figure evidence,"Figures, extended data, and evidentiary display",true
unit_001117,nature_remote_sensing_review_0013,Nature Communications,2024,line_comment,moderate,manuscript claim or supporting evidence,"Methods, results, discussion structure, and explanatory clarity",true
unit_001118,nature_remote_sensing_review_0013,Nature Communications,2024,line_comment,moderate,global generalization,"Methods, results, discussion structure, and explanatory clarity",true
unit_001119,nature_remote_sensing_review_0013,Nature Communications,2024,figure_or_table_comment,moderate,table evidence,"Figures, extended data, and evidentiary display",true
unit_001120,nature_remote_sensing_review_0013,Nature Communications,2024,moderate_concern,moderate,table evidence,"Figures, extended data, and evidentiary display",true
unit_001121,nature_remote_sensing_review_0013,Nature Communications,2024,line_comment,moderate,"global generalization, figure evidence, table evidence","Figures, extended data, and evidentiary display",true
unit_001122,nature_remote_sensing_review_0013,Nature Communications,2024,line_comment,moderate,figure evidence,"Figures, extended data, and evidentiary display",true
unit_001123,nature_remote_sensing_review_0013,Nature Communications,2024,moderate_concern,moderate,manuscript claim or supporting evidence,"Methods, results, discussion structure, and explanatory clarity",true
unit_001124,nature_remote_sensing_review_0013,Nature Communications,2024,line_comment,minor,figure evidence,"Figures, extended data, and evidentiary display",true
unit_001125,nature_remote_sensing_review_0013,Nature Communications,2024,moderate_concern,moderate,global generalization,"Sea level, vertical land motion, InSAR, and coastal elevation change",true
unit_001126,nature_remote_sensing_review_0013,Nature Communications,2024,moderate_concern,moderate,"global generalization, model performance","Spatial data, resolution, and product coverage",true
unit_001127,nature_remote_sensing_review_0013,Nature Communications,2024,contribution_assessment,moderate,novelty claim,"Long-term time series, climate variability, and trend interpretation",true
unit_001128,nature_remote_sensing_review_0013,Nature Communications,2024,contribution_assessment,moderate,global generalization,"Long-term time series, climate variability, and trend interpretation",true
unit_001129,nature_remote_sensing_review_0013,Nature Communications,2024,moderate_concern,moderate,manuscript claim or supporting evidence,"Long-term time series, climate variability, and trend interpretation",true
unit_001130,nature_remote_sensing_review_0013,Nature Communications,2024,moderate_concern,moderate,model performance,"Glacier, ocean mass, mass balance, and cryosphere change",true
unit_001131,nature_remote_sensing_review_0013,Nature Communications,2024,moderate_concern,moderate,global generalization,"Glacier, ocean mass, mass balance, and cryosphere change",true
unit_001132,nature_remote_sensing_review_0013,Nature Communications,2024,moderate_concern,moderate,manuscript claim or supporting evidence,"Methods, results, discussion structure, and explanatory clarity",true
unit_001133,nature_remote_sensing_review_0013,Nature Communications,2024,figure_or_table_comment,moderate,figure evidence,"Figures, extended data, and evidentiary display",true
unit_001134,nature_remote_sensing_review_0013,Nature Communications,2024,moderate_concern,moderate,manuscript claim or supporting evidence,"Methods, results, discussion structure, and explanatory clarity",true
unit_001135,nature_remote_sensing_review_0013,Nature Communications,2024,line_comment,moderate,global generalization,"Methods, results, discussion structure, and explanatory clarity",true
unit_001136,nature_remote_sensing_review_0013,Nature Communications,2024,line_comment,major,manuscript claim or supporting evidence,"Methods, results, discussion structure, and explanatory clarity",true
unit_001137,nature_remote_sensing_review_0013,Nature Communications,2024,line_comment,moderate,manuscript claim or supporting evidence,"Methods, results, discussion structure, and explanatory clarity",true
unit_001138,nature_remote_sensing_review_0013,Nature Communications,2024,line_comment,moderate,manuscript claim or supporting evidence,"Methods, results, discussion structure, and explanatory clarity",true
unit_001139,nature_remote_sensing_review_0013,Nature Communications,2024,line_comment,moderate,manuscript claim or supporting evidence,"Glacier, ocean mass, mass balance, and cryosphere change",true
unit_001140,nature_remote_sensing_review_0013,Nature Communications,2024,line_comment,moderate,figure evidence,"Figures, extended data, and evidentiary display",true
unit_001141,nature_remote_sensing_review_0013,Nature Communications,2024,line_comment,moderate,manuscript claim or supporting evidence,"Methods, results, discussion structure, and explanatory clarity",true
unit_001142,nature_remote_sensing_review_0013,Nature Communications,2024,line_comment,minor,manuscript claim or supporting evidence,"Remote-sensing context, citation positioning, and prior work",true
unit_001143,nature_remote_sensing_review_0013,Nature Communications,2024,line_comment,moderate,manuscript claim or supporting evidence,"Methods, results, discussion structure, and explanatory clarity",true
unit_001144,nature_remote_sensing_review_0013,Nature Communications,2024,line_comment,moderate,manuscript claim or supporting evidence,"Methods, results, discussion structure, and explanatory clarity",true
unit_001145,nature_remote_sensing_review_0013,Nature Communications,2024,moderate_concern,moderate,manuscript claim or supporting evidence,"Methods, results, discussion structure, and explanatory clarity",true
unit_001146,nature_remote_sensing_review_0013,Nature Communications,2024,moderate_concern,moderate,manuscript claim or supporting evidence,"Methods, results, discussion structure, and explanatory clarity",true
unit_001147,nature_remote_sensing_review_0013,Nature Communications,2024,moderate_concern,moderate,model performance,"Methods, results, discussion structure, and explanatory clarity",true
unit_001148,nature_remote_sensing_review_0013,Nature Communications,2024,moderate_concern,moderate,manuscript claim or supporting evidence,"Methods, results, discussion structure, and explanatory clarity",true
unit_001149,nature_remote_sensing_review_0013,Nature Communications,2024,contribution_assessment,moderate,"trend interpretation, global generalization","Long-term time series, climate variability, and trend interpretation",true
unit_001150,nature_remote_sensing_review_0013,Nature Communications,2024,minor_comment,minor,manuscript claim or supporting evidence,"Sea level, vertical land motion, InSAR, and coastal elevation change",true
unit_001151,nature_remote_sensing_review_0013,Nature Communications,2024,moderate_concern,moderate,"global generalization, model performance","Remote-sensing context, citation positioning, and prior work",true
unit_001152,nature_remote_sensing_review_0013,Nature Communications,2024,moderate_concern,moderate,manuscript claim or supporting evidence,"Remote-sensing context, citation positioning, and prior work",true
unit_001153,nature_remote_sensing_review_0013,Nature Communications,2024,moderate_concern,moderate,global generalization,"Remote-sensing context, citation positioning, and prior work",true
unit_001154,nature_remote_sensing_review_0013,Nature Communications,2024,moderate_concern,moderate,"model performance, figure evidence","Figures, extended data, and evidentiary display",true
unit_001155,nature_remote_sensing_review_0013,Nature Communications,2024,moderate_concern,moderate,manuscript claim or supporting evidence,"Methods, results, discussion structure, and explanatory clarity",true
unit_001156,nature_remote_sensing_review_0013,Nature Communications,2024,minor_comment,minor,manuscript claim or supporting evidence,"Methods, results, discussion structure, and explanatory clarity",true
unit_001157,nature_remote_sensing_review_0013,Nature Communications,2024,minor_comment,minor,global generalization,"Methods, results, discussion structure, and explanatory clarity",true
unit_001158,nature_remote_sensing_review_0013,Nature Communications,2024,moderate_concern,moderate,model performance,"Figures, extended data, and evidentiary display",true
unit_001159,nature_remote_sensing_review_0013,Nature Communications,2024,figure_or_table_comment,moderate,figure evidence,"Figures, extended data, and evidentiary display",true
unit_001160,nature_remote_sensing_review_0013,Nature Communications,2024,moderate_concern,moderate,manuscript claim or supporting evidence,"Spatial data, resolution, and product coverage",true
unit_001161,nature_remote_sensing_review_0013,Nature Communications,2024,minor_comment,minor,manuscript claim or supporting evidence,"Methods, results, discussion structure, and explanatory clarity",true
unit_001162,nature_remote_sensing_review_0013,Nature Communications,2024,figure_or_table_comment,minor,figure evidence,"Long-term time series, climate variability, and trend interpretation",true
unit_001163,nature_remote_sensing_review_0013,Nature Communications,2024,figure_or_table_comment,moderate,"causal or attribution claim, figure evidence","Figures, extended data, and evidentiary display",true
unit_001164,nature_remote_sensing_review_0013,Nature Communications,2024,contribution_assessment,moderate,trend interpretation,"Long-term time series, climate variability, and trend interpretation",true
unit_001165,nature_remote_sensing_review_0013,Nature Communications,2024,moderate_concern,moderate,manuscript claim or supporting evidence,"Glacier, ocean mass, mass balance, and cryosphere change",true
unit_001166,nature_remote_sensing_review_0013,Nature Communications,2024,moderate_concern,moderate,model performance,"Methods, results, discussion structure, and explanatory clarity",true
unit_001167,nature_remote_sensing_review_0013,Nature Communications,2024,moderate_concern,moderate,manuscript claim or supporting evidence,"Methods, results, discussion structure, and explanatory clarity",true
unit_001168,nature_remote_sensing_review_0013,Nature Communications,2024,moderate_concern,moderate,manuscript claim or supporting evidence,"Methods, results, discussion structure, and explanatory clarity",true
unit_001169,nature_remote_sensing_review_0013,Nature Communications,2024,moderate_concern,moderate,manuscript claim or supporting evidence,"Remote-sensing context, citation positioning, and prior work",true
unit_001170,nature_remote_sensing_review_0013,Nature Communications,2024,minor_comment,minor,manuscript claim or supporting evidence,"Sea level, vertical land motion, InSAR, and coastal elevation change",true
unit_001171,nature_remote_sensing_review_0013,Nature Communications,2024,moderate_concern,moderate,manuscript claim or supporting evidence,"Remote-sensing context, citation positioning, and prior work",true
unit_001172,nature_remote_sensing_review_0013,Nature Communications,2024,moderate_concern,moderate,global generalization,"Long-term time series, climate variability, and trend interpretation",true
unit_001173,nature_remote_sensing_review_0013,Nature Communications,2024,contribution_assessment,moderate,manuscript claim or supporting evidence,"River, water storage, sediment, tidal, and hydraulic interpretation",true
unit_001174,nature_remote_sensing_review_0013,Nature Communications,2024,moderate_concern,moderate,"global generalization, uncertainty claim","Spatial data, resolution, and product coverage",true
unit_001175,nature_remote_sensing_review_0013,Nature Communications,2024,minor_comment,minor,manuscript claim or supporting evidence,"Methods, results, discussion structure, and explanatory clarity",true
unit_001176,nature_remote_sensing_review_0013,Nature Communications,2024,moderate_concern,moderate,manuscript claim or supporting evidence,"Methods, results, discussion structure, and explanatory clarity",true
unit_001177,nature_remote_sensing_review_0013,Nature Communications,2024,line_comment,moderate,figure evidence,"Long-term time series, climate variability, and trend interpretation",true
unit_001178,nature_remote_sensing_review_0013,Nature Communications,2024,moderate_concern,moderate,manuscript claim or supporting evidence,"Long-term time series, climate variability, and trend interpretation",true
unit_001179,nature_remote_sensing_review_0013,Nature Communications,2024,moderate_concern,moderate,manuscript claim or supporting evidence,"Methods, results, discussion structure, and explanatory clarity",true
unit_001180,nature_remote_sensing_review_0013,Nature Communications,2024,line_comment,moderate,global generalization,"Spatial data, resolution, and product coverage",true
unit_001181,nature_remote_sensing_review_0013,Nature Communications,2024,contribution_assessment,moderate,global generalization,"Spatial data, resolution, and product coverage",true
unit_001182,nature_remote_sensing_review_0013,Nature Communications,2024,moderate_concern,moderate,manuscript claim or supporting evidence,"Spatial data, resolution, and product coverage",true
unit_001183,nature_remote_sensing_review_0013,Nature Communications,2024,moderate_concern,moderate,manuscript claim or supporting evidence,"Glacier, ocean mass, mass balance, and cryosphere change",true
unit_001184,nature_remote_sensing_review_0013,Nature Communications,2024,moderate_concern,moderate,manuscript claim or supporting evidence,"Methods, results, discussion structure, and explanatory clarity",true
unit_001185,nature_remote_sensing_review_0013,Nature Communications,2024,line_comment,moderate,figure evidence,"Figures, extended data, and evidentiary display",true
unit_001186,nature_remote_sensing_review_0013,Nature Communications,2024,figure_or_table_comment,moderate,figure evidence,"Figures, extended data, and evidentiary display",true
unit_001187,nature_remote_sensing_review_0013,Nature Communications,2024,figure_or_table_comment,moderate,figure evidence,"Figures, extended data, and evidentiary display",true
unit_001188,nature_remote_sensing_review_0013,Nature Communications,2024,line_comment,moderate,manuscript claim or supporting evidence,"Methods, results, discussion structure, and explanatory clarity",true
unit_001189,nature_remote_sensing_review_0013,Nature Communications,2024,moderate_concern,moderate,manuscript claim or supporting evidence,"Methods, results, discussion structure, and explanatory clarity",true
unit_001190,nature_remote_sensing_review_0013,Nature Communications,2024,moderate_concern,moderate,global generalization,"Methods, results, discussion structure, and explanatory clarity",true
unit_001191,nature_remote_sensing_review_0013,Nature Communications,2024,figure_or_table_comment,moderate,table evidence,"Figures, extended data, and evidentiary display",true
unit_001192,nature_remote_sensing_review_0013,Nature Communications,2024,figure_or_table_comment,moderate,table evidence,"Figures, extended data, and evidentiary display",true
unit_001193,nature_remote_sensing_review_0013,Nature Communications,2024,contribution_assessment,moderate,table evidence,"Figures, extended data, and evidentiary display",true
unit_001194,nature_remote_sensing_review_0013,Nature Communications,2024,contribution_assessment,moderate,table evidence,"Figures, extended data, and evidentiary display",true
unit_001195,nature_remote_sensing_review_0013,Nature Communications,2024,moderate_concern,moderate,manuscript claim or supporting evidence,"River, water storage, sediment, tidal, and hydraulic interpretation",true
unit_001196,nature_remote_sensing_review_0013,Nature Communications,2024,line_comment,moderate,"global generalization, figure evidence, table evidence","Figures, extended data, and evidentiary display",true
unit_001197,nature_remote_sensing_review_0013,Nature Communications,2024,moderate_concern,moderate,manuscript claim or supporting evidence,"Methods, results, discussion structure, and explanatory clarity",true
unit_001198,nature_remote_sensing_review_0013,Nature Communications,2024,line_comment,moderate,manuscript claim or supporting evidence,"Methods, results, discussion structure, and explanatory clarity",true
unit_001199,nature_remote_sensing_review_0013,Nature Communications,2024,figure_or_table_comment,moderate,figure evidence,"Figures, extended data, and evidentiary display",true
unit_001200,nature_remote_sensing_review_0013,Nature Communications,2024,figure_or_table_comment,moderate,"model performance, figure evidence","Long-term time series, climate variability, and trend interpretation",true
unit_001201,nature_remote_sensing_review_0013,Nature Communications,2024,line_comment,minor,figure evidence,"Figures, extended data, and evidentiary display",true
unit_001202,nature_remote_sensing_review_0013,Nature Communications,2024,figure_or_table_comment,moderate,figure evidence,"Figures, extended data, and evidentiary display",true
unit_001203,nature_remote_sensing_review_0013,Nature Communications,2024,moderate_concern,moderate,"global generalization, model performance","Spatial data, resolution, and product coverage",true
unit_001204,nature_remote_sensing_review_0013,Nature Communications,2024,contribution_assessment,moderate,novelty claim,"Long-term time series, climate variability, and trend interpretation",true
unit_001205,nature_remote_sensing_review_0013,Nature Communications,2024,moderate_concern,moderate,manuscript claim or supporting evidence,"Long-term time series, climate variability, and trend interpretation",true
unit_001206,nature_remote_sensing_review_0013,Nature Communications,2024,moderate_concern,moderate,manuscript claim or supporting evidence,"Glacier, ocean mass, mass balance, and cryosphere change",true
unit_001207,nature_remote_sensing_review_0013,Nature Communications,2024,contribution_assessment,moderate,global generalization,"Long-term time series, climate variability, and trend interpretation",true
unit_001208,nature_remote_sensing_review_0013,Nature Communications,2024,moderate_concern,moderate,manuscript claim or supporting evidence,"Methods, results, discussion structure, and explanatory clarity",true
unit_001209,nature_remote_sensing_review_0013,Nature Communications,2024,moderate_concern,moderate,manuscript claim or supporting evidence,"Long-term time series, climate variability, and trend interpretation",true
unit_001210,nature_remote_sensing_review_0013,Nature Communications,2024,contribution_assessment,moderate,manuscript claim or supporting evidence,"Long-term time series, climate variability, and trend interpretation",true
unit_001211,nature_remote_sensing_review_0013,Nature Communications,2024,moderate_concern,moderate,manuscript claim or supporting evidence,"Glacier, ocean mass, mass balance, and cryosphere change",true
unit_001212,nature_remote_sensing_review_0013,Nature Communications,2024,figure_or_table_comment,minor,"uncertainty claim, model performance, figure evidence","Long-term time series, climate variability, and trend interpretation",true
unit_001213,nature_remote_sensing_review_0013,Nature Communications,2024,moderate_concern,moderate,model performance,"Glacier, ocean mass, mass balance, and cryosphere change",true
unit_001214,nature_remote_sensing_review_0013,Nature Communications,2024,moderate_concern,moderate,manuscript claim or supporting evidence,"Methods, results, discussion structure, and explanatory clarity",true
unit_001215,nature_remote_sensing_review_0013,Nature Communications,2024,moderate_concern,moderate,global generalization,"Glacier, ocean mass, mass balance, and cryosphere change",true
unit_001216,nature_remote_sensing_review_0013,Nature Communications,2024,figure_or_table_comment,minor,"global generalization, model performance, figure evidence","Figures, extended data, and evidentiary display",true
unit_001217,nature_remote_sensing_review_0013,Nature Communications,2024,moderate_concern,moderate,global generalization,"Methods, results, discussion structure, and explanatory clarity",true
unit_001218,nature_remote_sensing_review_0013,Nature Communications,2024,figure_or_table_comment,moderate,figure evidence,"Figures, extended data, and evidentiary display",true
unit_001219,nature_remote_sensing_review_0013,Nature Communications,2024,moderate_concern,moderate,manuscript claim or supporting evidence,"Methods, results, discussion structure, and explanatory clarity",true
unit_001220,nature_remote_sensing_review_0013,Nature Communications,2024,figure_or_table_comment,moderate,"model performance, figure evidence","Long-term time series, climate variability, and trend interpretation",true
unit_001221,nature_remote_sensing_review_0013,Nature Communications,2024,moderate_concern,moderate,global generalization,"Methods, results, discussion structure, and explanatory clarity",true
unit_001222,nature_remote_sensing_review_0013,Nature Communications,2024,moderate_concern,moderate,manuscript claim or supporting evidence,"Glacier, ocean mass, mass balance, and cryosphere change",true
unit_001223,nature_remote_sensing_review_0013,Nature Communications,2024,major_concern,major,manuscript claim or supporting evidence,"Methods, results, discussion structure, and explanatory clarity",true
unit_001224,nature_remote_sensing_review_0013,Nature Communications,2024,figure_or_table_comment,moderate,figure evidence,"Figures, extended data, and evidentiary display",true
unit_001225,nature_remote_sensing_review_0013,Nature Communications,2024,moderate_concern,moderate,methodological support,"Methods, results, discussion structure, and explanatory clarity",true
unit_001226,nature_remote_sensing_review_0013,Nature Communications,2024,moderate_concern,moderate,manuscript claim or supporting evidence,"Methods, results, discussion structure, and explanatory clarity",true
unit_001227,nature_remote_sensing_review_0013,Nature Communications,2024,minor_comment,minor,manuscript claim or supporting evidence,"Methods, results, discussion structure, and explanatory clarity",true
unit_001228,nature_remote_sensing_review_0013,Nature Communications,2024,line_comment,moderate,manuscript claim or supporting evidence,"Glacier, ocean mass, mass balance, and cryosphere change",true
unit_001229,nature_remote_sensing_review_0013,Nature Communications,2024,line_comment,moderate,figure evidence,"Figures, extended data, and evidentiary display",true
unit_001230,nature_remote_sensing_review_0013,Nature Communications,2024,line_comment,moderate,manuscript claim or supporting evidence,"Methods, results, discussion structure, and explanatory clarity",true
unit_001231,nature_remote_sensing_review_0013,Nature Communications,2024,line_comment,minor,"trend interpretation, uncertainty claim","Long-term time series, climate variability, and trend interpretation",true
unit_001232,nature_remote_sensing_review_0013,Nature Communications,2024,moderate_concern,moderate,manuscript claim or supporting evidence,"Remote-sensing context, citation positioning, and prior work",true
unit_001233,nature_remote_sensing_review_0013,Nature Communications,2024,line_comment,moderate,manuscript claim or supporting evidence,"Methods, results, discussion structure, and explanatory clarity",true
unit_001234,nature_remote_sensing_review_0013,Nature Communications,2024,line_comment,moderate,manuscript claim or supporting evidence,"Methods, results, discussion structure, and explanatory clarity",true
unit_001235,nature_remote_sensing_review_0013,Nature Communications,2024,moderate_concern,moderate,model performance,"Methods, results, discussion structure, and explanatory clarity",true
unit_001236,nature_remote_sensing_review_0013,Nature Communications,2024,moderate_concern,moderate,manuscript claim or supporting evidence,"Methods, results, discussion structure, and explanatory clarity",true
unit_001237,nature_remote_sensing_review_0013,Nature Communications,2024,moderate_concern,moderate,global generalization,"Glacier, ocean mass, mass balance, and cryosphere change",true
unit_001238,nature_remote_sensing_review_0013,Nature Communications,2024,revision_assessment,moderate,manuscript claim or supporting evidence,"Methods, results, discussion structure, and explanatory clarity",true
unit_001239,nature_remote_sensing_review_0013,Nature Communications,2024,minor_comment,minor,manuscript claim or supporting evidence,"Methods, results, discussion structure, and explanatory clarity",true
unit_001240,nature_remote_sensing_review_0013,Nature Communications,2024,contribution_assessment,moderate,global generalization,"Glacier, ocean mass, mass balance, and cryosphere change",true
unit_001241,nature_remote_sensing_review_0013,Nature Communications,2024,figure_or_table_comment,minor,"global generalization, model performance, figure evidence","Figures, extended data, and evidentiary display",true
unit_001242,nature_remote_sensing_review_0013,Nature Communications,2024,moderate_concern,moderate,global generalization,"Methods, results, discussion structure, and explanatory clarity",true
unit_001243,nature_remote_sensing_review_0013,Nature Communications,2024,line_comment,minor,manuscript claim or supporting evidence,"Glacier, ocean mass, mass balance, and cryosphere change",true
unit_001244,nature_remote_sensing_review_0013,Nature Communications,2024,minor_comment,minor,manuscript claim or supporting evidence,"Methods, results, discussion structure, and explanatory clarity",true
unit_001245,nature_remote_sensing_review_0013,Nature Communications,2024,figure_or_table_comment,moderate,figure evidence,"Figures, extended data, and evidentiary display",true
unit_001246,nature_remote_sensing_review_0013,Nature Communications,2024,figure_or_table_comment,minor,figure evidence,"Figures, extended data, and evidentiary display",true
unit_001247,nature_remote_sensing_review_0013,Nature Communications,2024,major_concern,major,manuscript claim or supporting evidence,"Methods, results, discussion structure, and explanatory clarity",true
unit_001248,nature_remote_sensing_review_0013,Nature Communications,2024,figure_or_table_comment,moderate,figure evidence,"Figures, extended data, and evidentiary display",true
unit_001249,nature_remote_sensing_review_0013,Nature Communications,2024,moderate_concern,moderate,manuscript claim or supporting evidence,"Methods, results, discussion structure, and explanatory clarity",true
unit_001250,nature_remote_sensing_review_0013,Nature Communications,2024,minor_comment,minor,manuscript claim or supporting evidence,"Methods, results, discussion structure, and explanatory clarity",true
unit_001251,nature_remote_sensing_review_0013,Nature Communications,2024,line_comment,moderate,manuscript claim or supporting evidence,"Glacier, ocean mass, mass balance, and cryosphere change",true
unit_001252,nature_remote_sensing_review_0013,Nature Communications,2024,line_comment,moderate,manuscript claim or supporting evidence,"Glacier, ocean mass, mass balance, and cryosphere change",true
unit_001253,nature_remote_sensing_review_0013,Nature Communications,2024,moderate_concern,moderate,manuscript claim or supporting evidence,"Methods, results, discussion structure, and explanatory clarity",true
unit_001254,nature_remote_sensing_review_0013,Nature Communications,2024,figure_or_table_comment,moderate,manuscript claim or supporting evidence,"Glacier, ocean mass, mass balance, and cryosphere change",true
unit_001255,nature_remote_sensing_review_0013,Nature Communications,2024,line_comment,moderate,manuscript claim or supporting evidence,"Methods, results, discussion structure, and explanatory clarity",true
unit_001256,nature_remote_sensing_review_0013,Nature Communications,2024,line_comment,moderate,manuscript claim or supporting evidence,"Long-term time series, climate variability, and trend interpretation",true
unit_001257,nature_remote_sensing_review_0013,Nature Communications,2024,line_comment,minor,manuscript claim or supporting evidence,"Methods, results, discussion structure, and explanatory clarity",true
unit_001258,nature_remote_sensing_review_0013,Nature Communications,2024,line_comment,moderate,figure evidence,"Figures, extended data, and evidentiary display",true
unit_001259,nature_remote_sensing_review_0014,Nature Communications,2024,contribution_assessment,moderate,"trend interpretation, global generalization, novelty claim","Long-term time series, climate variability, and trend interpretation",true
unit_001260,nature_remote_sensing_review_0014,Nature Communications,2024,moderate_concern,moderate,"trend interpretation, table evidence","Long-term time series, climate variability, and trend interpretation",true
unit_001261,nature_remote_sensing_review_0014,Nature Communications,2024,moderate_concern,moderate,methodological support,"Long-term time series, climate variability, and trend interpretation",true
unit_001262,nature_remote_sensing_review_0014,Nature Communications,2024,figure_or_table_comment,moderate,figure evidence,"Long-term time series, climate variability, and trend interpretation",true
unit_001263,nature_remote_sensing_review_0014,Nature Communications,2024,minor_comment,minor,figure evidence,"Long-term time series, climate variability, and trend interpretation",true
unit_001264,nature_remote_sensing_review_0014,Nature Communications,2024,moderate_concern,moderate,table evidence,"Long-term time series, climate variability, and trend interpretation",true
unit_001265,nature_remote_sensing_review_0014,Nature Communications,2024,contribution_assessment,moderate,model performance,"Long-term time series, climate variability, and trend interpretation",true
unit_001266,nature_remote_sensing_review_0014,Nature Communications,2024,moderate_concern,moderate,figure evidence,"Figures, extended data, and evidentiary display",true
unit_001267,nature_remote_sensing_review_0014,Nature Communications,2024,moderate_concern,moderate,trend interpretation,"Long-term time series, climate variability, and trend interpretation",true
unit_001268,nature_remote_sensing_review_0014,Nature Communications,2024,contribution_assessment,moderate,algorithm validity,"Methods, results, discussion structure, and explanatory clarity",true
unit_001269,nature_remote_sensing_review_0014,Nature Communications,2024,moderate_concern,moderate,manuscript claim or supporting evidence,"Long-term time series, climate variability, and trend interpretation",true
unit_001270,nature_remote_sensing_review_0014,Nature Communications,2024,moderate_concern,moderate,manuscript claim or supporting evidence,"Methods, results, discussion structure, and explanatory clarity",true
unit_001271,nature_remote_sensing_review_0014,Nature Communications,2024,contribution_assessment,moderate,"global generalization, methodological support","Methods, results, discussion structure, and explanatory clarity",true
unit_001272,nature_remote_sensing_review_0014,Nature Communications,2024,contribution_assessment,moderate,novelty claim,"Methods, results, discussion structure, and explanatory clarity",true
unit_001273,nature_remote_sensing_review_0014,Nature Communications,2024,moderate_concern,moderate,manuscript claim or supporting evidence,"Long-term time series, climate variability, and trend interpretation",true
unit_001274,nature_remote_sensing_review_0014,Nature Communications,2024,figure_or_table_comment,moderate,figure evidence,"Figures, extended data, and evidentiary display",true
unit_001275,nature_remote_sensing_review_0014,Nature Communications,2024,moderate_concern,moderate,"global generalization, uncertainty claim","Methods, results, discussion structure, and explanatory clarity",true
unit_001276,nature_remote_sensing_review_0014,Nature Communications,2024,figure_or_table_comment,minor,figure evidence,"Spatial data, resolution, and product coverage",true
unit_001277,nature_remote_sensing_review_0014,Nature Communications,2024,moderate_concern,moderate,"global generalization, figure evidence","Spatial data, resolution, and product coverage",true
unit_001278,nature_remote_sensing_review_0014,Nature Communications,2024,line_comment,moderate,manuscript claim or supporting evidence,"Methods, results, discussion structure, and explanatory clarity",true
unit_001279,nature_remote_sensing_review_0014,Nature Communications,2024,line_comment,moderate,manuscript claim or supporting evidence,"Methods, results, discussion structure, and explanatory clarity",true
unit_001280,nature_remote_sensing_review_0014,Nature Communications,2024,line_comment,moderate,figure evidence,"Long-term time series, climate variability, and trend interpretation",true
unit_001281,nature_remote_sensing_review_0014,Nature Communications,2024,figure_or_table_comment,moderate,figure evidence,"Spatial data, resolution, and product coverage",true
unit_001282,nature_remote_sensing_review_0014,Nature Communications,2024,figure_or_table_comment,moderate,figure evidence,"Figures, extended data, and evidentiary display",true
unit_001283,nature_remote_sensing_review_0014,Nature Communications,2024,line_comment,minor,manuscript claim or supporting evidence,"Methods, results, discussion structure, and explanatory clarity",true
unit_001284,nature_remote_sensing_review_0014,Nature Communications,2024,contribution_assessment,minor,manuscript claim or supporting evidence,"Long-term time series, climate variability, and trend interpretation",true
unit_001285,nature_remote_sensing_review_0014,Nature Communications,2024,moderate_concern,moderate,manuscript claim or supporting evidence,"Long-term time series, climate variability, and trend interpretation",true
unit_001286,nature_remote_sensing_review_0014,Nature Communications,2024,contribution_assessment,moderate,global generalization,"Long-term time series, climate variability, and trend interpretation",true
unit_001287,nature_remote_sensing_review_0014,Nature Communications,2024,contribution_assessment,moderate,"global generalization, novelty claim","Long-term time series, climate variability, and trend interpretation",true
unit_001288,nature_remote_sensing_review_0015,Nature Communications,2024,line_comment,moderate,manuscript claim or supporting evidence,"Methods, results, discussion structure, and explanatory clarity",true
unit_001289,nature_remote_sensing_review_0015,Nature Communications,2024,line_comment,moderate,manuscript claim or supporting evidence,"Methods, results, discussion structure, and explanatory clarity",true
unit_001290,nature_remote_sensing_review_0015,Nature Communications,2024,moderate_concern,moderate,manuscript claim or supporting evidence,"Methods, results, discussion structure, and explanatory clarity",true
unit_001291,nature_remote_sensing_review_0015,Nature Communications,2024,line_comment,moderate,manuscript claim or supporting evidence,"Methods, results, discussion structure, and explanatory clarity",true
unit_001292,nature_remote_sensing_review_0015,Nature Communications,2024,line_comment,moderate,manuscript claim or supporting evidence,"Methods, results, discussion structure, and explanatory clarity",true
unit_001293,nature_remote_sensing_review_0015,Nature Communications,2024,line_comment,moderate,manuscript claim or supporting evidence,"Methods, results, discussion structure, and explanatory clarity",true
unit_001294,nature_remote_sensing_review_0015,Nature Communications,2024,line_comment,moderate,manuscript claim or supporting evidence,"Methods, results, discussion structure, and explanatory clarity",true
unit_001295,nature_remote_sensing_review_0015,Nature Communications,2024,line_comment,moderate,"model performance, methodological support","Methods, results, discussion structure, and explanatory clarity",true
unit_001296,nature_remote_sensing_review_0015,Nature Communications,2024,line_comment,moderate,manuscript claim or supporting evidence,"Spatial data, resolution, and product coverage",true
unit_001297,nature_remote_sensing_review_0015,Nature Communications,2024,line_comment,moderate,table evidence,"Figures, extended data, and evidentiary display",true
unit_001298,nature_remote_sensing_review_0015,Nature Communications,2024,line_comment,minor,manuscript claim or supporting evidence,"Methods, results, discussion structure, and explanatory clarity",true
unit_001299,nature_remote_sensing_review_0015,Nature Communications,2024,line_comment,moderate,manuscript claim or supporting evidence,"Methods, results, discussion structure, and explanatory clarity",true
unit_001300,nature_remote_sensing_review_0015,Nature Communications,2024,line_comment,minor,methodological support,"Concern resolution, code, publication readiness, and reproducibility",true
unit_001301,nature_remote_sensing_review_0015,Nature Communications,2024,line_comment,moderate,manuscript claim or supporting evidence,"Methods, results, discussion structure, and explanatory clarity",true
unit_001302,nature_remote_sensing_review_0015,Nature Communications,2024,line_comment,moderate,manuscript claim or supporting evidence,"River, water storage, sediment, tidal, and hydraulic interpretation",true
unit_001303,nature_remote_sensing_review_0015,Nature Communications,2024,line_comment,moderate,manuscript claim or supporting evidence,"Methods, results, discussion structure, and explanatory clarity",true
unit_001304,nature_remote_sensing_review_0015,Nature Communications,2024,line_comment,moderate,manuscript claim or supporting evidence,"Methods, results, discussion structure, and explanatory clarity",true
unit_001305,nature_remote_sensing_review_0015,Nature Communications,2024,line_comment,moderate,figure evidence,"Figures, extended data, and evidentiary display",true
unit_001306,nature_remote_sensing_review_0015,Nature Communications,2024,figure_or_table_comment,moderate,"figure evidence, methodological support","Figures, extended data, and evidentiary display",true
unit_001307,nature_remote_sensing_review_0015,Nature Communications,2024,moderate_concern,moderate,table evidence,"Figures, extended data, and evidentiary display",true
unit_001308,nature_remote_sensing_review_0015,Nature Communications,2024,minor_comment,minor,manuscript claim or supporting evidence,"Methods, results, discussion structure, and explanatory clarity",true
unit_001309,nature_remote_sensing_review_0015,Nature Communications,2024,contribution_assessment,moderate,methodological support,"Methods, results, discussion structure, and explanatory clarity",true
unit_001310,nature_remote_sensing_review_0015,Nature Communications,2024,contribution_assessment,moderate,global generalization,"Methods, results, discussion structure, and explanatory clarity",true
unit_001311,nature_remote_sensing_review_0015,Nature Communications,2024,contribution_assessment,minor,trend interpretation,"Long-term time series, climate variability, and trend interpretation",true
unit_001312,nature_remote_sensing_review_0015,Nature Communications,2024,minor_comment,minor,global generalization,"Methods, results, discussion structure, and explanatory clarity",true
unit_001313,nature_remote_sensing_review_0015,Nature Communications,2024,figure_or_table_comment,minor,"figure evidence, methodological support","Figures, extended data, and evidentiary display",true
unit_001314,nature_remote_sensing_review_0015,Nature Communications,2024,line_comment,moderate,manuscript claim or supporting evidence,"Methods, results, discussion structure, and explanatory clarity",true
unit_001315,nature_remote_sensing_review_0015,Nature Communications,2024,line_comment,minor,manuscript claim or supporting evidence,"River, water storage, sediment, tidal, and hydraulic interpretation",true
unit_001316,nature_remote_sensing_review_0015,Nature Communications,2024,line_comment,moderate,manuscript claim or supporting evidence,"Figures, extended data, and evidentiary display",true
unit_001317,nature_remote_sensing_review_0015,Nature Communications,2024,line_comment,moderate,manuscript claim or supporting evidence,"Methods, results, discussion structure, and explanatory clarity",true
unit_001318,nature_remote_sensing_review_0015,Nature Communications,2024,line_comment,moderate,manuscript claim or supporting evidence,"River, water storage, sediment, tidal, and hydraulic interpretation",true
unit_001319,nature_remote_sensing_review_0015,Nature Communications,2024,moderate_concern,moderate,manuscript claim or supporting evidence,"Methods, results, discussion structure, and explanatory clarity",true
unit_001320,nature_remote_sensing_review_0015,Nature Communications,2024,moderate_concern,moderate,manuscript claim or supporting evidence,"River, water storage, sediment, tidal, and hydraulic interpretation",true
unit_001321,nature_remote_sensing_review_0015,Nature Communications,2024,figure_or_table_comment,moderate,"novelty claim, figure evidence, methodological support","Figures, extended data, and evidentiary display",true
unit_001322,nature_remote_sensing_review_0015,Nature Communications,2024,contribution_assessment,moderate,novelty claim,"Methods, results, discussion structure, and explanatory clarity",true
unit_001323,nature_remote_sensing_review_0015,Nature Communications,2024,moderate_concern,moderate,manuscript claim or supporting evidence,"Methods, results, discussion structure, and explanatory clarity",true
unit_001324,nature_remote_sensing_review_0015,Nature Communications,2024,moderate_concern,moderate,manuscript claim or supporting evidence,"River, water storage, sediment, tidal, and hydraulic interpretation",true
unit_001325,nature_remote_sensing_review_0015,Nature Communications,2024,contribution_assessment,minor,manuscript claim or supporting evidence,"Remote-sensing context, citation positioning, and prior work",true
unit_001326,nature_remote_sensing_review_0015,Nature Communications,2024,minor_comment,minor,manuscript claim or supporting evidence,"Methods, results, discussion structure, and explanatory clarity",true
unit_001327,nature_remote_sensing_review_0015,Nature Communications,2024,moderate_concern,moderate,methodological support,"Methods, results, discussion structure, and explanatory clarity",true
unit_001328,nature_remote_sensing_review_0015,Nature Communications,2024,moderate_concern,moderate,manuscript claim or supporting evidence,"Spatial data, resolution, and product coverage",true
unit_001329,nature_remote_sensing_review_0015,Nature Communications,2024,moderate_concern,moderate,manuscript claim or supporting evidence,"Methods, results, discussion structure, and explanatory clarity",true
unit_001330,nature_remote_sensing_review_0015,Nature Communications,2024,contribution_assessment,moderate,manuscript claim or supporting evidence,"Methods, results, discussion structure, and explanatory clarity",true
unit_001331,nature_remote_sensing_review_0015,Nature Communications,2024,figure_or_table_comment,moderate,figure evidence,"Figures, extended data, and evidentiary display",true
unit_001332,nature_remote_sensing_review_0015,Nature Communications,2024,moderate_concern,moderate,figure evidence,"Figures, extended data, and evidentiary display",true
unit_001333,nature_remote_sensing_review_0015,Nature Communications,2024,moderate_concern,moderate,figure evidence,"Figures, extended data, and evidentiary display",true
unit_001334,nature_remote_sensing_review_0015,Nature Communications,2024,figure_or_table_comment,moderate,figure evidence,"Figures, extended data, and evidentiary display",true
unit_001335,nature_remote_sensing_review_0015,Nature Communications,2024,figure_or_table_comment,minor,figure evidence,"Spatial data, resolution, and product coverage",true
unit_001336,nature_remote_sensing_review_0015,Nature Communications,2024,figure_or_table_comment,moderate,figure evidence,"Figures, extended data, and evidentiary display",true
unit_001337,nature_remote_sensing_review_0015,Nature Communications,2024,contribution_assessment,minor,manuscript claim or supporting evidence,"Figures, extended data, and evidentiary display",true
unit_001338,nature_remote_sensing_review_0015,Nature Communications,2024,figure_or_table_comment,minor,"figure evidence, table evidence","Figures, extended data, and evidentiary display",true
unit_001339,nature_remote_sensing_review_0015,Nature Communications,2024,minor_comment,minor,manuscript claim or supporting evidence,"Spatial data, resolution, and product coverage",true
unit_001340,nature_remote_sensing_review_0015,Nature Communications,2024,revision_assessment,minor,"novelty claim, figure evidence","Spatial data, resolution, and product coverage",true
unit_001341,nature_remote_sensing_review_0015,Nature Communications,2024,line_comment,moderate,manuscript claim or supporting evidence,"Spatial data, resolution, and product coverage",true
unit_001342,nature_remote_sensing_review_0015,Nature Communications,2024,line_comment,moderate,manuscript claim or supporting evidence,"River, water storage, sediment, tidal, and hydraulic interpretation",true
unit_001343,nature_remote_sensing_review_0015,Nature Communications,2024,line_comment,moderate,manuscript claim or supporting evidence,"River, water storage, sediment, tidal, and hydraulic interpretation",true
unit_001344,nature_remote_sensing_review_0015,Nature Communications,2024,line_comment,minor,methodological support,"Methods, results, discussion structure, and explanatory clarity",true
unit_001345,nature_remote_sensing_review_0015,Nature Communications,2024,line_comment,moderate,manuscript claim or supporting evidence,"Spatial data, resolution, and product coverage",true
unit_001346,nature_remote_sensing_review_0015,Nature Communications,2024,line_comment,moderate,manuscript claim or supporting evidence,"Spatial data, resolution, and product coverage",true
unit_001347,nature_remote_sensing_review_0015,Nature Communications,2024,line_comment,moderate,novelty claim,"Methods, results, discussion structure, and explanatory clarity",true
unit_001348,nature_remote_sensing_review_0016,Nature Communications,2024,minor_comment,minor,model performance,"Sea level, vertical land motion, InSAR, and coastal elevation change",true
unit_001349,nature_remote_sensing_review_0016,Nature Communications,2024,moderate_concern,moderate,manuscript claim or supporting evidence,"Methods, results, discussion structure, and explanatory clarity",true
unit_001350,nature_remote_sensing_review_0016,Nature Communications,2024,moderate_concern,moderate,manuscript claim or supporting evidence,"Urban, inter-city, and SDG-impact interpretation",true
unit_001351,nature_remote_sensing_review_0016,Nature Communications,2024,minor_comment,minor,manuscript claim or supporting evidence,"Methods, results, discussion structure, and explanatory clarity",true
unit_001352,nature_remote_sensing_review_0016,Nature Communications,2024,minor_comment,minor,model performance,"Methods, results, discussion structure, and explanatory clarity",true
unit_001353,nature_remote_sensing_review_0016,Nature Communications,2024,moderate_concern,moderate,manuscript claim or supporting evidence,"Methods, results, discussion structure, and explanatory clarity",true
unit_001354,nature_remote_sensing_review_0016,Nature Communications,2024,figure_or_table_comment,minor,figure evidence,"Figures, extended data, and evidentiary display",true
unit_001355,nature_remote_sensing_review_0016,Nature Communications,2024,minor_comment,minor,manuscript claim or supporting evidence,"Sea level, vertical land motion, InSAR, and coastal elevation change",true
unit_001356,nature_remote_sensing_review_0016,Nature Communications,2024,figure_or_table_comment,minor,"model performance, figure evidence","Figures, extended data, and evidentiary display",true
unit_001357,nature_remote_sensing_review_0016,Nature Communications,2024,moderate_concern,moderate,model performance,"Methods, results, discussion structure, and explanatory clarity",true
unit_001358,nature_remote_sensing_review_0016,Nature Communications,2024,minor_comment,minor,model performance,"Methods, results, discussion structure, and explanatory clarity",true
unit_001359,nature_remote_sensing_review_0016,Nature Communications,2024,figure_or_table_comment,minor,figure evidence,"Spatial data, resolution, and product coverage",true
unit_001360,nature_remote_sensing_review_0016,Nature Communications,2024,contribution_assessment,moderate,manuscript claim or supporting evidence,"Methods, results, discussion structure, and explanatory clarity",true
unit_001361,nature_remote_sensing_review_0016,Nature Communications,2024,figure_or_table_comment,minor,"figure evidence, table evidence","Figures, extended data, and evidentiary display",true
unit_001362,nature_remote_sensing_review_0016,Nature Communications,2024,figure_or_table_comment,minor,"model performance, figure evidence, methodological support","Figures, extended data, and evidentiary display",true
unit_001363,nature_remote_sensing_review_0016,Nature Communications,2024,minor_comment,minor,figure evidence,"Spatial data, resolution, and product coverage",true
unit_001364,nature_remote_sensing_review_0016,Nature Communications,2024,minor_comment,minor,manuscript claim or supporting evidence,"Methods, results, discussion structure, and explanatory clarity",true
unit_001365,nature_remote_sensing_review_0016,Nature Communications,2024,line_comment,moderate,manuscript claim or supporting evidence,"Methods, results, discussion structure, and explanatory clarity",true
unit_001366,nature_remote_sensing_review_0016,Nature Communications,2024,figure_or_table_comment,moderate,"model performance, figure evidence","Spatial data, resolution, and product coverage",true
unit_001367,nature_remote_sensing_review_0016,Nature Communications,2024,line_comment,moderate,trend interpretation,"Long-term time series, climate variability, and trend interpretation",true
unit_001368,nature_remote_sensing_review_0016,Nature Communications,2024,line_comment,minor,manuscript claim or supporting evidence,"Methods, results, discussion structure, and explanatory clarity",true
unit_001369,nature_remote_sensing_review_0016,Nature Communications,2024,line_comment,moderate,manuscript claim or supporting evidence,"Methods, results, discussion structure, and explanatory clarity",true
unit_001370,nature_remote_sensing_review_0016,Nature Communications,2024,line_comment,moderate,manuscript claim or supporting evidence,"Methods, results, discussion structure, and explanatory clarity",true
unit_001371,nature_remote_sensing_review_0016,Nature Communications,2024,minor_comment,minor,manuscript claim or supporting evidence,"Methods, results, discussion structure, and explanatory clarity",true
unit_001372,nature_remote_sensing_review_0016,Nature Communications,2024,line_comment,minor,model performance,"Methods, results, discussion structure, and explanatory clarity",true
unit_001373,nature_remote_sensing_review_0016,Nature Communications,2024,moderate_concern,moderate,manuscript claim or supporting evidence,"Machine learning, model performance, and generalization",true
unit_001374,nature_remote_sensing_review_0016,Nature Communications,2024,moderate_concern,moderate,model performance,"Spatial data, resolution, and product coverage",true
unit_001375,nature_remote_sensing_review_0016,Nature Communications,2024,moderate_concern,moderate,"model performance, table evidence","Figures, extended data, and evidentiary display",true
unit_001376,nature_remote_sensing_review_0016,Nature Communications,2024,minor_comment,minor,model performance,"Methods, results, discussion structure, and explanatory clarity",true
unit_001377,nature_remote_sensing_review_0016,Nature Communications,2024,moderate_concern,moderate,model performance,"Methods, results, discussion structure, and explanatory clarity",true
unit_001378,nature_remote_sensing_review_0016,Nature Communications,2024,moderate_concern,moderate,manuscript claim or supporting evidence,"Methods, results, discussion structure, and explanatory clarity",true
unit_001379,nature_remote_sensing_review_0016,Nature Communications,2024,moderate_concern,moderate,model performance,"Methods, results, discussion structure, and explanatory clarity",true
unit_001380,nature_remote_sensing_review_0016,Nature Communications,2024,figure_or_table_comment,moderate,"model performance, figure evidence","Figures, extended data, and evidentiary display",true
unit_001381,nature_remote_sensing_review_0016,Nature Communications,2024,minor_comment,minor,model performance,"Urban, inter-city, and SDG-impact interpretation",true
unit_001382,nature_remote_sensing_review_0016,Nature Communications,2024,moderate_concern,moderate,manuscript claim or supporting evidence,"Urban, inter-city, and SDG-impact interpretation",true
unit_001383,nature_remote_sensing_review_0016,Nature Communications,2024,moderate_concern,moderate,manuscript claim or supporting evidence,"Methods, results, discussion structure, and explanatory clarity",true
unit_001384,nature_remote_sensing_review_0016,Nature Communications,2024,moderate_concern,moderate,manuscript claim or supporting evidence,"Methods, results, discussion structure, and explanatory clarity",true
unit_001385,nature_remote_sensing_review_0016,Nature Communications,2024,minor_comment,minor,manuscript claim or supporting evidence,"Methods, results, discussion structure, and explanatory clarity",true
unit_001386,nature_remote_sensing_review_0016,Nature Communications,2024,moderate_concern,moderate,manuscript claim or supporting evidence,"Methods, results, discussion structure, and explanatory clarity",true
unit_001387,nature_remote_sensing_review_0016,Nature Communications,2024,moderate_concern,moderate,manuscript claim or supporting evidence,"Methods, results, discussion structure, and explanatory clarity",true
unit_001388,nature_remote_sensing_review_0016,Nature Communications,2024,moderate_concern,moderate,model performance,"Methods, results, discussion structure, and explanatory clarity",true
unit_001389,nature_remote_sensing_review_0016,Nature Communications,2024,moderate_concern,moderate,manuscript claim or supporting evidence,"Methods, results, discussion structure, and explanatory clarity",true
unit_001390,nature_remote_sensing_review_0016,Nature Communications,2024,figure_or_table_comment,minor,manuscript claim or supporting evidence,"Methods, results, discussion structure, and explanatory clarity",true
unit_001391,nature_remote_sensing_review_0016,Nature Communications,2024,moderate_concern,moderate,model performance,"Methods, results, discussion structure, and explanatory clarity",true
unit_001392,nature_remote_sensing_review_0016,Nature Communications,2024,moderate_concern,moderate,manuscript claim or supporting evidence,"Methods, results, discussion structure, and explanatory clarity",true
unit_001393,nature_remote_sensing_review_0016,Nature Communications,2024,minor_comment,minor,model performance,"Methods, results, discussion structure, and explanatory clarity",true
unit_001394,nature_remote_sensing_review_0016,Nature Communications,2024,moderate_concern,moderate,model performance,"Methods, results, discussion structure, and explanatory clarity",true
unit_001395,nature_remote_sensing_review_0016,Nature Communications,2024,moderate_concern,moderate,manuscript claim or supporting evidence,"Concern resolution, code, publication readiness, and reproducibility",true
unit_001396,nature_remote_sensing_review_0016,Nature Communications,2024,moderate_concern,moderate,model performance,"Sea level, vertical land motion, InSAR, and coastal elevation change",true
unit_001397,nature_remote_sensing_review_0016,Nature Communications,2024,contribution_assessment,moderate,table evidence,"Figures, extended data, and evidentiary display",true
unit_001398,nature_remote_sensing_review_0016,Nature Communications,2024,moderate_concern,moderate,model performance,"Concern resolution, code, publication readiness, and reproducibility",true
unit_001399,nature_remote_sensing_review_0016,Nature Communications,2024,moderate_concern,moderate,manuscript claim or supporting evidence,"Urban, inter-city, and SDG-impact interpretation",true
unit_001400,nature_remote_sensing_review_0016,Nature Communications,2024,minor_comment,minor,manuscript claim or supporting evidence,"Methods, results, discussion structure, and explanatory clarity",true
unit_001401,nature_remote_sensing_review_0016,Nature Communications,2024,moderate_concern,moderate,manuscript claim or supporting evidence,"Urban, inter-city, and SDG-impact interpretation",true
unit_001402,nature_remote_sensing_review_0016,Nature Communications,2024,moderate_concern,moderate,manuscript claim or supporting evidence,"Urban, inter-city, and SDG-impact interpretation",true
unit_001403,nature_remote_sensing_review_0016,Nature Communications,2024,moderate_concern,moderate,methodological support,"Methods, results, discussion structure, and explanatory clarity",true
unit_001404,nature_remote_sensing_review_0016,Nature Communications,2024,moderate_concern,moderate,methodological support,"Concern resolution, code, publication readiness, and reproducibility",true
unit_001405,nature_remote_sensing_review_0016,Nature Communications,2024,minor_comment,minor,manuscript claim or supporting evidence,"Methods, results, discussion structure, and explanatory clarity",true
unit_001406,nature_remote_sensing_review_0016,Nature Communications,2024,minor_comment,minor,"model performance, methodological support","Concern resolution, code, publication readiness, and reproducibility",true
unit_001407,nature_remote_sensing_review_0016,Nature Communications,2024,moderate_concern,moderate,manuscript claim or supporting evidence,"Sea level, vertical land motion, InSAR, and coastal elevation change",true
unit_001408,nature_remote_sensing_review_0016,Nature Communications,2024,moderate_concern,moderate,manuscript claim or supporting evidence,"Methods, results, discussion structure, and explanatory clarity",true
unit_001409,nature_remote_sensing_review_0016,Nature Communications,2024,figure_or_table_comment,minor,"trend interpretation, figure evidence","Long-term time series, climate variability, and trend interpretation",true
unit_001410,nature_remote_sensing_review_0016,Nature Communications,2024,moderate_concern,moderate,trend interpretation,"Long-term time series, climate variability, and trend interpretation",true
unit_001411,nature_remote_sensing_review_0016,Nature Communications,2024,minor_comment,minor,manuscript claim or supporting evidence,"Spatial data, resolution, and product coverage",true
unit_001412,nature_remote_sensing_review_0016,Nature Communications,2024,moderate_concern,moderate,trend interpretation,"Long-term time series, climate variability, and trend interpretation",true
unit_001413,nature_remote_sensing_review_0016,Nature Communications,2024,contribution_assessment,moderate,"model performance, methodological support","Concern resolution, code, publication readiness, and reproducibility",true
unit_001414,nature_remote_sensing_review_0016,Nature Communications,2024,minor_comment,minor,model performance,"Methods, results, discussion structure, and explanatory clarity",true
unit_001415,nature_remote_sensing_review_0016,Nature Communications,2024,contribution_assessment,moderate,model performance,"Methods, results, discussion structure, and explanatory clarity",true
unit_001416,nature_remote_sensing_review_0016,Nature Communications,2024,figure_or_table_comment,minor,figure evidence,"Spatial data, resolution, and product coverage",true
unit_001417,nature_remote_sensing_review_0016,Nature Communications,2024,moderate_concern,moderate,"model performance, figure evidence","Figures, extended data, and evidentiary display",true
unit_001418,nature_remote_sensing_review_0016,Nature Communications,2024,figure_or_table_comment,minor,"figure evidence, table evidence","Long-term time series, climate variability, and trend interpretation",true
unit_001419,nature_remote_sensing_review_0016,Nature Communications,2024,moderate_concern,moderate,manuscript claim or supporting evidence,"Methods, results, discussion structure, and explanatory clarity",true
unit_001420,nature_remote_sensing_review_0016,Nature Communications,2024,figure_or_table_comment,moderate,figure evidence,"Figures, extended data, and evidentiary display",true
unit_001421,nature_remote_sensing_review_0016,Nature Communications,2024,minor_comment,minor,manuscript claim or supporting evidence,"Figures, extended data, and evidentiary display",true
unit_001422,nature_remote_sensing_review_0016,Nature Communications,2024,moderate_concern,moderate,manuscript claim or supporting evidence,"Figures, extended data, and evidentiary display",true
unit_001423,nature_remote_sensing_review_0016,Nature Communications,2024,moderate_concern,moderate,manuscript claim or supporting evidence,"Figures, extended data, and evidentiary display",true
unit_001424,nature_remote_sensing_review_0016,Nature Communications,2024,moderate_concern,moderate,methodological support,"Figures, extended data, and evidentiary display",true
unit_001425,nature_remote_sensing_review_0016,Nature Communications,2024,figure_or_table_comment,minor,"model performance, figure evidence, methodological support","Figures, extended data, and evidentiary display",true
unit_001426,nature_remote_sensing_review_0016,Nature Communications,2024,moderate_concern,moderate,manuscript claim or supporting evidence,"Methods, results, discussion structure, and explanatory clarity",true
unit_001427,nature_remote_sensing_review_0016,Nature Communications,2024,moderate_concern,moderate,manuscript claim or supporting evidence,"Methods, results, discussion structure, and explanatory clarity",true
unit_001428,nature_remote_sensing_review_0016,Nature Communications,2024,figure_or_table_comment,moderate,"figure evidence, methodological support","Figures, extended data, and evidentiary display",true
unit_001429,nature_remote_sensing_review_0016,Nature Communications,2024,minor_comment,minor,figure evidence,"Spatial data, resolution, and product coverage",true
unit_001430,nature_remote_sensing_review_0016,Nature Communications,2024,moderate_concern,moderate,manuscript claim or supporting evidence,"Spatial data, resolution, and product coverage",true
unit_001431,nature_remote_sensing_review_0016,Nature Communications,2024,minor_comment,minor,manuscript claim or supporting evidence,"Methods, results, discussion structure, and explanatory clarity",true
unit_001432,nature_remote_sensing_review_0016,Nature Communications,2024,moderate_concern,moderate,model performance,"Methods, results, discussion structure, and explanatory clarity",true
unit_001433,nature_remote_sensing_review_0016,Nature Communications,2024,moderate_concern,moderate,manuscript claim or supporting evidence,"Methods, results, discussion structure, and explanatory clarity",true
unit_001434,nature_remote_sensing_review_0016,Nature Communications,2024,moderate_concern,moderate,methodological support,"Methods, results, discussion structure, and explanatory clarity",true
unit_001435,nature_remote_sensing_review_0016,Nature Communications,2024,moderate_concern,moderate,model performance,"Spatial data, resolution, and product coverage",true
unit_001436,nature_remote_sensing_review_0016,Nature Communications,2024,moderate_concern,moderate,trend interpretation,"Long-term time series, climate variability, and trend interpretation",true
unit_001437,nature_remote_sensing_review_0016,Nature Communications,2024,contribution_assessment,minor,manuscript claim or supporting evidence,"Methods, results, discussion structure, and explanatory clarity",true
unit_001438,nature_remote_sensing_review_0016,Nature Communications,2024,minor_comment,minor,manuscript claim or supporting evidence,"Methods, results, discussion structure, and explanatory clarity",true
unit_001439,nature_remote_sensing_review_0016,Nature Communications,2024,moderate_concern,moderate,manuscript claim or supporting evidence,"Methods, results, discussion structure, and explanatory clarity",true
unit_001440,nature_remote_sensing_review_0016,Nature Communications,2024,figure_or_table_comment,moderate,figure evidence,"Figures, extended data, and evidentiary display",true
unit_001441,nature_remote_sensing_review_0016,Nature Communications,2024,minor_comment,minor,manuscript claim or supporting evidence,"Methods, results, discussion structure, and explanatory clarity",true
unit_001442,nature_remote_sensing_review_0016,Nature Communications,2024,moderate_concern,moderate,manuscript claim or supporting evidence,"Methods, results, discussion structure, and explanatory clarity",true
unit_001443,nature_remote_sensing_review_0016,Nature Communications,2024,minor_comment,minor,model performance,"Methods, results, discussion structure, and explanatory clarity",true
unit_001444,nature_remote_sensing_review_0016,Nature Communications,2024,contribution_assessment,minor,model performance,"Methods, results, discussion structure, and explanatory clarity",true
unit_001445,nature_remote_sensing_review_0016,Nature Communications,2024,moderate_concern,moderate,model performance,"Urban, inter-city, and SDG-impact interpretation",true
unit_001446,nature_remote_sensing_review_0016,Nature Communications,2024,moderate_concern,moderate,model performance,"Methods, results, discussion structure, and explanatory clarity",true
unit_001447,nature_remote_sensing_review_0016,Nature Communications,2024,moderate_concern,moderate,model performance,"Urban, inter-city, and SDG-impact interpretation",true
unit_001448,nature_remote_sensing_review_0016,Nature Communications,2024,moderate_concern,moderate,model performance,"Concern resolution, code, publication readiness, and reproducibility",true
unit_001449,nature_remote_sensing_review_0016,Nature Communications,2024,contribution_assessment,moderate,model performance,"Methods, results, discussion structure, and explanatory clarity",true
unit_001450,nature_remote_sensing_review_0016,Nature Communications,2024,moderate_concern,moderate,manuscript claim or supporting evidence,"Methods, results, discussion structure, and explanatory clarity",true
unit_001451,nature_remote_sensing_review_0016,Nature Communications,2024,moderate_concern,moderate,manuscript claim or supporting evidence,"Methods, results, discussion structure, and explanatory clarity",true
unit_001452,nature_remote_sensing_review_0016,Nature Communications,2024,moderate_concern,moderate,manuscript claim or supporting evidence,"Methods, results, discussion structure, and explanatory clarity",true
unit_001453,nature_remote_sensing_review_0016,Nature Communications,2024,moderate_concern,moderate,model performance,"Methods, results, discussion structure, and explanatory clarity",true
unit_001454,nature_remote_sensing_review_0016,Nature Communications,2024,moderate_concern,moderate,model performance,"Methods, results, discussion structure, and explanatory clarity",true
unit_001455,nature_remote_sensing_review_0016,Nature Communications,2024,figure_or_table_comment,moderate,"model performance, figure evidence","Spatial data, resolution, and product coverage",true
unit_001456,nature_remote_sensing_review_0016,Nature Communications,2024,figure_or_table_comment,moderate,figure evidence,"Figures, extended data, and evidentiary display",true
unit_001457,nature_remote_sensing_review_0016,Nature Communications,2024,moderate_concern,moderate,manuscript claim or supporting evidence,"Urban, inter-city, and SDG-impact interpretation",true
unit_001458,nature_remote_sensing_review_0016,Nature Communications,2024,moderate_concern,moderate,manuscript claim or supporting evidence,"Urban, inter-city, and SDG-impact interpretation",true
unit_001459,nature_remote_sensing_review_0016,Nature Communications,2024,moderate_concern,moderate,global generalization,"Machine learning, model performance, and generalization",true
unit_001460,nature_remote_sensing_review_0016,Nature Communications,2024,moderate_concern,moderate,manuscript claim or supporting evidence,"Figures, extended data, and evidentiary display",true
unit_001461,nature_remote_sensing_review_0016,Nature Communications,2024,moderate_concern,moderate,"causal or attribution claim, figure evidence","Figures, extended data, and evidentiary display",true
unit_001462,nature_remote_sensing_review_0016,Nature Communications,2024,moderate_concern,moderate,manuscript claim or supporting evidence,"Figures, extended data, and evidentiary display",true
unit_001463,nature_remote_sensing_review_0016,Nature Communications,2024,moderate_concern,moderate,manuscript claim or supporting evidence,"Methods, results, discussion structure, and explanatory clarity",true
unit_001464,nature_remote_sensing_review_0016,Nature Communications,2024,minor_comment,minor,manuscript claim or supporting evidence,"Methods, results, discussion structure, and explanatory clarity",true
unit_001465,nature_remote_sensing_review_0016,Nature Communications,2024,minor_comment,minor,manuscript claim or supporting evidence,"Methods, results, discussion structure, and explanatory clarity",true
unit_001466,nature_remote_sensing_review_0016,Nature Communications,2024,moderate_concern,moderate,model performance,"Methods, results, discussion structure, and explanatory clarity",true
unit_001467,nature_remote_sensing_review_0016,Nature Communications,2024,moderate_concern,moderate,model performance,"Sea level, vertical land motion, InSAR, and coastal elevation change",true
unit_001468,nature_remote_sensing_review_0016,Nature Communications,2024,moderate_concern,moderate,model performance,"Remote-sensing context, citation positioning, and prior work",true
unit_001469,nature_remote_sensing_review_0016,Nature Communications,2024,minor_comment,minor,model performance,"Methods, results, discussion structure, and explanatory clarity",true
unit_001470,nature_remote_sensing_review_0016,Nature Communications,2024,moderate_concern,moderate,manuscript claim or supporting evidence,"Methods, results, discussion structure, and explanatory clarity",true
unit_001471,nature_remote_sensing_review_0016,Nature Communications,2024,moderate_concern,moderate,"model performance, methodological support","Methods, results, discussion structure, and explanatory clarity",true
unit_001472,nature_remote_sensing_review_0016,Nature Communications,2024,moderate_concern,moderate,"model performance, algorithm validity","Sea level, vertical land motion, InSAR, and coastal elevation change",true
unit_001473,nature_remote_sensing_review_0016,Nature Communications,2024,moderate_concern,moderate,manuscript claim or supporting evidence,"Concern resolution, code, publication readiness, and reproducibility",true
unit_001474,nature_remote_sensing_review_0016,Nature Communications,2024,contribution_assessment,moderate,table evidence,"Figures, extended data, and evidentiary display",true
unit_001475,nature_remote_sensing_review_0016,Nature Communications,2024,moderate_concern,moderate,manuscript claim or supporting evidence,"Methods, results, discussion structure, and explanatory clarity",true
unit_001476,nature_remote_sensing_review_0016,Nature Communications,2024,moderate_concern,moderate,manuscript claim or supporting evidence,"Methods, results, discussion structure, and explanatory clarity",true
unit_001477,nature_remote_sensing_review_0016,Nature Communications,2024,moderate_concern,moderate,manuscript claim or supporting evidence,"Urban, inter-city, and SDG-impact interpretation",true
unit_001478,nature_remote_sensing_review_0016,Nature Communications,2024,moderate_concern,moderate,manuscript claim or supporting evidence,"Methods, results, discussion structure, and explanatory clarity",true
unit_001479,nature_remote_sensing_review_0016,Nature Communications,2024,moderate_concern,moderate,manuscript claim or supporting evidence,"Methods, results, discussion structure, and explanatory clarity",true
unit_001480,nature_remote_sensing_review_0016,Nature Communications,2024,moderate_concern,moderate,manuscript claim or supporting evidence,"Sea level, vertical land motion, InSAR, and coastal elevation change",true
unit_001481,nature_remote_sensing_review_0016,Nature Communications,2024,moderate_concern,moderate,manuscript claim or supporting evidence,"Methods, results, discussion structure, and explanatory clarity",true
unit_001482,nature_remote_sensing_review_0016,Nature Communications,2024,moderate_concern,moderate,manuscript claim or supporting evidence,"Methods, results, discussion structure, and explanatory clarity",true
unit_001483,nature_remote_sensing_review_0016,Nature Communications,2024,moderate_concern,moderate,model performance,"Methods, results, discussion structure, and explanatory clarity",true
unit_001484,nature_remote_sensing_review_0016,Nature Communications,2024,moderate_concern,moderate,manuscript claim or supporting evidence,"Methods, results, discussion structure, and explanatory clarity",true
unit_001485,nature_remote_sensing_review_0016,Nature Communications,2024,moderate_concern,moderate,manuscript claim or supporting evidence,"Methods, results, discussion structure, and explanatory clarity",true
unit_001486,nature_remote_sensing_review_0016,Nature Communications,2024,moderate_concern,moderate,manuscript claim or supporting evidence,"Methods, results, discussion structure, and explanatory clarity",true
unit_001487,nature_remote_sensing_review_0016,Nature Communications,2024,moderate_concern,moderate,manuscript claim or supporting evidence,"Urban, inter-city, and SDG-impact interpretation",true
unit_001488,nature_remote_sensing_review_0016,Nature Communications,2024,moderate_concern,moderate,manuscript claim or supporting evidence,"Methods, results, discussion structure, and explanatory clarity",true
unit_001489,nature_remote_sensing_review_0016,Nature Communications,2024,moderate_concern,moderate,manuscript claim or supporting evidence,"Methods, results, discussion structure, and explanatory clarity",true
unit_001490,nature_remote_sensing_review_0016,Nature Communications,2024,moderate_concern,moderate,manuscript claim or supporting evidence,"Methods, results, discussion structure, and explanatory clarity",true
unit_001491,nature_remote_sensing_review_0016,Nature Communications,2024,moderate_concern,moderate,manuscript claim or supporting evidence,"Spatial data, resolution, and product coverage",true
unit_001492,nature_remote_sensing_review_0016,Nature Communications,2024,moderate_concern,moderate,manuscript claim or supporting evidence,"Methods, results, discussion structure, and explanatory clarity",true
unit_001493,nature_remote_sensing_review_0016,Nature Communications,2024,moderate_concern,moderate,manuscript claim or supporting evidence,"Methods, results, discussion structure, and explanatory clarity",true
unit_001494,nature_remote_sensing_review_0016,Nature Communications,2024,moderate_concern,moderate,model performance,"Methods, results, discussion structure, and explanatory clarity",true
unit_001495,nature_remote_sensing_review_0016,Nature Communications,2024,moderate_concern,moderate,manuscript claim or supporting evidence,"Sea level, vertical land motion, InSAR, and coastal elevation change",true
unit_001496,nature_remote_sensing_review_0016,Nature Communications,2024,moderate_concern,moderate,manuscript claim or supporting evidence,"Methods, results, discussion structure, and explanatory clarity",true
unit_001497,nature_remote_sensing_review_0016,Nature Communications,2024,moderate_concern,moderate,figure evidence,"Figures, extended data, and evidentiary display",true
unit_001498,nature_remote_sensing_review_0016,Nature Communications,2024,moderate_concern,moderate,manuscript claim or supporting evidence,"Methods, results, discussion structure, and explanatory clarity",true
unit_001499,nature_remote_sensing_review_0016,Nature Communications,2024,revision_assessment,moderate,manuscript claim or supporting evidence,"Methods, results, discussion structure, and explanatory clarity",true
unit_001500,nature_remote_sensing_review_0016,Nature Communications,2024,revision_assessment,moderate,manuscript claim or supporting evidence,"Concern resolution, code, publication readiness, and reproducibility",true
unit_001501,nature_remote_sensing_review_0016,Nature Communications,2024,moderate_concern,moderate,manuscript claim or supporting evidence,"Methods, results, discussion structure, and explanatory clarity",true
unit_001502,nature_remote_sensing_review_0016,Nature Communications,2024,moderate_concern,moderate,manuscript claim or supporting evidence,"Remote-sensing context, citation positioning, and prior work",true
unit_001503,nature_remote_sensing_review_0016,Nature Communications,2024,moderate_concern,moderate,manuscript claim or supporting evidence,"Figures, extended data, and evidentiary display",true
unit_001504,nature_remote_sensing_review_0016,Nature Communications,2024,moderate_concern,moderate,model performance,"Figures, extended data, and evidentiary display",true
unit_001505,nature_remote_sensing_review_0016,Nature Communications,2024,moderate_concern,moderate,model performance,"Methods, results, discussion structure, and explanatory clarity",true
unit_001506,nature_remote_sensing_review_0016,Nature Communications,2024,moderate_concern,moderate,manuscript claim or supporting evidence,"Methods, results, discussion structure, and explanatory clarity",true
unit_001507,nature_remote_sensing_review_0016,Nature Communications,2024,moderate_concern,moderate,manuscript claim or supporting evidence,"Methods, results, discussion structure, and explanatory clarity",true
unit_001508,nature_remote_sensing_review_0016,Nature Communications,2024,moderate_concern,moderate,manuscript claim or supporting evidence,"Methods, results, discussion structure, and explanatory clarity",true
unit_001509,nature_remote_sensing_review_0016,Nature Communications,2024,moderate_concern,moderate,manuscript claim or supporting evidence,"Methods, results, discussion structure, and explanatory clarity",true
unit_001510,nature_remote_sensing_review_0016,Nature Communications,2024,moderate_concern,moderate,manuscript claim or supporting evidence,"Methods, results, discussion structure, and explanatory clarity",true
unit_001511,nature_remote_sensing_review_0016,Nature Communications,2024,moderate_concern,moderate,manuscript claim or supporting evidence,"Remote-sensing context, citation positioning, and prior work",true
unit_001512,nature_remote_sensing_review_0016,Nature Communications,2024,moderate_concern,moderate,manuscript claim or supporting evidence,"Spatial data, resolution, and product coverage",true
unit_001513,nature_remote_sensing_review_0016,Nature Communications,2024,moderate_concern,moderate,manuscript claim or supporting evidence,"Remote-sensing context, citation positioning, and prior work",true
unit_001514,nature_remote_sensing_review_0016,Nature Communications,2024,moderate_concern,moderate,manuscript claim or supporting evidence,"Methods, results, discussion structure, and explanatory clarity",true
unit_001515,nature_remote_sensing_review_0016,Nature Communications,2024,moderate_concern,moderate,manuscript claim or supporting evidence,"Figures, extended data, and evidentiary display",true
unit_001516,nature_remote_sensing_review_0016,Nature Communications,2024,moderate_concern,moderate,manuscript claim or supporting evidence,"Methods, results, discussion structure, and explanatory clarity",true
unit_001517,nature_remote_sensing_review_0016,Nature Communications,2024,line_comment,moderate,manuscript claim or supporting evidence,"Methods, results, discussion structure, and explanatory clarity",true
unit_001518,nature_remote_sensing_review_0016,Nature Communications,2024,moderate_concern,moderate,model performance,"Figures, extended data, and evidentiary display",true
unit_001519,nature_remote_sensing_review_0016,Nature Communications,2024,moderate_concern,moderate,model performance,"Methods, results, discussion structure, and explanatory clarity",true
unit_001520,nature_remote_sensing_review_0016,Nature Communications,2024,contribution_assessment,moderate,model performance,"Methods, results, discussion structure, and explanatory clarity",true
unit_001521,nature_remote_sensing_review_0017,Nature Communications,2024,moderate_concern,moderate,trend interpretation,"Long-term time series, climate variability, and trend interpretation",true
unit_001522,nature_remote_sensing_review_0017,Nature Communications,2024,contribution_assessment,minor,manuscript claim or supporting evidence,"Methods, results, discussion structure, and explanatory clarity",true
unit_001523,nature_remote_sensing_review_0017,Nature Communications,2024,moderate_concern,moderate,trend interpretation,"Long-term time series, climate variability, and trend interpretation",true
unit_001524,nature_remote_sensing_review_0017,Nature Communications,2024,figure_or_table_comment,moderate,"trend interpretation, figure evidence","Long-term time series, climate variability, and trend interpretation",true
unit_001525,nature_remote_sensing_review_0017,Nature Communications,2024,moderate_concern,moderate,"global generalization, methodological support","Methods, results, discussion structure, and explanatory clarity",true
unit_001526,nature_remote_sensing_review_0017,Nature Communications,2024,minor_comment,minor,trend interpretation,"Long-term time series, climate variability, and trend interpretation",true
unit_001527,nature_remote_sensing_review_0017,Nature Communications,2024,minor_comment,minor,manuscript claim or supporting evidence,"River, water storage, sediment, tidal, and hydraulic interpretation",true
unit_001528,nature_remote_sensing_review_0017,Nature Communications,2024,moderate_concern,moderate,manuscript claim or supporting evidence,"Methods, results, discussion structure, and explanatory clarity",true
unit_001529,nature_remote_sensing_review_0017,Nature Communications,2024,line_comment,moderate,manuscript claim or supporting evidence,"Sea level, vertical land motion, InSAR, and coastal elevation change",true
unit_001530,nature_remote_sensing_review_0017,Nature Communications,2024,line_comment,moderate,manuscript claim or supporting evidence,"Figures, extended data, and evidentiary display",true
unit_001531,nature_remote_sensing_review_0017,Nature Communications,2024,line_comment,moderate,manuscript claim or supporting evidence,"Methods, results, discussion structure, and explanatory clarity",true
unit_001532,nature_remote_sensing_review_0017,Nature Communications,2024,moderate_concern,moderate,"trend interpretation, table evidence","Long-term time series, climate variability, and trend interpretation",true
unit_001533,nature_remote_sensing_review_0017,Nature Communications,2024,moderate_concern,moderate,manuscript claim or supporting evidence,"Methods, results, discussion structure, and explanatory clarity",true
unit_001534,nature_remote_sensing_review_0017,Nature Communications,2024,moderate_concern,moderate,"trend interpretation, global generalization","Long-term time series, climate variability, and trend interpretation",true
unit_001535,nature_remote_sensing_review_0017,Nature Communications,2024,moderate_concern,moderate,"global generalization, methodological support","Spatial data, resolution, and product coverage",true
unit_001536,nature_remote_sensing_review_0017,Nature Communications,2024,moderate_concern,moderate,manuscript claim or supporting evidence,"Methods, results, discussion structure, and explanatory clarity",true
unit_001537,nature_remote_sensing_review_0017,Nature Communications,2024,moderate_concern,moderate,global generalization,"River, water storage, sediment, tidal, and hydraulic interpretation",true
unit_001538,nature_remote_sensing_review_0017,Nature Communications,2024,moderate_concern,moderate,"global generalization, algorithm validity","Methods, results, discussion structure, and explanatory clarity",true
unit_001539,nature_remote_sensing_review_0017,Nature Communications,2024,contribution_assessment,moderate,"trend interpretation, global generalization, methodological support","Long-term time series, climate variability, and trend interpretation",true
unit_001540,nature_remote_sensing_review_0017,Nature Communications,2024,moderate_concern,moderate,methodological support,"Methods, results, discussion structure, and explanatory clarity",true
unit_001541,nature_remote_sensing_review_0017,Nature Communications,2024,moderate_concern,moderate,methodological support,"Methods, results, discussion structure, and explanatory clarity",true
unit_001542,nature_remote_sensing_review_0017,Nature Communications,2024,minor_comment,minor,global generalization,"Figures, extended data, and evidentiary display",true
unit_001543,nature_remote_sensing_review_0017,Nature Communications,2024,minor_comment,minor,"trend interpretation, global generalization, methodological support","Long-term time series, climate variability, and trend interpretation",true
unit_001544,nature_remote_sensing_review_0017,Nature Communications,2024,figure_or_table_comment,major,"trend interpretation, global generalization, figure evidence","Long-term time series, climate variability, and trend interpretation",true
unit_001545,nature_remote_sensing_review_0017,Nature Communications,2024,moderate_concern,moderate,manuscript claim or supporting evidence,"Methods, results, discussion structure, and explanatory clarity",true
unit_001546,nature_remote_sensing_review_0017,Nature Communications,2024,figure_or_table_comment,minor,manuscript claim or supporting evidence,"Figures, extended data, and evidentiary display",true
unit_001547,nature_remote_sensing_review_0017,Nature Communications,2024,minor_comment,minor,"trend interpretation, global generalization, methodological support","Long-term time series, climate variability, and trend interpretation",true
unit_001548,nature_remote_sensing_review_0017,Nature Communications,2024,moderate_concern,moderate,"trend interpretation, model performance, methodological support","Long-term time series, climate variability, and trend interpretation",true
unit_001549,nature_remote_sensing_review_0017,Nature Communications,2024,moderate_concern,moderate,"trend interpretation, methodological support","Long-term time series, climate variability, and trend interpretation",true
unit_001550,nature_remote_sensing_review_0017,Nature Communications,2024,figure_or_table_comment,moderate,figure evidence,"Figures, extended data, and evidentiary display",true
unit_001551,nature_remote_sensing_review_0017,Nature Communications,2024,figure_or_table_comment,minor,manuscript claim or supporting evidence,"Figures, extended data, and evidentiary display",true
unit_001552,nature_remote_sensing_review_0017,Nature Communications,2024,minor_comment,minor,global generalization,"River, water storage, sediment, tidal, and hydraulic interpretation",true
unit_001553,nature_remote_sensing_review_0017,Nature Communications,2024,revision_assessment,moderate,manuscript claim or supporting evidence,"Methods, results, discussion structure, and explanatory clarity",true
unit_001554,nature_remote_sensing_review_0017,Nature Communications,2024,contribution_assessment,moderate,trend interpretation,"Long-term time series, climate variability, and trend interpretation",true
unit_001555,nature_remote_sensing_review_0018,Nature Communications,2024,figure_or_table_comment,major,"novelty claim, model performance, figure evidence","Figures, extended data, and evidentiary display",true
unit_001556,nature_remote_sensing_review_0018,Nature Communications,2024,minor_comment,minor,"model performance, table evidence","Figures, extended data, and evidentiary display",true
unit_001557,nature_remote_sensing_review_0018,Nature Communications,2024,figure_or_table_comment,moderate,figure evidence,"Figures, extended data, and evidentiary display",true
unit_001558,nature_remote_sensing_review_0018,Nature Communications,2024,moderate_concern,moderate,model performance,"Figures, extended data, and evidentiary display",true
unit_001559,nature_remote_sensing_review_0018,Nature Communications,2024,moderate_concern,moderate,manuscript claim or supporting evidence,"Figures, extended data, and evidentiary display",true
unit_001560,nature_remote_sensing_review_0018,Nature Communications,2024,figure_or_table_comment,minor,figure evidence,"Spatial data, resolution, and product coverage",true
unit_001561,nature_remote_sensing_review_0018,Nature Communications,2024,contribution_assessment,minor,manuscript claim or supporting evidence,"Spatial data, resolution, and product coverage",true
unit_001562,nature_remote_sensing_review_0018,Nature Communications,2024,moderate_concern,moderate,manuscript claim or supporting evidence,"Remote-sensing context, citation positioning, and prior work",true
unit_001563,nature_remote_sensing_review_0018,Nature Communications,2024,moderate_concern,moderate,manuscript claim or supporting evidence,"Methods, results, discussion structure, and explanatory clarity",true
unit_001564,nature_remote_sensing_review_0018,Nature Communications,2024,moderate_concern,moderate,model performance,"Emission, source attribution, and plume-like inference",true
unit_001565,nature_remote_sensing_review_0018,Nature Communications,2024,minor_comment,minor,manuscript claim or supporting evidence,"Methods, results, discussion structure, and explanatory clarity",true
unit_001566,nature_remote_sensing_review_0018,Nature Communications,2024,figure_or_table_comment,moderate,figure evidence,"Figures, extended data, and evidentiary display",true
unit_001567,nature_remote_sensing_review_0018,Nature Communications,2024,moderate_concern,moderate,manuscript claim or supporting evidence,"Methods, results, discussion structure, and explanatory clarity",true
unit_001568,nature_remote_sensing_review_0018,Nature Communications,2024,moderate_concern,moderate,model performance,"Emission, source attribution, and plume-like inference",true
unit_001569,nature_remote_sensing_review_0018,Nature Communications,2024,moderate_concern,moderate,manuscript claim or supporting evidence,"Figures, extended data, and evidentiary display",true
unit_001570,nature_remote_sensing_review_0018,Nature Communications,2024,moderate_concern,moderate,manuscript claim or supporting evidence,"Methods, results, discussion structure, and explanatory clarity",true
unit_001571,nature_remote_sensing_review_0018,Nature Communications,2024,line_comment,moderate,manuscript claim or supporting evidence,"Methods, results, discussion structure, and explanatory clarity",true
unit_001572,nature_remote_sensing_review_0018,Nature Communications,2024,figure_or_table_comment,moderate,manuscript claim or supporting evidence,"Figures, extended data, and evidentiary display",true
unit_001573,nature_remote_sensing_review_0018,Nature Communications,2024,moderate_concern,moderate,manuscript claim or supporting evidence,"Emission, source attribution, and plume-like inference",true
unit_001574,nature_remote_sensing_review_0018,Nature Communications,2024,moderate_concern,moderate,global generalization,"Spatial data, resolution, and product coverage",true
unit_001575,nature_remote_sensing_review_0018,Nature Communications,2024,moderate_concern,moderate,product validity,"Methods, results, discussion structure, and explanatory clarity",true
unit_001576,nature_remote_sensing_review_0018,Nature Communications,2024,contribution_assessment,major,model performance,"Machine learning, model performance, and generalization",true
unit_001577,nature_remote_sensing_review_0018,Nature Communications,2024,contribution_assessment,minor,methodological support,"Methods, results, discussion structure, and explanatory clarity",true
unit_001578,nature_remote_sensing_review_0018,Nature Communications,2024,moderate_concern,moderate,manuscript claim or supporting evidence,"Methods, results, discussion structure, and explanatory clarity",true
unit_001579,nature_remote_sensing_review_0018,Nature Communications,2024,figure_or_table_comment,major,"model performance, figure evidence, methodological support","Remote-sensing context, citation positioning, and prior work",true
unit_001580,nature_remote_sensing_review_0018,Nature Communications,2024,moderate_concern,moderate,manuscript claim or supporting evidence,"Emission, source attribution, and plume-like inference",true
unit_001581,nature_remote_sensing_review_0018,Nature Communications,2024,contribution_assessment,minor,manuscript claim or supporting evidence,"Methods, results, discussion structure, and explanatory clarity",true
unit_001582,nature_remote_sensing_review_0018,Nature Communications,2024,moderate_concern,moderate,methodological support,"Methods, results, discussion structure, and explanatory clarity",true
unit_001583,nature_remote_sensing_review_0018,Nature Communications,2024,moderate_concern,moderate,manuscript claim or supporting evidence,"Machine learning, model performance, and generalization",true
unit_001584,nature_remote_sensing_review_0018,Nature Communications,2024,contribution_assessment,moderate,model performance,"Machine learning, model performance, and generalization",true
unit_001585,nature_remote_sensing_review_0018,Nature Communications,2024,moderate_concern,moderate,uncertainty claim,"Emission, source attribution, and plume-like inference",true
unit_001586,nature_remote_sensing_review_0018,Nature Communications,2024,minor_comment,minor,manuscript claim or supporting evidence,"Methods, results, discussion structure, and explanatory clarity",true
unit_001587,nature_remote_sensing_review_0018,Nature Communications,2024,contribution_assessment,moderate,manuscript claim or supporting evidence,"Methods, results, discussion structure, and explanatory clarity",true
unit_001588,nature_remote_sensing_review_0018,Nature Communications,2024,figure_or_table_comment,minor,figure evidence,"Spatial data, resolution, and product coverage",true
unit_001589,nature_remote_sensing_review_0018,Nature Communications,2024,minor_comment,minor,model performance,"Machine learning, model performance, and generalization",true
unit_001590,nature_remote_sensing_review_0018,Nature Communications,2024,minor_comment,minor,manuscript claim or supporting evidence,"Methods, results, discussion structure, and explanatory clarity",true
unit_001591,nature_remote_sensing_review_0018,Nature Communications,2024,moderate_concern,moderate,model performance,"Methods, results, discussion structure, and explanatory clarity",true
unit_001592,nature_remote_sensing_review_0018,Nature Communications,2024,minor_comment,minor,"product validity, figure evidence","Machine learning, model performance, and generalization",true
unit_001593,nature_remote_sensing_review_0018,Nature Communications,2024,moderate_concern,moderate,figure evidence,"Remote-sensing context, citation positioning, and prior work",true
unit_001594,nature_remote_sensing_review_0018,Nature Communications,2024,contribution_assessment,minor,model performance,"Concern resolution, code, publication readiness, and reproducibility",true
unit_001595,nature_remote_sensing_review_0018,Nature Communications,2024,moderate_concern,moderate,model performance,"Figures, extended data, and evidentiary display",true
unit_001596,nature_remote_sensing_review_0018,Nature Communications,2024,minor_comment,minor,manuscript claim or supporting evidence,"Emission, source attribution, and plume-like inference",true
unit_001597,nature_remote_sensing_review_0018,Nature Communications,2024,moderate_concern,moderate,manuscript claim or supporting evidence,"Methods, results, discussion structure, and explanatory clarity",true
unit_001598,nature_remote_sensing_review_0018,Nature Communications,2024,minor_comment,minor,table evidence,"Figures, extended data, and evidentiary display",true
unit_001599,nature_remote_sensing_review_0018,Nature Communications,2024,moderate_concern,moderate,manuscript claim or supporting evidence,"Methods, results, discussion structure, and explanatory clarity",true
unit_001600,nature_remote_sensing_review_0018,Nature Communications,2024,moderate_concern,moderate,model performance,"Concern resolution, code, publication readiness, and reproducibility",true
unit_001601,nature_remote_sensing_review_0018,Nature Communications,2024,moderate_concern,moderate,manuscript claim or supporting evidence,"Concern resolution, code, publication readiness, and reproducibility",true
unit_001602,nature_remote_sensing_review_0018,Nature Communications,2024,contribution_assessment,moderate,"novelty claim, model performance","Emission, source attribution, and plume-like inference",true
unit_001603,nature_remote_sensing_review_0019,Nature Communications,2024,contribution_assessment,moderate,"model performance, methodological support","Methods, results, discussion structure, and explanatory clarity",true
unit_001604,nature_remote_sensing_review_0019,Nature Communications,2024,moderate_concern,moderate,"model performance, methodological support","Methods, results, discussion structure, and explanatory clarity",true
unit_001605,nature_remote_sensing_review_0019,Nature Communications,2024,moderate_concern,moderate,model performance,"Methods, results, discussion structure, and explanatory clarity",true
unit_001606,nature_remote_sensing_review_0019,Nature Communications,2024,moderate_concern,moderate,model performance,"Concern resolution, code, publication readiness, and reproducibility",true
unit_001607,nature_remote_sensing_review_0019,Nature Communications,2024,moderate_concern,moderate,model performance,"Concern resolution, code, publication readiness, and reproducibility",true
unit_001608,nature_remote_sensing_review_0019,Nature Communications,2024,figure_or_table_comment,minor,"model performance, table evidence","Figures, extended data, and evidentiary display",true
unit_001609,nature_remote_sensing_review_0019,Nature Communications,2024,moderate_concern,moderate,"model performance, methodological support","Figures, extended data, and evidentiary display",true
unit_001610,nature_remote_sensing_review_0019,Nature Communications,2024,moderate_concern,moderate,model performance,"Methods, results, discussion structure, and explanatory clarity",true
unit_001611,nature_remote_sensing_review_0019,Nature Communications,2024,moderate_concern,moderate,"model performance, methodological support","Methods, results, discussion structure, and explanatory clarity",true
unit_001612,nature_remote_sensing_review_0019,Nature Communications,2024,minor_comment,minor,model performance,"Spatial data, resolution, and product coverage",true
unit_001613,nature_remote_sensing_review_0019,Nature Communications,2024,moderate_concern,moderate,model performance,"Figures, extended data, and evidentiary display",true
unit_001614,nature_remote_sensing_review_0019,Nature Communications,2024,figure_or_table_comment,moderate,figure evidence,"Figures, extended data, and evidentiary display",true
unit_001615,nature_remote_sensing_review_0019,Nature Communications,2024,figure_or_table_comment,moderate,"model performance, figure evidence","Machine learning, model performance, and generalization",true
unit_001616,nature_remote_sensing_review_0019,Nature Communications,2024,moderate_concern,moderate,model performance,"Methods, results, discussion structure, and explanatory clarity",true
unit_001617,nature_remote_sensing_review_0019,Nature Communications,2024,moderate_concern,moderate,methodological support,"Methods, results, discussion structure, and explanatory clarity",true
unit_001618,nature_remote_sensing_review_0019,Nature Communications,2024,contribution_assessment,minor,"trend interpretation, figure evidence, methodological support","Long-term time series, climate variability, and trend interpretation",true
unit_001619,nature_remote_sensing_review_0019,Nature Communications,2024,contribution_assessment,moderate,methodological support,"Methods, results, discussion structure, and explanatory clarity",true
unit_001620,nature_remote_sensing_review_0019,Nature Communications,2024,revision_assessment,minor,manuscript claim or supporting evidence,"Concern resolution, code, publication readiness, and reproducibility",true
unit_001621,nature_remote_sensing_review_0019,Nature Communications,2024,minor_comment,minor,manuscript claim or supporting evidence,"Emission, source attribution, and plume-like inference",true
unit_001622,nature_remote_sensing_review_0019,Nature Communications,2024,minor_comment,minor,manuscript claim or supporting evidence,"Methods, results, discussion structure, and explanatory clarity",true
unit_001623,nature_remote_sensing_review_0019,Nature Communications,2024,moderate_concern,moderate,manuscript claim or supporting evidence,"Spatial data, resolution, and product coverage",true
unit_001624,nature_remote_sensing_review_0019,Nature Communications,2024,figure_or_table_comment,minor,figure evidence,"Figures, extended data, and evidentiary display",true
unit_001625,nature_remote_sensing_review_0019,Nature Communications,2024,figure_or_table_comment,moderate,figure evidence,"Spatial data, resolution, and product coverage",true
unit_001626,nature_remote_sensing_review_0019,Nature Communications,2024,figure_or_table_comment,minor,"model performance, figure evidence","Figures, extended data, and evidentiary display",true
unit_001627,nature_remote_sensing_review_0019,Nature Communications,2024,contribution_assessment,minor,"causal or attribution claim, methodological support","Methods, results, discussion structure, and explanatory clarity",true
unit_001628,nature_remote_sensing_review_0019,Nature Communications,2024,contribution_assessment,moderate,model performance,"Methods, results, discussion structure, and explanatory clarity",true
unit_001629,nature_remote_sensing_review_0019,Nature Communications,2024,moderate_concern,moderate,methodological support,"Methods, results, discussion structure, and explanatory clarity",true
unit_001630,nature_remote_sensing_review_0019,Nature Communications,2024,contribution_assessment,moderate,model performance,"Methods, results, discussion structure, and explanatory clarity",true
unit_001631,nature_remote_sensing_review_0019,Nature Communications,2024,contribution_assessment,moderate,methodological support,"Methods, results, discussion structure, and explanatory clarity",true
unit_001632,nature_remote_sensing_review_0019,Nature Communications,2024,moderate_concern,moderate,"model performance, methodological support","Methods, results, discussion structure, and explanatory clarity",true
unit_001633,nature_remote_sensing_review_0019,Nature Communications,2024,moderate_concern,moderate,manuscript claim or supporting evidence,"Methods, results, discussion structure, and explanatory clarity",true
unit_001634,nature_remote_sensing_review_0019,Nature Communications,2024,moderate_concern,moderate,model performance,"Methods, results, discussion structure, and explanatory clarity",true
unit_001635,nature_remote_sensing_review_0019,Nature Communications,2024,moderate_concern,moderate,model performance,"Methods, results, discussion structure, and explanatory clarity",true
unit_001636,nature_remote_sensing_review_0019,Nature Communications,2024,moderate_concern,moderate,model performance,"Methods, results, discussion structure, and explanatory clarity",true
unit_001637,nature_remote_sensing_review_0019,Nature Communications,2024,moderate_concern,moderate,model performance,"Methods, results, discussion structure, and explanatory clarity",true
unit_001638,nature_remote_sensing_review_0019,Nature Communications,2024,moderate_concern,moderate,manuscript claim or supporting evidence,"Methods, results, discussion structure, and explanatory clarity",true
unit_001639,nature_remote_sensing_review_0019,Nature Communications,2024,moderate_concern,moderate,model performance,"Concern resolution, code, publication readiness, and reproducibility",true
unit_001640,nature_remote_sensing_review_0019,Nature Communications,2024,figure_or_table_comment,minor,"model performance, table evidence","Figures, extended data, and evidentiary display",true
unit_001641,nature_remote_sensing_review_0019,Nature Communications,2024,figure_or_table_comment,moderate,"model performance, table evidence","Figures, extended data, and evidentiary display",true
unit_001642,nature_remote_sensing_review_0019,Nature Communications,2024,minor_comment,minor,manuscript claim or supporting evidence,"Methods, results, discussion structure, and explanatory clarity",true
unit_001643,nature_remote_sensing_review_0019,Nature Communications,2024,moderate_concern,moderate,model performance,"Methods, results, discussion structure, and explanatory clarity",true
unit_001644,nature_remote_sensing_review_0019,Nature Communications,2024,moderate_concern,moderate,model performance,"Figures, extended data, and evidentiary display",true
unit_001645,nature_remote_sensing_review_0019,Nature Communications,2024,moderate_concern,moderate,model performance,"Methods, results, discussion structure, and explanatory clarity",true
unit_001646,nature_remote_sensing_review_0019,Nature Communications,2024,minor_comment,minor,"uncertainty claim, model performance, methodological support","Methods, results, discussion structure, and explanatory clarity",true
unit_001647,nature_remote_sensing_review_0019,Nature Communications,2024,moderate_concern,moderate,manuscript claim or supporting evidence,"Methods, results, discussion structure, and explanatory clarity",true
unit_001648,nature_remote_sensing_review_0019,Nature Communications,2024,moderate_concern,moderate,"uncertainty claim, model performance, methodological support","Figures, extended data, and evidentiary display",true
unit_001649,nature_remote_sensing_review_0019,Nature Communications,2024,moderate_concern,moderate,model performance,"Methods, results, discussion structure, and explanatory clarity",true
unit_001650,nature_remote_sensing_review_0019,Nature Communications,2024,moderate_concern,moderate,"model performance, methodological support","Methods, results, discussion structure, and explanatory clarity",true
unit_001651,nature_remote_sensing_review_0019,Nature Communications,2024,moderate_concern,moderate,"model performance, methodological support","Methods, results, discussion structure, and explanatory clarity",true
unit_001652,nature_remote_sensing_review_0019,Nature Communications,2024,moderate_concern,moderate,"model performance, methodological support","Methods, results, discussion structure, and explanatory clarity",true
unit_001653,nature_remote_sensing_review_0019,Nature Communications,2024,moderate_concern,moderate,model performance,"Methods, results, discussion structure, and explanatory clarity",true
unit_001654,nature_remote_sensing_review_0019,Nature Communications,2024,minor_comment,minor,model performance,"Spatial data, resolution, and product coverage",true
unit_001655,nature_remote_sensing_review_0019,Nature Communications,2024,moderate_concern,moderate,"uncertainty claim, model performance","Methods, results, discussion structure, and explanatory clarity",true
unit_001656,nature_remote_sensing_review_0019,Nature Communications,2024,moderate_concern,moderate,model performance,"Methods, results, discussion structure, and explanatory clarity",true
unit_001657,nature_remote_sensing_review_0019,Nature Communications,2024,moderate_concern,moderate,manuscript claim or supporting evidence,"Methods, results, discussion structure, and explanatory clarity",true
unit_001658,nature_remote_sensing_review_0019,Nature Communications,2024,moderate_concern,moderate,model performance,"Spatial data, resolution, and product coverage",true
unit_001659,nature_remote_sensing_review_0019,Nature Communications,2024,moderate_concern,moderate,model performance,"Spatial data, resolution, and product coverage",true
unit_001660,nature_remote_sensing_review_0019,Nature Communications,2024,moderate_concern,moderate,model performance,"Figures, extended data, and evidentiary display",true
unit_001661,nature_remote_sensing_review_0019,Nature Communications,2024,moderate_concern,moderate,model performance,"Methods, results, discussion structure, and explanatory clarity",true
unit_001662,nature_remote_sensing_review_0019,Nature Communications,2024,moderate_concern,moderate,manuscript claim or supporting evidence,"Methods, results, discussion structure, and explanatory clarity",true
unit_001663,nature_remote_sensing_review_0019,Nature Communications,2024,moderate_concern,moderate,"causal or attribution claim, model performance","Methods, results, discussion structure, and explanatory clarity",true
unit_001664,nature_remote_sensing_review_0019,Nature Communications,2024,moderate_concern,moderate,manuscript claim or supporting evidence,"Methods, results, discussion structure, and explanatory clarity",true
unit_001665,nature_remote_sensing_review_0019,Nature Communications,2024,moderate_concern,moderate,model performance,"Methods, results, discussion structure, and explanatory clarity",true
unit_001666,nature_remote_sensing_review_0019,Nature Communications,2024,moderate_concern,moderate,model performance,"Methods, results, discussion structure, and explanatory clarity",true
unit_001667,nature_remote_sensing_review_0019,Nature Communications,2024,moderate_concern,moderate,manuscript claim or supporting evidence,"Methods, results, discussion structure, and explanatory clarity",true
unit_001668,nature_remote_sensing_review_0019,Nature Communications,2024,figure_or_table_comment,moderate,figure evidence,"Figures, extended data, and evidentiary display",true
unit_001669,nature_remote_sensing_review_0019,Nature Communications,2024,figure_or_table_comment,moderate,figure evidence,"Figures, extended data, and evidentiary display",true
unit_001670,nature_remote_sensing_review_0019,Nature Communications,2024,moderate_concern,moderate,manuscript claim or supporting evidence,"Methods, results, discussion structure, and explanatory clarity",true
unit_001671,nature_remote_sensing_review_0019,Nature Communications,2024,moderate_concern,moderate,model performance,"Methods, results, discussion structure, and explanatory clarity",true
unit_001672,nature_remote_sensing_review_0019,Nature Communications,2024,figure_or_table_comment,moderate,"model performance, figure evidence","Machine learning, model performance, and generalization",true
unit_001673,nature_remote_sensing_review_0019,Nature Communications,2024,figure_or_table_comment,moderate,"model performance, figure evidence","Figures, extended data, and evidentiary display",true
unit_001674,nature_remote_sensing_review_0019,Nature Communications,2024,contribution_assessment,moderate,model performance,"Methods, results, discussion structure, and explanatory clarity",true
unit_001675,nature_remote_sensing_review_0019,Nature Communications,2024,minor_comment,minor,model performance,"Methods, results, discussion structure, and explanatory clarity",true
unit_001676,nature_remote_sensing_review_0019,Nature Communications,2024,moderate_concern,moderate,"model performance, figure evidence","Figures, extended data, and evidentiary display",true
unit_001677,nature_remote_sensing_review_0019,Nature Communications,2024,minor_comment,minor,model performance,"Spatial data, resolution, and product coverage",true
unit_001678,nature_remote_sensing_review_0019,Nature Communications,2024,contribution_assessment,moderate,methodological support,"Methods, results, discussion structure, and explanatory clarity",true
unit_001679,nature_remote_sensing_review_0019,Nature Communications,2024,minor_comment,minor,manuscript claim or supporting evidence,"Methods, results, discussion structure, and explanatory clarity",true
unit_001680,nature_remote_sensing_review_0019,Nature Communications,2024,revision_assessment,moderate,model performance,"Concern resolution, code, publication readiness, and reproducibility",true
unit_001681,nature_remote_sensing_review_0019,Nature Communications,2024,minor_comment,minor,manuscript claim or supporting evidence,"Emission, source attribution, and plume-like inference",true
unit_001682,nature_remote_sensing_review_0019,Nature Communications,2024,moderate_concern,moderate,manuscript claim or supporting evidence,"Spatial data, resolution, and product coverage",true
unit_001683,nature_remote_sensing_review_0019,Nature Communications,2024,moderate_concern,moderate,manuscript claim or supporting evidence,"Spatial data, resolution, and product coverage",true
unit_001684,nature_remote_sensing_review_0019,Nature Communications,2024,moderate_concern,moderate,manuscript claim or supporting evidence,"Methods, results, discussion structure, and explanatory clarity",true
unit_001685,nature_remote_sensing_review_0019,Nature Communications,2024,moderate_concern,moderate,manuscript claim or supporting evidence,"Methods, results, discussion structure, and explanatory clarity",true
unit_001686,nature_remote_sensing_review_0019,Nature Communications,2024,figure_or_table_comment,minor,figure evidence,"Spatial data, resolution, and product coverage",true
unit_001687,nature_remote_sensing_review_0019,Nature Communications,2024,moderate_concern,moderate,manuscript claim or supporting evidence,"Figures, extended data, and evidentiary display",true
unit_001688,nature_remote_sensing_review_0019,Nature Communications,2024,moderate_concern,moderate,manuscript claim or supporting evidence,"Figures, extended data, and evidentiary display",true
unit_001689,nature_remote_sensing_review_0020,Nature Communications,2024,contribution_assessment,moderate,product validity,"Spatial data, resolution, and product coverage",true
unit_001690,nature_remote_sensing_review_0020,Nature Communications,2024,moderate_concern,moderate,"figure evidence, table evidence","Figures, extended data, and evidentiary display",true
unit_001691,nature_remote_sensing_review_0020,Nature Communications,2024,moderate_concern,moderate,manuscript claim or supporting evidence,"Methods, results, discussion structure, and explanatory clarity",true
unit_001692,nature_remote_sensing_review_0020,Nature Communications,2024,moderate_concern,moderate,manuscript claim or supporting evidence,"Figures, extended data, and evidentiary display",true
unit_001693,nature_remote_sensing_review_0020,Nature Communications,2024,moderate_concern,moderate,manuscript claim or supporting evidence,"Methods, results, discussion structure, and explanatory clarity",true
unit_001694,nature_remote_sensing_review_0020,Nature Communications,2024,moderate_concern,moderate,manuscript claim or supporting evidence,"Methods, results, discussion structure, and explanatory clarity",true
unit_001695,nature_remote_sensing_review_0020,Nature Communications,2024,moderate_concern,moderate,manuscript claim or supporting evidence,"Figures, extended data, and evidentiary display",true
unit_001696,nature_remote_sensing_review_0020,Nature Communications,2024,minor_comment,minor,manuscript claim or supporting evidence,"Remote-sensing context, citation positioning, and prior work",true
unit_001697,nature_remote_sensing_review_0020,Nature Communications,2024,moderate_concern,moderate,manuscript claim or supporting evidence,"Figures, extended data, and evidentiary display",true
unit_001698,nature_remote_sensing_review_0020,Nature Communications,2024,figure_or_table_comment,minor,figure evidence,"Remote-sensing context, citation positioning, and prior work",true
unit_001699,nature_remote_sensing_review_0020,Nature Communications,2024,contribution_assessment,moderate,manuscript claim or supporting evidence,"Figures, extended data, and evidentiary display",true
unit_001700,nature_remote_sensing_review_0020,Nature Communications,2024,moderate_concern,moderate,table evidence,"Spatial data, resolution, and product coverage",true
unit_001701,nature_remote_sensing_review_0020,Nature Communications,2024,contribution_assessment,moderate,manuscript claim or supporting evidence,"Amazon, forest cover, land-use pressure, and forest resilience",true
unit_001702,nature_remote_sensing_review_0020,Nature Communications,2024,figure_or_table_comment,moderate,figure evidence,"Figures, extended data, and evidentiary display",true
unit_001703,nature_remote_sensing_review_0020,Nature Communications,2024,moderate_concern,moderate,manuscript claim or supporting evidence,"Figures, extended data, and evidentiary display",true
unit_001704,nature_remote_sensing_review_0020,Nature Communications,2024,moderate_concern,moderate,product validity,"Methods, results, discussion structure, and explanatory clarity",true
unit_001705,nature_remote_sensing_review_0020,Nature Communications,2024,figure_or_table_comment,moderate,figure evidence,"Spatial data, resolution, and product coverage",true
unit_001706,nature_remote_sensing_review_0020,Nature Communications,2024,line_comment,moderate,manuscript claim or supporting evidence,"Remote-sensing context, citation positioning, and prior work",true
unit_001707,nature_remote_sensing_review_0020,Nature Communications,2024,line_comment,moderate,methodological support,"Methods, results, discussion structure, and explanatory clarity",true
unit_001708,nature_remote_sensing_review_0020,Nature Communications,2024,line_comment,moderate,manuscript claim or supporting evidence,"Methods, results, discussion structure, and explanatory clarity",true
unit_001709,nature_remote_sensing_review_0020,Nature Communications,2024,line_comment,moderate,manuscript claim or supporting evidence,"Spatial data, resolution, and product coverage",true
unit_001710,nature_remote_sensing_review_0020,Nature Communications,2024,line_comment,moderate,manuscript claim or supporting evidence,"Methods, results, discussion structure, and explanatory clarity",true
unit_001711,nature_remote_sensing_review_0020,Nature Communications,2024,line_comment,moderate,manuscript claim or supporting evidence,"Amazon, forest cover, land-use pressure, and forest resilience",true
unit_001712,nature_remote_sensing_review_0020,Nature Communications,2024,line_comment,moderate,figure evidence,"Spatial data, resolution, and product coverage",true
unit_001713,nature_remote_sensing_review_0020,Nature Communications,2024,line_comment,moderate,manuscript claim or supporting evidence,"Amazon, forest cover, land-use pressure, and forest resilience",true
unit_001714,nature_remote_sensing_review_0020,Nature Communications,2024,line_comment,moderate,manuscript claim or supporting evidence,"Figures, extended data, and evidentiary display",true
unit_001715,nature_remote_sensing_review_0020,Nature Communications,2024,line_comment,moderate,manuscript claim or supporting evidence,"Amazon, forest cover, land-use pressure, and forest resilience",true
unit_001716,nature_remote_sensing_review_0020,Nature Communications,2024,line_comment,moderate,manuscript claim or supporting evidence,"Amazon, forest cover, land-use pressure, and forest resilience",true
unit_001717,nature_remote_sensing_review_0020,Nature Communications,2024,line_comment,moderate,manuscript claim or supporting evidence,"Methods, results, discussion structure, and explanatory clarity",true
unit_001718,nature_remote_sensing_review_0020,Nature Communications,2024,line_comment,moderate,manuscript claim or supporting evidence,"Amazon, forest cover, land-use pressure, and forest resilience",true
unit_001719,nature_remote_sensing_review_0020,Nature Communications,2024,line_comment,moderate,manuscript claim or supporting evidence,"Methods, results, discussion structure, and explanatory clarity",true
unit_001720,nature_remote_sensing_review_0020,Nature Communications,2024,line_comment,moderate,manuscript claim or supporting evidence,"Methods, results, discussion structure, and explanatory clarity",true
unit_001721,nature_remote_sensing_review_0020,Nature Communications,2024,line_comment,moderate,trend interpretation,"Long-term time series, climate variability, and trend interpretation",true
unit_001722,nature_remote_sensing_review_0020,Nature Communications,2024,line_comment,moderate,figure evidence,"Spatial data, resolution, and product coverage",true
unit_001723,nature_remote_sensing_review_0020,Nature Communications,2024,line_comment,moderate,manuscript claim or supporting evidence,"Spatial data, resolution, and product coverage",true
unit_001724,nature_remote_sensing_review_0020,Nature Communications,2024,line_comment,moderate,figure evidence,"Figures, extended data, and evidentiary display",true
unit_001725,nature_remote_sensing_review_0020,Nature Communications,2024,line_comment,moderate,manuscript claim or supporting evidence,"Methods, results, discussion structure, and explanatory clarity",true
unit_001726,nature_remote_sensing_review_0020,Nature Communications,2024,line_comment,minor,manuscript claim or supporting evidence,"Methods, results, discussion structure, and explanatory clarity",true
unit_001727,nature_remote_sensing_review_0020,Nature Communications,2024,line_comment,moderate,manuscript claim or supporting evidence,"Methods, results, discussion structure, and explanatory clarity",true
unit_001728,nature_remote_sensing_review_0020,Nature Communications,2024,line_comment,moderate,manuscript claim or supporting evidence,"Methods, results, discussion structure, and explanatory clarity",true
unit_001729,nature_remote_sensing_review_0020,Nature Communications,2024,line_comment,moderate,manuscript claim or supporting evidence,"Methods, results, discussion structure, and explanatory clarity",true
unit_001730,nature_remote_sensing_review_0020,Nature Communications,2024,line_comment,moderate,manuscript claim or supporting evidence,"Figures, extended data, and evidentiary display",true
unit_001731,nature_remote_sensing_review_0020,Nature Communications,2024,line_comment,moderate,manuscript claim or supporting evidence,"Figures, extended data, and evidentiary display",true
unit_001732,nature_remote_sensing_review_0020,Nature Communications,2024,line_comment,minor,manuscript claim or supporting evidence,"Methods, results, discussion structure, and explanatory clarity",true
unit_001733,nature_remote_sensing_review_0020,Nature Communications,2024,line_comment,moderate,manuscript claim or supporting evidence,"Methods, results, discussion structure, and explanatory clarity",true
unit_001734,nature_remote_sensing_review_0020,Nature Communications,2024,line_comment,moderate,manuscript claim or supporting evidence,"Methods, results, discussion structure, and explanatory clarity",true
unit_001735,nature_remote_sensing_review_0020,Nature Communications,2024,line_comment,moderate,manuscript claim or supporting evidence,"Methods, results, discussion structure, and explanatory clarity",true
unit_001736,nature_remote_sensing_review_0020,Nature Communications,2024,line_comment,moderate,manuscript claim or supporting evidence,"Spatial data, resolution, and product coverage",true
unit_001737,nature_remote_sensing_review_0020,Nature Communications,2024,line_comment,moderate,manuscript claim or supporting evidence,"Figures, extended data, and evidentiary display",true
unit_001738,nature_remote_sensing_review_0020,Nature Communications,2024,line_comment,moderate,manuscript claim or supporting evidence,"Methods, results, discussion structure, and explanatory clarity",true
unit_001739,nature_remote_sensing_review_0020,Nature Communications,2024,line_comment,moderate,manuscript claim or supporting evidence,"Methods, results, discussion structure, and explanatory clarity",true
unit_001740,nature_remote_sensing_review_0020,Nature Communications,2024,line_comment,moderate,manuscript claim or supporting evidence,"Concern resolution, code, publication readiness, and reproducibility",true
unit_001741,nature_remote_sensing_review_0020,Nature Communications,2024,line_comment,moderate,"product validity, methodological support","Methods, results, discussion structure, and explanatory clarity",true
unit_001742,nature_remote_sensing_review_0020,Nature Communications,2024,line_comment,moderate,manuscript claim or supporting evidence,"Methods, results, discussion structure, and explanatory clarity",true
unit_001743,nature_remote_sensing_review_0020,Nature Communications,2024,line_comment,minor,manuscript claim or supporting evidence,"Figures, extended data, and evidentiary display",true
unit_001744,nature_remote_sensing_review_0020,Nature Communications,2024,line_comment,moderate,manuscript claim or supporting evidence,"Figures, extended data, and evidentiary display",true
unit_001745,nature_remote_sensing_review_0020,Nature Communications,2024,line_comment,minor,manuscript claim or supporting evidence,"Figures, extended data, and evidentiary display",true
unit_001746,nature_remote_sensing_review_0020,Nature Communications,2024,line_comment,moderate,figure evidence,"Figures, extended data, and evidentiary display",true
unit_001747,nature_remote_sensing_review_0020,Nature Communications,2024,line_comment,moderate,manuscript claim or supporting evidence,"Remote-sensing context, citation positioning, and prior work",true
unit_001748,nature_remote_sensing_review_0020,Nature Communications,2024,line_comment,moderate,manuscript claim or supporting evidence,"Methods, results, discussion structure, and explanatory clarity",true
unit_001749,nature_remote_sensing_review_0020,Nature Communications,2024,line_comment,moderate,manuscript claim or supporting evidence,"Methods, results, discussion structure, and explanatory clarity",true
unit_001750,nature_remote_sensing_review_0020,Nature Communications,2024,line_comment,moderate,product validity,"Methods, results, discussion structure, and explanatory clarity",true
unit_001751,nature_remote_sensing_review_0020,Nature Communications,2024,line_comment,moderate,manuscript claim or supporting evidence,"Figures, extended data, and evidentiary display",true
unit_001752,nature_remote_sensing_review_0020,Nature Communications,2024,line_comment,moderate,manuscript claim or supporting evidence,"Figures, extended data, and evidentiary display",true
unit_001753,nature_remote_sensing_review_0020,Nature Communications,2024,line_comment,moderate,manuscript claim or supporting evidence,"Methods, results, discussion structure, and explanatory clarity",true
unit_001754,nature_remote_sensing_review_0020,Nature Communications,2024,line_comment,minor,manuscript claim or supporting evidence,"Spatial data, resolution, and product coverage",true
unit_001755,nature_remote_sensing_review_0020,Nature Communications,2024,line_comment,moderate,manuscript claim or supporting evidence,"Methods, results, discussion structure, and explanatory clarity",true
unit_001756,nature_remote_sensing_review_0020,Nature Communications,2024,line_comment,moderate,manuscript claim or supporting evidence,"Methods, results, discussion structure, and explanatory clarity",true
unit_001757,nature_remote_sensing_review_0020,Nature Communications,2024,line_comment,moderate,manuscript claim or supporting evidence,"Figures, extended data, and evidentiary display",true
unit_001758,nature_remote_sensing_review_0020,Nature Communications,2024,line_comment,moderate,manuscript claim or supporting evidence,"Methods, results, discussion structure, and explanatory clarity",true
unit_001759,nature_remote_sensing_review_0020,Nature Communications,2024,line_comment,minor,figure evidence,"Figures, extended data, and evidentiary display",true
unit_001760,nature_remote_sensing_review_0020,Nature Communications,2024,line_comment,moderate,uncertainty claim,"Figures, extended data, and evidentiary display",true
unit_001761,nature_remote_sensing_review_0020,Nature Communications,2024,line_comment,moderate,figure evidence,"Figures, extended data, and evidentiary display",true
unit_001762,nature_remote_sensing_review_0020,Nature Communications,2024,line_comment,minor,uncertainty claim,"Figures, extended data, and evidentiary display",true
unit_001763,nature_remote_sensing_review_0020,Nature Communications,2024,line_comment,moderate,manuscript claim or supporting evidence,"Figures, extended data, and evidentiary display",true
unit_001764,nature_remote_sensing_review_0020,Nature Communications,2024,minor_comment,minor,manuscript claim or supporting evidence,"Figures, extended data, and evidentiary display",true
unit_001765,nature_remote_sensing_review_0020,Nature Communications,2024,contribution_assessment,moderate,manuscript claim or supporting evidence,"Amazon, forest cover, land-use pressure, and forest resilience",true
unit_001766,nature_remote_sensing_review_0020,Nature Communications,2024,contribution_assessment,moderate,manuscript claim or supporting evidence,"Methods, results, discussion structure, and explanatory clarity",true
unit_001767,nature_remote_sensing_review_0020,Nature Communications,2024,contribution_assessment,moderate,manuscript claim or supporting evidence,"Methods, results, discussion structure, and explanatory clarity",true
unit_001768,nature_remote_sensing_review_0020,Nature Communications,2024,moderate_concern,moderate,manuscript claim or supporting evidence,"Methods, results, discussion structure, and explanatory clarity",true
unit_001769,nature_remote_sensing_review_0020,Nature Communications,2024,contribution_assessment,moderate,"global generalization, algorithm validity","Machine learning, model performance, and generalization",true
unit_001770,nature_remote_sensing_review_0020,Nature Communications,2024,minor_comment,minor,manuscript claim or supporting evidence,"Methods, results, discussion structure, and explanatory clarity",true
unit_001771,nature_remote_sensing_review_0020,Nature Communications,2024,contribution_assessment,moderate,manuscript claim or supporting evidence,"Amazon, forest cover, land-use pressure, and forest resilience",true
unit_001772,nature_remote_sensing_review_0020,Nature Communications,2024,major_concern,major,manuscript claim or supporting evidence,"Remote-sensing context, citation positioning, and prior work",true
unit_001773,nature_remote_sensing_review_0020,Nature Communications,2024,moderate_concern,moderate,manuscript claim or supporting evidence,"Figures, extended data, and evidentiary display",true
unit_001774,nature_remote_sensing_review_0020,Nature Communications,2024,moderate_concern,moderate,manuscript claim or supporting evidence,"Amazon, forest cover, land-use pressure, and forest resilience",true
unit_001775,nature_remote_sensing_review_0020,Nature Communications,2024,moderate_concern,moderate,manuscript claim or supporting evidence,"Methods, results, discussion structure, and explanatory clarity",true
unit_001776,nature_remote_sensing_review_0020,Nature Communications,2024,moderate_concern,moderate,"model performance, algorithm validity","Methods, results, discussion structure, and explanatory clarity",true
unit_001777,nature_remote_sensing_review_0020,Nature Communications,2024,moderate_concern,moderate,manuscript claim or supporting evidence,"Figures, extended data, and evidentiary display",true
unit_001778,nature_remote_sensing_review_0021,Nature Communications,2024,contribution_assessment,moderate,table evidence,"Figures, extended data, and evidentiary display",true
unit_001779,nature_remote_sensing_review_0021,Nature Communications,2024,revision_assessment,moderate,figure evidence,"Figures, extended data, and evidentiary display",true
unit_001780,nature_remote_sensing_review_0021,Nature Communications,2024,contribution_assessment,minor,manuscript claim or supporting evidence,"Methods, results, discussion structure, and explanatory clarity",true
unit_001781,nature_remote_sensing_review_0021,Nature Communications,2024,minor_comment,minor,manuscript claim or supporting evidence,"Methods, results, discussion structure, and explanatory clarity",true
unit_001782,nature_remote_sensing_review_0021,Nature Communications,2024,contribution_assessment,moderate,manuscript claim or supporting evidence,"Methods, results, discussion structure, and explanatory clarity",true
unit_001783,nature_remote_sensing_review_0021,Nature Communications,2024,contribution_assessment,moderate,manuscript claim or supporting evidence,"Machine learning, model performance, and generalization",true
unit_001784,nature_remote_sensing_review_0021,Nature Communications,2024,moderate_concern,moderate,manuscript claim or supporting evidence,"Machine learning, model performance, and generalization",true
unit_001785,nature_remote_sensing_review_0021,Nature Communications,2024,contribution_assessment,moderate,figure evidence,"Figures, extended data, and evidentiary display",true
unit_001786,nature_remote_sensing_review_0021,Nature Communications,2024,moderate_concern,moderate,manuscript claim or supporting evidence,"Methods, results, discussion structure, and explanatory clarity",true
unit_001787,nature_remote_sensing_review_0021,Nature Communications,2024,figure_or_table_comment,minor,"figure evidence, methodological support","Figures, extended data, and evidentiary display",true
unit_001788,nature_remote_sensing_review_0021,Nature Communications,2024,figure_or_table_comment,moderate,figure evidence,"Figures, extended data, and evidentiary display",true
unit_001789,nature_remote_sensing_review_0021,Nature Communications,2024,minor_comment,minor,manuscript claim or supporting evidence,"Remote-sensing context, citation positioning, and prior work",true
unit_001790,nature_remote_sensing_review_0021,Nature Communications,2024,revision_assessment,minor,manuscript claim or supporting evidence,"Concern resolution, code, publication readiness, and reproducibility",true
unit_001791,nature_remote_sensing_review_0021,Nature Communications,2024,moderate_concern,moderate,manuscript claim or supporting evidence,"Methods, results, discussion structure, and explanatory clarity",true
unit_001792,nature_remote_sensing_review_0021,Nature Communications,2024,moderate_concern,moderate,manuscript claim or supporting evidence,"Methods, results, discussion structure, and explanatory clarity",true
unit_001793,nature_remote_sensing_review_0021,Nature Communications,2024,moderate_concern,moderate,manuscript claim or supporting evidence,"Methods, results, discussion structure, and explanatory clarity",true
unit_001794,nature_remote_sensing_review_0021,Nature Communications,2024,moderate_concern,moderate,manuscript claim or supporting evidence,"Methods, results, discussion structure, and explanatory clarity",true
unit_001795,nature_remote_sensing_review_0021,Nature Communications,2024,moderate_concern,moderate,methodological support,"Remote-sensing context, citation positioning, and prior work",true
unit_001796,nature_remote_sensing_review_0021,Nature Communications,2024,contribution_assessment,moderate,methodological support,"Remote-sensing context, citation positioning, and prior work",true
unit_001797,nature_remote_sensing_review_0021,Nature Communications,2024,moderate_concern,moderate,manuscript claim or supporting evidence,"Concern resolution, code, publication readiness, and reproducibility",true
unit_001798,nature_remote_sensing_review_0021,Nature Communications,2024,contribution_assessment,moderate,manuscript claim or supporting evidence,"Methods, results, discussion structure, and explanatory clarity",true
unit_001799,nature_remote_sensing_review_0022,Nature Communications,2024,contribution_assessment,moderate,manuscript claim or supporting evidence,"Remote-sensing context, citation positioning, and prior work",true
unit_001800,nature_remote_sensing_review_0022,Nature Communications,2024,moderate_concern,moderate,manuscript claim or supporting evidence,"Machine learning, model performance, and generalization",true
unit_001801,nature_remote_sensing_review_0022,Nature Communications,2024,figure_or_table_comment,minor,figure evidence,"Figures, extended data, and evidentiary display",true
unit_001802,nature_remote_sensing_review_0022,Nature Communications,2024,moderate_concern,moderate,manuscript claim or supporting evidence,"Methods, results, discussion structure, and explanatory clarity",true
unit_001803,nature_remote_sensing_review_0022,Nature Communications,2024,line_comment,moderate,manuscript claim or supporting evidence,"Spatial data, resolution, and product coverage",true
unit_001804,nature_remote_sensing_review_0022,Nature Communications,2024,line_comment,moderate,manuscript claim or supporting evidence,"Methods, results, discussion structure, and explanatory clarity",true
unit_001805,nature_remote_sensing_review_0022,Nature Communications,2024,line_comment,minor,manuscript claim or supporting evidence,"Methods, results, discussion structure, and explanatory clarity",true
unit_001806,nature_remote_sensing_review_0022,Nature Communications,2024,line_comment,moderate,manuscript claim or supporting evidence,"Methods, results, discussion structure, and explanatory clarity",true
unit_001807,nature_remote_sensing_review_0022,Nature Communications,2024,line_comment,moderate,manuscript claim or supporting evidence,"Methods, results, discussion structure, and explanatory clarity",true
unit_001808,nature_remote_sensing_review_0022,Nature Communications,2024,contribution_assessment,major,manuscript claim or supporting evidence,"Spatial data, resolution, and product coverage",true
unit_001809,nature_remote_sensing_review_0022,Nature Communications,2024,contribution_assessment,minor,manuscript claim or supporting evidence,"Methods, results, discussion structure, and explanatory clarity",true
unit_001810,nature_remote_sensing_review_0022,Nature Communications,2024,revision_assessment,major,global generalization,"Concern resolution, code, publication readiness, and reproducibility",true
unit_001811,nature_remote_sensing_review_0022,Nature Communications,2024,revision_assessment,moderate,manuscript claim or supporting evidence,"Spatial data, resolution, and product coverage",true
unit_001812,nature_remote_sensing_review_0022,Nature Communications,2024,revision_assessment,minor,manuscript claim or supporting evidence,"Concern resolution, code, publication readiness, and reproducibility",true
unit_001813,nature_remote_sensing_review_0022,Nature Communications,2024,contribution_assessment,moderate,manuscript claim or supporting evidence,"Remote-sensing context, citation positioning, and prior work",true
unit_001814,nature_remote_sensing_review_0022,Nature Communications,2024,figure_or_table_comment,minor,figure evidence,"Machine learning, model performance, and generalization",true
unit_001815,nature_remote_sensing_review_0023,Nature Communications,2024,contribution_assessment,moderate,novelty claim,"Machine learning, model performance, and generalization",true
unit_001816,nature_remote_sensing_review_0023,Nature Communications,2024,contribution_assessment,minor,"causal or attribution claim, novelty claim, model performance","Methods, results, discussion structure, and explanatory clarity",true
unit_001817,nature_remote_sensing_review_0023,Nature Communications,2024,contribution_assessment,moderate,manuscript claim or supporting evidence,"Methods, results, discussion structure, and explanatory clarity",true
unit_001818,nature_remote_sensing_review_0023,Nature Communications,2024,line_comment,moderate,manuscript claim or supporting evidence,"Methods, results, discussion structure, and explanatory clarity",true
unit_001819,nature_remote_sensing_review_0023,Nature Communications,2024,line_comment,moderate,manuscript claim or supporting evidence,"Methods, results, discussion structure, and explanatory clarity",true
unit_001820,nature_remote_sensing_review_0023,Nature Communications,2024,line_comment,moderate,manuscript claim or supporting evidence,"Methods, results, discussion structure, and explanatory clarity",true
unit_001821,nature_remote_sensing_review_0023,Nature Communications,2024,line_comment,minor,manuscript claim or supporting evidence,"Long-term time series, climate variability, and trend interpretation",true
unit_001822,nature_remote_sensing_review_0023,Nature Communications,2024,line_comment,moderate,manuscript claim or supporting evidence,"Amazon, forest cover, land-use pressure, and forest resilience",true
unit_001823,nature_remote_sensing_review_0023,Nature Communications,2024,contribution_assessment,moderate,manuscript claim or supporting evidence,"Spatial data, resolution, and product coverage",true
unit_001824,nature_remote_sensing_review_0023,Nature Communications,2024,moderate_concern,moderate,manuscript claim or supporting evidence,"Remote-sensing context, citation positioning, and prior work",true
unit_001825,nature_remote_sensing_review_0023,Nature Communications,2024,moderate_concern,moderate,methodological support,"Methods, results, discussion structure, and explanatory clarity",true
unit_001826,nature_remote_sensing_review_0023,Nature Communications,2024,moderate_concern,moderate,manuscript claim or supporting evidence,"Boreal forests, burned area, fire size, and post-fire surface response",true
unit_001827,nature_remote_sensing_review_0023,Nature Communications,2024,moderate_concern,moderate,manuscript claim or supporting evidence,"Amazon, forest cover, land-use pressure, and forest resilience",true
unit_001828,nature_remote_sensing_review_0023,Nature Communications,2024,moderate_concern,moderate,manuscript claim or supporting evidence,"Methods, results, discussion structure, and explanatory clarity",true
unit_001829,nature_remote_sensing_review_0023,Nature Communications,2024,moderate_concern,moderate,methodological support,"Methods, results, discussion structure, and explanatory clarity",true
unit_001830,nature_remote_sensing_review_0023,Nature Communications,2024,moderate_concern,moderate,manuscript claim or supporting evidence,"Boreal forests, burned area, fire size, and post-fire surface response",true
unit_001831,nature_remote_sensing_review_0023,Nature Communications,2024,minor_comment,minor,manuscript claim or supporting evidence,"Figures, extended data, and evidentiary display",true
unit_001832,nature_remote_sensing_review_0023,Nature Communications,2024,figure_or_table_comment,moderate,manuscript claim or supporting evidence,"Figures, extended data, and evidentiary display",true
unit_001833,nature_remote_sensing_review_0023,Nature Communications,2024,moderate_concern,moderate,"trend interpretation, causal or attribution claim","Long-term time series, climate variability, and trend interpretation",true
unit_001834,nature_remote_sensing_review_0023,Nature Communications,2024,minor_comment,minor,global generalization,"Amazon, forest cover, land-use pressure, and forest resilience",true
unit_001835,nature_remote_sensing_review_0023,Nature Communications,2024,moderate_concern,moderate,global generalization,"Amazon, forest cover, land-use pressure, and forest resilience",true
unit_001836,nature_remote_sensing_review_0023,Nature Communications,2024,moderate_concern,moderate,manuscript claim or supporting evidence,"Methods, results, discussion structure, and explanatory clarity",true
unit_001837,nature_remote_sensing_review_0023,Nature Communications,2024,moderate_concern,moderate,manuscript claim or supporting evidence,"Amazon, forest cover, land-use pressure, and forest resilience",true
unit_001838,nature_remote_sensing_review_0023,Nature Communications,2024,moderate_concern,moderate,causal or attribution claim,C3/C4 vegetation coverage and biome classification,true
unit_001839,nature_remote_sensing_review_0023,Nature Communications,2024,major_concern,major,manuscript claim or supporting evidence,"Urban, inter-city, and SDG-impact interpretation",true
unit_001840,nature_remote_sensing_review_0023,Nature Communications,2024,moderate_concern,moderate,manuscript claim or supporting evidence,"Remote-sensing context, citation positioning, and prior work",true
unit_001841,nature_remote_sensing_review_0023,Nature Communications,2024,moderate_concern,moderate,manuscript claim or supporting evidence,"Methods, results, discussion structure, and explanatory clarity",true
unit_001842,nature_remote_sensing_review_0023,Nature Communications,2024,minor_comment,minor,manuscript claim or supporting evidence,"Amazon, forest cover, land-use pressure, and forest resilience",true
unit_001843,nature_remote_sensing_review_0023,Nature Communications,2024,moderate_concern,moderate,manuscript claim or supporting evidence,"Methods, results, discussion structure, and explanatory clarity",true
unit_001844,nature_remote_sensing_review_0023,Nature Communications,2024,moderate_concern,moderate,methodological support,"Figures, extended data, and evidentiary display",true
unit_001845,nature_remote_sensing_review_0023,Nature Communications,2024,moderate_concern,moderate,manuscript claim or supporting evidence,"Urban, inter-city, and SDG-impact interpretation",true
unit_001846,nature_remote_sensing_review_0023,Nature Communications,2024,moderate_concern,moderate,methodological support,"Methods, results, discussion structure, and explanatory clarity",true
unit_001847,nature_remote_sensing_review_0023,Nature Communications,2024,minor_comment,minor,manuscript claim or supporting evidence,"Figures, extended data, and evidentiary display",true
unit_001848,nature_remote_sensing_review_0023,Nature Communications,2024,moderate_concern,moderate,manuscript claim or supporting evidence,"Methods, results, discussion structure, and explanatory clarity",true
unit_001849,nature_remote_sensing_review_0023,Nature Communications,2024,figure_or_table_comment,moderate,"global generalization, figure evidence","Figures, extended data, and evidentiary display",true
unit_001850,nature_remote_sensing_review_0023,Nature Communications,2024,moderate_concern,moderate,manuscript claim or supporting evidence,"Remote-sensing context, citation positioning, and prior work",true
unit_001851,nature_remote_sensing_review_0023,Nature Communications,2024,contribution_assessment,moderate,manuscript claim or supporting evidence,"Machine learning, model performance, and generalization",true
unit_001852,nature_remote_sensing_review_0023,Nature Communications,2024,contribution_assessment,minor,"causal or attribution claim, novelty claim, model performance","Machine learning, model performance, and generalization",true
unit_001853,nature_remote_sensing_review_0023,Nature Communications,2024,minor_comment,minor,manuscript claim or supporting evidence,"Methods, results, discussion structure, and explanatory clarity",true
unit_001854,nature_remote_sensing_review_0023,Nature Communications,2024,contribution_assessment,moderate,manuscript claim or supporting evidence,"Methods, results, discussion structure, and explanatory clarity",true
unit_001855,nature_remote_sensing_review_0023,Nature Communications,2024,minor_comment,minor,causal or attribution claim,"Boreal forests, burned area, fire size, and post-fire surface response",true
unit_001856,nature_remote_sensing_review_0023,Nature Communications,2024,moderate_concern,moderate,manuscript claim or supporting evidence,"Methods, results, discussion structure, and explanatory clarity",true
unit_001857,nature_remote_sensing_review_0023,Nature Communications,2024,contribution_assessment,moderate,manuscript claim or supporting evidence,"Remote-sensing context, citation positioning, and prior work",true
unit_001858,nature_remote_sensing_review_0023,Nature Communications,2024,contribution_assessment,moderate,manuscript claim or supporting evidence,"Spatial data, resolution, and product coverage",true
unit_001859,nature_remote_sensing_review_0023,Nature Communications,2024,moderate_concern,moderate,manuscript claim or supporting evidence,"Remote-sensing context, citation positioning, and prior work",true
unit_001860,nature_remote_sensing_review_0023,Nature Communications,2024,moderate_concern,moderate,methodological support,"Methods, results, discussion structure, and explanatory clarity",true
unit_001861,nature_remote_sensing_review_0023,Nature Communications,2024,moderate_concern,moderate,manuscript claim or supporting evidence,"Methods, results, discussion structure, and explanatory clarity",true
unit_001862,nature_remote_sensing_review_0023,Nature Communications,2024,moderate_concern,moderate,manuscript claim or supporting evidence,"Amazon, forest cover, land-use pressure, and forest resilience",true
unit_001863,nature_remote_sensing_review_0023,Nature Communications,2024,moderate_concern,moderate,manuscript claim or supporting evidence,"Urban, inter-city, and SDG-impact interpretation",true
unit_001864,nature_remote_sensing_review_0023,Nature Communications,2024,revision_assessment,moderate,manuscript claim or supporting evidence,"Concern resolution, code, publication readiness, and reproducibility",true
unit_001865,nature_remote_sensing_review_0023,Nature Communications,2024,moderate_concern,moderate,manuscript claim or supporting evidence,"Amazon, forest cover, land-use pressure, and forest resilience",true
unit_001866,nature_remote_sensing_review_0023,Nature Communications,2024,moderate_concern,moderate,manuscript claim or supporting evidence,"Tree cover, land cover, land-use change, and mapping definitions",true
unit_001867,nature_remote_sensing_review_0023,Nature Communications,2024,moderate_concern,moderate,manuscript claim or supporting evidence,"Methods, results, discussion structure, and explanatory clarity",true
unit_001868,nature_remote_sensing_review_0023,Nature Communications,2024,minor_comment,minor,manuscript claim or supporting evidence,"Figures, extended data, and evidentiary display",true
unit_001869,nature_remote_sensing_review_0023,Nature Communications,2024,moderate_concern,moderate,global generalization,"Amazon, forest cover, land-use pressure, and forest resilience",true
unit_001870,nature_remote_sensing_review_0023,Nature Communications,2024,moderate_concern,moderate,manuscript claim or supporting evidence,"Methods, results, discussion structure, and explanatory clarity",true
unit_001871,nature_remote_sensing_review_0023,Nature Communications,2024,moderate_concern,moderate,manuscript claim or supporting evidence,"Methods, results, discussion structure, and explanatory clarity",true
unit_001872,nature_remote_sensing_review_0023,Nature Communications,2024,moderate_concern,moderate,manuscript claim or supporting evidence,"Spatial data, resolution, and product coverage",true
unit_001873,nature_remote_sensing_review_0023,Nature Communications,2024,moderate_concern,moderate,causal or attribution claim,"Remote-sensing context, citation positioning, and prior work",true
unit_001874,nature_remote_sensing_review_0023,Nature Communications,2024,moderate_concern,moderate,manuscript claim or supporting evidence,"Methods, results, discussion structure, and explanatory clarity",true
unit_001875,nature_remote_sensing_review_0023,Nature Communications,2024,moderate_concern,moderate,manuscript claim or supporting evidence,"Amazon, forest cover, land-use pressure, and forest resilience",true
unit_001876,nature_remote_sensing_review_0023,Nature Communications,2024,moderate_concern,moderate,manuscript claim or supporting evidence,"Remote-sensing context, citation positioning, and prior work",true
unit_001877,nature_remote_sensing_review_0023,Nature Communications,2024,minor_comment,minor,manuscript claim or supporting evidence,"Methods, results, discussion structure, and explanatory clarity",true
unit_001878,nature_remote_sensing_review_0023,Nature Communications,2024,moderate_concern,moderate,manuscript claim or supporting evidence,"Amazon, forest cover, land-use pressure, and forest resilience",true
unit_001879,nature_remote_sensing_review_0023,Nature Communications,2024,moderate_concern,moderate,manuscript claim or supporting evidence,"Urban, inter-city, and SDG-impact interpretation",true
unit_001880,nature_remote_sensing_review_0023,Nature Communications,2024,moderate_concern,moderate,manuscript claim or supporting evidence,"Methods, results, discussion structure, and explanatory clarity",true
unit_001881,nature_remote_sensing_review_0023,Nature Communications,2024,moderate_concern,moderate,methodological support,"Methods, results, discussion structure, and explanatory clarity",true
unit_001882,nature_remote_sensing_review_0023,Nature Communications,2024,moderate_concern,moderate,manuscript claim or supporting evidence,"Methods, results, discussion structure, and explanatory clarity",true
unit_001883,nature_remote_sensing_review_0023,Nature Communications,2024,moderate_concern,moderate,manuscript claim or supporting evidence,"Methods, results, discussion structure, and explanatory clarity",true
unit_001884,nature_remote_sensing_review_0023,Nature Communications,2024,contribution_assessment,moderate,manuscript claim or supporting evidence,"Long-term time series, climate variability, and trend interpretation",true
unit_001885,nature_remote_sensing_review_0023,Nature Communications,2024,moderate_concern,moderate,manuscript claim or supporting evidence,"Amazon, forest cover, land-use pressure, and forest resilience",true
unit_001886,nature_remote_sensing_review_0023,Nature Communications,2024,moderate_concern,moderate,manuscript claim or supporting evidence,"Methods, results, discussion structure, and explanatory clarity",true
unit_001887,nature_remote_sensing_review_0023,Nature Communications,2024,figure_or_table_comment,moderate,figure evidence,"Figures, extended data, and evidentiary display",true
unit_001888,nature_remote_sensing_review_0023,Nature Communications,2024,contribution_assessment,moderate,manuscript claim or supporting evidence,"Methods, results, discussion structure, and explanatory clarity",true
unit_001889,nature_remote_sensing_review_0023,Nature Communications,2024,contribution_assessment,moderate,manuscript claim or supporting evidence,"Machine learning, model performance, and generalization",true
unit_001890,nature_remote_sensing_review_0023,Nature Communications,2024,moderate_concern,moderate,manuscript claim or supporting evidence,"Methods, results, discussion structure, and explanatory clarity",true
unit_001891,nature_remote_sensing_review_0023,Nature Communications,2024,moderate_concern,moderate,manuscript claim or supporting evidence,"Concern resolution, code, publication readiness, and reproducibility",true
unit_001892,nature_remote_sensing_review_0023,Nature Communications,2024,moderate_concern,moderate,manuscript claim or supporting evidence,"Concern resolution, code, publication readiness, and reproducibility",true
unit_001893,nature_remote_sensing_review_0023,Nature Communications,2024,revision_assessment,moderate,manuscript claim or supporting evidence,"Methods, results, discussion structure, and explanatory clarity",true
unit_001894,nature_remote_sensing_review_0023,Nature Communications,2024,moderate_concern,moderate,manuscript claim or supporting evidence,"Methods, results, discussion structure, and explanatory clarity",true
unit_001895,nature_remote_sensing_review_0023,Nature Communications,2024,revision_assessment,major,manuscript claim or supporting evidence,"Concern resolution, code, publication readiness, and reproducibility",true
unit_001896,nature_remote_sensing_review_0023,Nature Communications,2024,moderate_concern,moderate,manuscript claim or supporting evidence,"Remote-sensing context, citation positioning, and prior work",true
unit_001897,nature_remote_sensing_review_0023,Nature Communications,2024,moderate_concern,moderate,manuscript claim or supporting evidence,"Methods, results, discussion structure, and explanatory clarity",true
unit_001898,nature_remote_sensing_review_0023,Nature Communications,2024,moderate_concern,moderate,manuscript claim or supporting evidence,"Amazon, forest cover, land-use pressure, and forest resilience",true
unit_001899,nature_remote_sensing_review_0023,Nature Communications,2024,minor_comment,minor,manuscript claim or supporting evidence,"Amazon, forest cover, land-use pressure, and forest resilience",true
unit_001900,nature_remote_sensing_review_0023,Nature Communications,2024,minor_comment,minor,manuscript claim or supporting evidence,"Long-term time series, climate variability, and trend interpretation",true
unit_001901,nature_remote_sensing_review_0023,Nature Communications,2024,moderate_concern,moderate,manuscript claim or supporting evidence,"Long-term time series, climate variability, and trend interpretation",true
unit_001902,nature_remote_sensing_review_0023,Nature Communications,2024,moderate_concern,moderate,manuscript claim or supporting evidence,"Machine learning, model performance, and generalization",true
unit_001903,nature_remote_sensing_review_0023,Nature Communications,2024,moderate_concern,moderate,manuscript claim or supporting evidence,"Concern resolution, code, publication readiness, and reproducibility",true
unit_001904,nature_remote_sensing_review_0023,Nature Communications,2024,moderate_concern,moderate,manuscript claim or supporting evidence,"Concern resolution, code, publication readiness, and reproducibility",true
unit_001905,nature_remote_sensing_review_0023,Nature Communications,2024,revision_assessment,moderate,manuscript claim or supporting evidence,"Concern resolution, code, publication readiness, and reproducibility",true
unit_001906,nature_remote_sensing_review_0023,Nature Communications,2024,moderate_concern,moderate,manuscript claim or supporting evidence,"Concern resolution, code, publication readiness, and reproducibility",true
unit_001907,nature_remote_sensing_review_0023,Nature Communications,2024,revision_assessment,moderate,manuscript claim or supporting evidence,"Methods, results, discussion structure, and explanatory clarity",true
unit_001908,nature_remote_sensing_review_0023,Nature Communications,2024,moderate_concern,moderate,manuscript claim or supporting evidence,"Methods, results, discussion structure, and explanatory clarity",true
unit_001909,nature_remote_sensing_review_0023,Nature Communications,2024,moderate_concern,moderate,manuscript claim or supporting evidence,"Methods, results, discussion structure, and explanatory clarity",true
unit_001910,nature_remote_sensing_review_0023,Nature Communications,2024,moderate_concern,moderate,manuscript claim or supporting evidence,"Methods, results, discussion structure, and explanatory clarity",true
unit_001911,nature_remote_sensing_review_0023,Nature Communications,2024,moderate_concern,moderate,manuscript claim or supporting evidence,"Methods, results, discussion structure, and explanatory clarity",true
unit_001912,nature_remote_sensing_review_0023,Nature Communications,2024,moderate_concern,moderate,manuscript claim or supporting evidence,"Methods, results, discussion structure, and explanatory clarity",true
unit_001913,nature_remote_sensing_review_0023,Nature Communications,2024,moderate_concern,moderate,manuscript claim or supporting evidence,"Methods, results, discussion structure, and explanatory clarity",true
unit_001914,nature_remote_sensing_review_0023,Nature Communications,2024,moderate_concern,moderate,manuscript claim or supporting evidence,"Methods, results, discussion structure, and explanatory clarity",true
unit_001915,nature_remote_sensing_review_0023,Nature Communications,2024,minor_comment,minor,manuscript claim or supporting evidence,"Long-term time series, climate variability, and trend interpretation",true
unit_001916,nature_remote_sensing_review_0023,Nature Communications,2024,minor_comment,minor,manuscript claim or supporting evidence,"Long-term time series, climate variability, and trend interpretation",true
unit_001917,nature_remote_sensing_review_0023,Nature Communications,2024,moderate_concern,moderate,manuscript claim or supporting evidence,"Amazon, forest cover, land-use pressure, and forest resilience",true
unit_001918,nature_remote_sensing_review_0023,Nature Communications,2024,moderate_concern,moderate,manuscript claim or supporting evidence,"Amazon, forest cover, land-use pressure, and forest resilience",true
unit_001919,nature_remote_sensing_review_0024,Nature Communications,2024,moderate_concern,moderate,model performance,"Methods, results, discussion structure, and explanatory clarity",true
unit_001920,nature_remote_sensing_review_0024,Nature Communications,2024,moderate_concern,moderate,model performance,"Methods, results, discussion structure, and explanatory clarity",true
unit_001921,nature_remote_sensing_review_0024,Nature Communications,2024,contribution_assessment,moderate,manuscript claim or supporting evidence,"Methods, results, discussion structure, and explanatory clarity",true
unit_001922,nature_remote_sensing_review_0024,Nature Communications,2024,contribution_assessment,moderate,methodological support,"Methods, results, discussion structure, and explanatory clarity",true
unit_001923,nature_remote_sensing_review_0024,Nature Communications,2024,moderate_concern,moderate,figure evidence,"Figures, extended data, and evidentiary display",true
unit_001924,nature_remote_sensing_review_0024,Nature Communications,2024,minor_comment,minor,model performance,"Remote-sensing context, citation positioning, and prior work",true
unit_001925,nature_remote_sensing_review_0024,Nature Communications,2024,minor_comment,minor,manuscript claim or supporting evidence,"Methods, results, discussion structure, and explanatory clarity",true
unit_001926,nature_remote_sensing_review_0024,Nature Communications,2024,moderate_concern,moderate,model performance,"Methods, results, discussion structure, and explanatory clarity",true
unit_001927,nature_remote_sensing_review_0024,Nature Communications,2024,line_comment,moderate,"model performance, methodological support","Methods, results, discussion structure, and explanatory clarity",true
unit_001928,nature_remote_sensing_review_0024,Nature Communications,2024,line_comment,major,manuscript claim or supporting evidence,"Spatial data, resolution, and product coverage",true
unit_001929,nature_remote_sensing_review_0024,Nature Communications,2024,moderate_concern,moderate,manuscript claim or supporting evidence,"Methods, results, discussion structure, and explanatory clarity",true
unit_001930,nature_remote_sensing_review_0024,Nature Communications,2024,moderate_concern,moderate,manuscript claim or supporting evidence,"Methods, results, discussion structure, and explanatory clarity",true
unit_001931,nature_remote_sensing_review_0024,Nature Communications,2024,moderate_concern,moderate,manuscript claim or supporting evidence,"Machine learning, model performance, and generalization",true
unit_001932,nature_remote_sensing_review_0024,Nature Communications,2024,contribution_assessment,minor,"global generalization, methodological support","Machine learning, model performance, and generalization",true
unit_001933,nature_remote_sensing_review_0024,Nature Communications,2024,contribution_assessment,moderate,"novelty claim, model performance, methodological support","Remote-sensing context, citation positioning, and prior work",true
unit_001934,nature_remote_sensing_review_0024,Nature Communications,2024,contribution_assessment,minor,methodological support,"Machine learning, model performance, and generalization",true
unit_001935,nature_remote_sensing_review_0024,Nature Communications,2024,figure_or_table_comment,moderate,figure evidence,"Figures, extended data, and evidentiary display",true
unit_001936,nature_remote_sensing_review_0024,Nature Communications,2024,line_comment,moderate,manuscript claim or supporting evidence,"Methods, results, discussion structure, and explanatory clarity",true
unit_001937,nature_remote_sensing_review_0024,Nature Communications,2024,minor_comment,minor,manuscript claim or supporting evidence,"Methods, results, discussion structure, and explanatory clarity",true
unit_001938,nature_remote_sensing_review_0024,Nature Communications,2024,moderate_concern,moderate,manuscript claim or supporting evidence,"Methods, results, discussion structure, and explanatory clarity",true
unit_001939,nature_remote_sensing_review_0024,Nature Communications,2024,revision_assessment,moderate,manuscript claim or supporting evidence,"Concern resolution, code, publication readiness, and reproducibility",true
unit_001940,nature_remote_sensing_review_0024,Nature Communications,2024,moderate_concern,moderate,model performance,"Methods, results, discussion structure, and explanatory clarity",true
unit_001941,nature_remote_sensing_review_0024,Nature Communications,2024,moderate_concern,moderate,model performance,"Machine learning, model performance, and generalization",true
unit_001942,nature_remote_sensing_review_0024,Nature Communications,2024,minor_comment,minor,manuscript claim or supporting evidence,"Methods, results, discussion structure, and explanatory clarity",true
unit_001943,nature_remote_sensing_review_0025,Nature Communications,2024,major_concern,major,"global generalization, model performance, methodological support","Long-term time series, climate variability, and trend interpretation",true
unit_001944,nature_remote_sensing_review_0025,Nature Communications,2024,moderate_concern,moderate,manuscript claim or supporting evidence,"Methods, results, discussion structure, and explanatory clarity",true
unit_001945,nature_remote_sensing_review_0025,Nature Communications,2024,figure_or_table_comment,moderate,"global generalization, table evidence","Spatial data, resolution, and product coverage",true
unit_001946,nature_remote_sensing_review_0025,Nature Communications,2024,contribution_assessment,minor,global generalization,"Machine learning, model performance, and generalization",true
unit_001947,nature_remote_sensing_review_0025,Nature Communications,2024,figure_or_table_comment,minor,"global generalization, novelty claim, figure evidence","Spatial data, resolution, and product coverage",true
unit_001948,nature_remote_sensing_review_0025,Nature Communications,2024,moderate_concern,moderate,global generalization,"Spatial data, resolution, and product coverage",true
unit_001949,nature_remote_sensing_review_0025,Nature Communications,2024,contribution_assessment,minor,"global generalization, model performance","Long-term time series, climate variability, and trend interpretation",true
unit_001950,nature_remote_sensing_review_0025,Nature Communications,2024,contribution_assessment,moderate,figure evidence,"Figures, extended data, and evidentiary display",true
unit_001951,nature_remote_sensing_review_0025,Nature Communications,2024,line_comment,moderate,manuscript claim or supporting evidence,"Methods, results, discussion structure, and explanatory clarity",true
unit_001952,nature_remote_sensing_review_0025,Nature Communications,2024,line_comment,moderate,manuscript claim or supporting evidence,"Methods, results, discussion structure, and explanatory clarity",true
unit_001953,nature_remote_sensing_review_0025,Nature Communications,2024,line_comment,moderate,manuscript claim or supporting evidence,"Methods, results, discussion structure, and explanatory clarity",true
unit_001954,nature_remote_sensing_review_0025,Nature Communications,2024,line_comment,moderate,manuscript claim or supporting evidence,"Urban, inter-city, and SDG-impact interpretation",true
unit_001955,nature_remote_sensing_review_0025,Nature Communications,2024,line_comment,moderate,global generalization,"Spatial data, resolution, and product coverage",true
unit_001956,nature_remote_sensing_review_0025,Nature Communications,2024,line_comment,moderate,manuscript claim or supporting evidence,"Urban, inter-city, and SDG-impact interpretation",true
unit_001957,nature_remote_sensing_review_0025,Nature Communications,2024,line_comment,minor,manuscript claim or supporting evidence,"Methods, results, discussion structure, and explanatory clarity",true
unit_001958,nature_remote_sensing_review_0025,Nature Communications,2024,figure_or_table_comment,moderate,figure evidence,"Figures, extended data, and evidentiary display",true
unit_001959,nature_remote_sensing_review_0025,Nature Communications,2024,line_comment,moderate,manuscript claim or supporting evidence,"Methods, results, discussion structure, and explanatory clarity",true
unit_001960,nature_remote_sensing_review_0025,Nature Communications,2024,moderate_concern,moderate,"global generalization, figure evidence","Figures, extended data, and evidentiary display",true
unit_001961,nature_remote_sensing_review_0025,Nature Communications,2024,contribution_assessment,minor,manuscript claim or supporting evidence,"Spatial data, resolution, and product coverage",true
unit_001962,nature_remote_sensing_review_0025,Nature Communications,2024,moderate_concern,moderate,manuscript claim or supporting evidence,"Figures, extended data, and evidentiary display",true
unit_001963,nature_remote_sensing_review_0025,Nature Communications,2024,moderate_concern,moderate,global generalization,"Tree cover, land cover, land-use change, and mapping definitions",true
unit_001964,nature_remote_sensing_review_0025,Nature Communications,2024,moderate_concern,moderate,model performance,"Spatial data, resolution, and product coverage",true
unit_001965,nature_remote_sensing_review_0025,Nature Communications,2024,contribution_assessment,moderate,global generalization,"Spatial data, resolution, and product coverage",true
unit_001966,nature_remote_sensing_review_0025,Nature Communications,2024,moderate_concern,moderate,manuscript claim or supporting evidence,"Concern resolution, code, publication readiness, and reproducibility",true
unit_001967,nature_remote_sensing_review_0025,Nature Communications,2024,moderate_concern,moderate,global generalization,"Spatial data, resolution, and product coverage",true
unit_001968,nature_remote_sensing_review_0025,Nature Communications,2024,moderate_concern,moderate,manuscript claim or supporting evidence,"Machine learning, model performance, and generalization",true
unit_001969,nature_remote_sensing_review_0025,Nature Communications,2024,moderate_concern,moderate,manuscript claim or supporting evidence,"Spatial data, resolution, and product coverage",true
unit_001970,nature_remote_sensing_review_0025,Nature Communications,2024,moderate_concern,moderate,manuscript claim or supporting evidence,"Methods, results, discussion structure, and explanatory clarity",true
unit_001971,nature_remote_sensing_review_0026,Nature,2025,contribution_assessment,moderate,"global generalization, novelty claim, uncertainty claim","Spatial data, resolution, and product coverage",true
unit_001972,nature_remote_sensing_review_0026,Nature,2025,contribution_assessment,minor,"global generalization, uncertainty claim, figure evidence","Remote-sensing context, citation positioning, and prior work",true
unit_001973,nature_remote_sensing_review_0026,Nature,2025,minor_comment,minor,model performance,"Long-term time series, climate variability, and trend interpretation",true
unit_001974,nature_remote_sensing_review_0026,Nature,2025,line_comment,minor,manuscript claim or supporting evidence,"Remote-sensing context, citation positioning, and prior work",true
unit_001975,nature_remote_sensing_review_0026,Nature,2025,moderate_concern,moderate,"global generalization, methodological support","Methods, results, discussion structure, and explanatory clarity",true
unit_001976,nature_remote_sensing_review_0026,Nature,2025,moderate_concern,moderate,"global generalization, uncertainty claim","Methods, results, discussion structure, and explanatory clarity",true
unit_001977,nature_remote_sensing_review_0026,Nature,2025,moderate_concern,moderate,"global generalization, model performance","Spatial data, resolution, and product coverage",true
unit_001978,nature_remote_sensing_review_0026,Nature,2025,contribution_assessment,moderate,novelty claim,"Remote-sensing context, citation positioning, and prior work",true
unit_001979,nature_remote_sensing_review_0026,Nature,2025,moderate_concern,moderate,manuscript claim or supporting evidence,"Spatial data, resolution, and product coverage",true
unit_001980,nature_remote_sensing_review_0026,Nature,2025,moderate_concern,moderate,global generalization,"Spatial data, resolution, and product coverage",true
unit_001981,nature_remote_sensing_review_0026,Nature,2025,moderate_concern,moderate,trend interpretation,"Long-term time series, climate variability, and trend interpretation",true
unit_001982,nature_remote_sensing_review_0026,Nature,2025,contribution_assessment,moderate,"trend interpretation, novelty claim, methodological support","Long-term time series, climate variability, and trend interpretation",true
unit_001983,nature_remote_sensing_review_0026,Nature,2025,moderate_concern,moderate,manuscript claim or supporting evidence,"Spatial data, resolution, and product coverage",true
unit_001984,nature_remote_sensing_review_0026,Nature,2025,moderate_concern,moderate,manuscript claim or supporting evidence,"Glacier, ocean mass, mass balance, and cryosphere change",true
unit_001985,nature_remote_sensing_review_0026,Nature,2025,moderate_concern,moderate,manuscript claim or supporting evidence,"Glacier, ocean mass, mass balance, and cryosphere change",true
unit_001986,nature_remote_sensing_review_0026,Nature,2025,moderate_concern,moderate,trend interpretation,"Long-term time series, climate variability, and trend interpretation",true
unit_001987,nature_remote_sensing_review_0026,Nature,2025,moderate_concern,moderate,manuscript claim or supporting evidence,"Methods, results, discussion structure, and explanatory clarity",true
unit_001988,nature_remote_sensing_review_0026,Nature,2025,moderate_concern,moderate,manuscript claim or supporting evidence,"Glacier, ocean mass, mass balance, and cryosphere change",true
unit_001989,nature_remote_sensing_review_0026,Nature,2025,moderate_concern,moderate,manuscript claim or supporting evidence,"Methods, results, discussion structure, and explanatory clarity",true
unit_001990,nature_remote_sensing_review_0026,Nature,2025,line_comment,moderate,global generalization,"Sea level, vertical land motion, InSAR, and coastal elevation change",true
unit_001991,nature_remote_sensing_review_0026,Nature,2025,line_comment,moderate,manuscript claim or supporting evidence,"Methods, results, discussion structure, and explanatory clarity",true
unit_001992,nature_remote_sensing_review_0026,Nature,2025,moderate_concern,moderate,manuscript claim or supporting evidence,"Methods, results, discussion structure, and explanatory clarity",true
unit_001993,nature_remote_sensing_review_0026,Nature,2025,contribution_assessment,moderate,methodological support,"Methods, results, discussion structure, and explanatory clarity",true
unit_001994,nature_remote_sensing_review_0026,Nature,2025,revision_assessment,moderate,"novelty claim, uncertainty claim","Spatial data, resolution, and product coverage",true
unit_001995,nature_remote_sensing_review_0026,Nature,2025,moderate_concern,moderate,manuscript claim or supporting evidence,"Sea level, vertical land motion, InSAR, and coastal elevation change",true
unit_001996,nature_remote_sensing_review_0026,Nature,2025,minor_comment,minor,manuscript claim or supporting evidence,"Methods, results, discussion structure, and explanatory clarity",true
unit_001997,nature_remote_sensing_review_0026,Nature,2025,line_comment,moderate,manuscript claim or supporting evidence,"Methods, results, discussion structure, and explanatory clarity",true
unit_001998,nature_remote_sensing_review_0026,Nature,2025,line_comment,moderate,manuscript claim or supporting evidence,"Methods, results, discussion structure, and explanatory clarity",true
unit_001999,nature_remote_sensing_review_0026,Nature,2025,line_comment,moderate,uncertainty claim,"Glacier, ocean mass, mass balance, and cryosphere change",true
unit_002000,nature_remote_sensing_review_0026,Nature,2025,moderate_concern,moderate,trend interpretation,"Long-term time series, climate variability, and trend interpretation",true
unit_002001,nature_remote_sensing_review_0026,Nature,2025,contribution_assessment,major,novelty claim,"Remote-sensing context, citation positioning, and prior work",true
unit_002002,nature_remote_sensing_review_0026,Nature,2025,moderate_concern,moderate,manuscript claim or supporting evidence,"Methods, results, discussion structure, and explanatory clarity",true
unit_002003,nature_remote_sensing_review_0026,Nature,2025,figure_or_table_comment,moderate,figure evidence,"Figures, extended data, and evidentiary display",true
unit_002004,nature_remote_sensing_review_0026,Nature,2025,figure_or_table_comment,moderate,table evidence,"Remote-sensing context, citation positioning, and prior work",true
unit_002005,nature_remote_sensing_review_0026,Nature,2025,figure_or_table_comment,moderate,table evidence,"Figures, extended data, and evidentiary display",true
unit_002006,nature_remote_sensing_review_0026,Nature,2025,minor_comment,minor,manuscript claim or supporting evidence,"Methods, results, discussion structure, and explanatory clarity",true
unit_002007,nature_remote_sensing_review_0026,Nature,2025,moderate_concern,moderate,figure evidence,"Figures, extended data, and evidentiary display",true
unit_002008,nature_remote_sensing_review_0026,Nature,2025,contribution_assessment,moderate,"model performance, figure evidence","Spatial data, resolution, and product coverage",true
unit_002009,nature_remote_sensing_review_0026,Nature,2025,revision_assessment,moderate,uncertainty claim,"Methods, results, discussion structure, and explanatory clarity",true
unit_002010,nature_remote_sensing_review_0026,Nature,2025,moderate_concern,moderate,"global generalization, methodological support","Spatial data, resolution, and product coverage",true
unit_002011,nature_remote_sensing_review_0026,Nature,2025,moderate_concern,moderate,uncertainty claim,"Methods, results, discussion structure, and explanatory clarity",true
unit_002012,nature_remote_sensing_review_0026,Nature,2025,line_comment,moderate,table evidence,"Figures, extended data, and evidentiary display",true
unit_002013,nature_remote_sensing_review_0026,Nature,2025,moderate_concern,moderate,manuscript claim or supporting evidence,"Methods, results, discussion structure, and explanatory clarity",true
unit_002014,nature_remote_sensing_review_0026,Nature,2025,moderate_concern,moderate,manuscript claim or supporting evidence,"Spatial data, resolution, and product coverage",true
unit_002015,nature_remote_sensing_review_0026,Nature,2025,moderate_concern,moderate,uncertainty claim,"Spatial data, resolution, and product coverage",true
unit_002016,nature_remote_sensing_review_0026,Nature,2025,minor_comment,minor,manuscript claim or supporting evidence,"Methods, results, discussion structure, and explanatory clarity",true
unit_002017,nature_remote_sensing_review_0026,Nature,2025,minor_comment,minor,manuscript claim or supporting evidence,"Methods, results, discussion structure, and explanatory clarity",true
unit_002018,nature_remote_sensing_review_0026,Nature,2025,moderate_concern,moderate,product validity,"Spatial data, resolution, and product coverage",true
unit_002019,nature_remote_sensing_review_0026,Nature,2025,moderate_concern,moderate,global generalization,"Emission, source attribution, and plume-like inference",true
unit_002020,nature_remote_sensing_review_0026,Nature,2025,minor_comment,minor,manuscript claim or supporting evidence,"Glacier, ocean mass, mass balance, and cryosphere change",true
unit_002021,nature_remote_sensing_review_0027,Nature,2025,minor_comment,minor,"global generalization, model performance","Spatial data, resolution, and product coverage",true
unit_002022,nature_remote_sensing_review_0027,Nature,2025,moderate_concern,moderate,manuscript claim or supporting evidence,"Methods, results, discussion structure, and explanatory clarity",true
unit_002023,nature_remote_sensing_review_0027,Nature,2025,contribution_assessment,moderate,manuscript claim or supporting evidence,"Spatial data, resolution, and product coverage",true
unit_002024,nature_remote_sensing_review_0027,Nature,2025,moderate_concern,moderate,global generalization,"Spatial data, resolution, and product coverage",true
unit_002025,nature_remote_sensing_review_0027,Nature,2025,major_concern,major,"global generalization, product validity, model performance","Spatial data, resolution, and product coverage",true
unit_002026,nature_remote_sensing_review_0027,Nature,2025,figure_or_table_comment,minor,"global generalization, product validity, uncertainty claim","Spatial data, resolution, and product coverage",true
unit_002027,nature_remote_sensing_review_0027,Nature,2025,minor_comment,minor,manuscript claim or supporting evidence,"Methods, results, discussion structure, and explanatory clarity",true
unit_002028,nature_remote_sensing_review_0027,Nature,2025,contribution_assessment,moderate,manuscript claim or supporting evidence,"Figures, extended data, and evidentiary display",true
unit_002029,nature_remote_sensing_review_0027,Nature,2025,contribution_assessment,moderate,"novelty claim, methodological support","Spatial data, resolution, and product coverage",true
unit_002030,nature_remote_sensing_review_0027,Nature,2025,moderate_concern,moderate,trend interpretation,"Long-term time series, climate variability, and trend interpretation",true
unit_002031,nature_remote_sensing_review_0027,Nature,2025,contribution_assessment,moderate,trend interpretation,"Long-term time series, climate variability, and trend interpretation",true
unit_002032,nature_remote_sensing_review_0027,Nature,2025,moderate_concern,moderate,manuscript claim or supporting evidence,"Methods, results, discussion structure, and explanatory clarity",true
unit_002033,nature_remote_sensing_review_0027,Nature,2025,moderate_concern,moderate,"trend interpretation, figure evidence, methodological support","Long-term time series, climate variability, and trend interpretation",true
unit_002034,nature_remote_sensing_review_0027,Nature,2025,line_comment,moderate,model performance,"Methods, results, discussion structure, and explanatory clarity",true
unit_002035,nature_remote_sensing_review_0027,Nature,2025,line_comment,minor,global generalization,"Spatial data, resolution, and product coverage",true
unit_002036,nature_remote_sensing_review_0027,Nature,2025,line_comment,moderate,trend interpretation,"Long-term time series, climate variability, and trend interpretation",true
unit_002037,nature_remote_sensing_review_0027,Nature,2025,line_comment,minor,manuscript claim or supporting evidence,"Methods, results, discussion structure, and explanatory clarity",true
unit_002038,nature_remote_sensing_review_0027,Nature,2025,figure_or_table_comment,moderate,figure evidence,"Figures, extended data, and evidentiary display",true
unit_002039,nature_remote_sensing_review_0027,Nature,2025,moderate_concern,moderate,"model performance, methodological support","Machine learning, model performance, and generalization",true
unit_002040,nature_remote_sensing_review_0027,Nature,2025,moderate_concern,moderate,model performance,"Spatial data, resolution, and product coverage",true
unit_002041,nature_remote_sensing_review_0027,Nature,2025,contribution_assessment,moderate,global generalization,"Spatial data, resolution, and product coverage",true
unit_002042,nature_remote_sensing_review_0027,Nature,2025,moderate_concern,moderate,"global generalization, product validity, model performance","Machine learning, model performance, and generalization",true
unit_002043,nature_remote_sensing_review_0027,Nature,2025,minor_comment,minor,product validity,"Machine learning, model performance, and generalization",true
unit_002044,nature_remote_sensing_review_0027,Nature,2025,minor_comment,minor,manuscript claim or supporting evidence,"Spatial data, resolution, and product coverage",true
unit_002045,nature_remote_sensing_review_0027,Nature,2025,minor_comment,minor,"uncertainty claim, model performance","Machine learning, model performance, and generalization",true
unit_002046,nature_remote_sensing_review_0027,Nature,2025,moderate_concern,moderate,manuscript claim or supporting evidence,"Methods, results, discussion structure, and explanatory clarity",true
unit_002047,nature_remote_sensing_review_0027,Nature,2025,contribution_assessment,moderate,"global generalization, product validity, model performance","Spatial data, resolution, and product coverage",true
unit_002048,nature_remote_sensing_review_0027,Nature,2025,contribution_assessment,moderate,model performance,"Remote-sensing context, citation positioning, and prior work",true
unit_002049,nature_remote_sensing_review_0027,Nature,2025,figure_or_table_comment,moderate,table evidence,"Figures, extended data, and evidentiary display",true
unit_002050,nature_remote_sensing_review_0027,Nature,2025,line_comment,moderate,manuscript claim or supporting evidence,"Methods, results, discussion structure, and explanatory clarity",true
unit_002051,nature_remote_sensing_review_0027,Nature,2025,moderate_concern,moderate,manuscript claim or supporting evidence,"Methods, results, discussion structure, and explanatory clarity",true
unit_002052,nature_remote_sensing_review_0027,Nature,2025,moderate_concern,moderate,manuscript claim or supporting evidence,"Methods, results, discussion structure, and explanatory clarity",true
unit_002053,nature_remote_sensing_review_0027,Nature,2025,moderate_concern,moderate,manuscript claim or supporting evidence,"Figures, extended data, and evidentiary display",true
unit_002054,nature_remote_sensing_review_0027,Nature,2025,moderate_concern,moderate,"model performance, methodological support","Spatial data, resolution, and product coverage",true
unit_002055,nature_remote_sensing_review_0027,Nature,2025,minor_comment,minor,methodological support,"Methods, results, discussion structure, and explanatory clarity",true
unit_002056,nature_remote_sensing_review_0027,Nature,2025,minor_comment,minor,algorithm validity,"Figures, extended data, and evidentiary display",true
unit_002057,nature_remote_sensing_review_0027,Nature,2025,figure_or_table_comment,moderate,"product validity, model performance, table evidence","Machine learning, model performance, and generalization",true
unit_002058,nature_remote_sensing_review_0027,Nature,2025,line_comment,moderate,"uncertainty claim, algorithm validity","Methods, results, discussion structure, and explanatory clarity",true
unit_002059,nature_remote_sensing_review_0027,Nature,2025,figure_or_table_comment,minor,"model performance, figure evidence, table evidence","Machine learning, model performance, and generalization",true
unit_002060,nature_remote_sensing_review_0027,Nature,2025,line_comment,minor,"global generalization, model performance","Methods, results, discussion structure, and explanatory clarity",true
unit_002061,nature_remote_sensing_review_0027,Nature,2025,line_comment,minor,table evidence,"Figures, extended data, and evidentiary display",true
unit_002062,nature_remote_sensing_review_0027,Nature,2025,minor_comment,minor,uncertainty claim,C3/C4 vegetation coverage and biome classification,true
unit_002063,nature_remote_sensing_review_0027,Nature,2025,revision_assessment,moderate,"novelty claim, uncertainty claim, methodological support","Figures, extended data, and evidentiary display",true
unit_002064,nature_remote_sensing_review_0027,Nature,2025,minor_comment,minor,manuscript claim or supporting evidence,"Figures, extended data, and evidentiary display",true
unit_002065,nature_remote_sensing_review_0027,Nature,2025,minor_comment,minor,figure evidence,"Spatial data, resolution, and product coverage",true
unit_002066,nature_remote_sensing_review_0027,Nature,2025,figure_or_table_comment,moderate,figure evidence,"Figures, extended data, and evidentiary display",true
unit_002067,nature_remote_sensing_review_0027,Nature,2025,moderate_concern,moderate,manuscript claim or supporting evidence,"Figures, extended data, and evidentiary display",true
unit_002068,nature_remote_sensing_review_0027,Nature,2025,contribution_assessment,moderate,manuscript claim or supporting evidence,"Machine learning, model performance, and generalization",true
unit_002069,nature_remote_sensing_review_0027,Nature,2025,moderate_concern,moderate,manuscript claim or supporting evidence,"Methods, results, discussion structure, and explanatory clarity",true
unit_002070,nature_remote_sensing_review_0027,Nature,2025,moderate_concern,moderate,manuscript claim or supporting evidence,"Machine learning, model performance, and generalization",true
unit_002071,nature_remote_sensing_review_0027,Nature,2025,moderate_concern,moderate,manuscript claim or supporting evidence,"Remote-sensing context, citation positioning, and prior work",true
unit_002072,nature_remote_sensing_review_0027,Nature,2025,figure_or_table_comment,moderate,"global generalization, table evidence","Spatial data, resolution, and product coverage",true
unit_002073,nature_remote_sensing_review_0027,Nature,2025,minor_comment,minor,manuscript claim or supporting evidence,"Machine learning, model performance, and generalization",true
unit_002074,nature_remote_sensing_review_0027,Nature,2025,moderate_concern,moderate,"global generalization, model performance","Methods, results, discussion structure, and explanatory clarity",true
unit_002075,nature_remote_sensing_review_0027,Nature,2025,figure_or_table_comment,minor,"global generalization, figure evidence","Spatial data, resolution, and product coverage",true
unit_002076,nature_remote_sensing_review_0027,Nature,2025,moderate_concern,moderate,manuscript claim or supporting evidence,"Methods, results, discussion structure, and explanatory clarity",true
unit_002077,nature_remote_sensing_review_0027,Nature,2025,figure_or_table_comment,moderate,figure evidence,"Figures, extended data, and evidentiary display",true
unit_002078,nature_remote_sensing_review_0027,Nature,2025,contribution_assessment,minor,"global generalization, uncertainty claim","Figures, extended data, and evidentiary display",true
unit_002079,nature_remote_sensing_review_0027,Nature,2025,minor_comment,minor,uncertainty claim,"Figures, extended data, and evidentiary display",true
unit_002080,nature_remote_sensing_review_0027,Nature,2025,moderate_concern,moderate,manuscript claim or supporting evidence,"Methods, results, discussion structure, and explanatory clarity",true
unit_002081,nature_remote_sensing_review_0027,Nature,2025,moderate_concern,moderate,uncertainty claim,"Figures, extended data, and evidentiary display",true
unit_002082,nature_remote_sensing_review_0027,Nature,2025,moderate_concern,moderate,manuscript claim or supporting evidence,"Figures, extended data, and evidentiary display",true
unit_002083,nature_remote_sensing_review_0027,Nature,2025,moderate_concern,moderate,manuscript claim or supporting evidence,"Amazon, forest cover, land-use pressure, and forest resilience",true
unit_002084,nature_remote_sensing_review_0027,Nature,2025,moderate_concern,moderate,"uncertainty claim, model performance","Amazon, forest cover, land-use pressure, and forest resilience",true
unit_002085,nature_remote_sensing_review_0027,Nature,2025,contribution_assessment,moderate,model performance,"Spatial data, resolution, and product coverage",true
unit_002086,nature_remote_sensing_review_0027,Nature,2025,moderate_concern,moderate,manuscript claim or supporting evidence,"Machine learning, model performance, and generalization",true
unit_002087,nature_remote_sensing_review_0027,Nature,2025,moderate_concern,moderate,product validity,"Methods, results, discussion structure, and explanatory clarity",true
unit_002088,nature_remote_sensing_review_0027,Nature,2025,line_comment,major,"product validity, model performance, methodological support","Machine learning, model performance, and generalization",true
unit_002089,nature_remote_sensing_review_0027,Nature,2025,moderate_concern,moderate,product validity,"Machine learning, model performance, and generalization",true
unit_002090,nature_remote_sensing_review_0027,Nature,2025,contribution_assessment,moderate,"product validity, model performance","Machine learning, model performance, and generalization",true
unit_002091,nature_remote_sensing_review_0027,Nature,2025,moderate_concern,moderate,model performance,"Machine learning, model performance, and generalization",true
unit_002092,nature_remote_sensing_review_0027,Nature,2025,moderate_concern,moderate,manuscript claim or supporting evidence,"Figures, extended data, and evidentiary display",true
unit_002093,nature_remote_sensing_review_0027,Nature,2025,minor_comment,minor,uncertainty claim,"Spatial data, resolution, and product coverage",true
unit_002094,nature_remote_sensing_review_0027,Nature,2025,moderate_concern,moderate,manuscript claim or supporting evidence,"Methods, results, discussion structure, and explanatory clarity",true
unit_002095,nature_remote_sensing_review_0027,Nature,2025,contribution_assessment,moderate,manuscript claim or supporting evidence,"Figures, extended data, and evidentiary display",true
unit_002096,nature_remote_sensing_review_0027,Nature,2025,minor_comment,minor,manuscript claim or supporting evidence,"Methods, results, discussion structure, and explanatory clarity",true
unit_002097,nature_remote_sensing_review_0027,Nature,2025,moderate_concern,moderate,manuscript claim or supporting evidence,"Spatial data, resolution, and product coverage",true
unit_002098,nature_remote_sensing_review_0027,Nature,2025,moderate_concern,moderate,manuscript claim or supporting evidence,"Methods, results, discussion structure, and explanatory clarity",true
unit_002099,nature_remote_sensing_review_0027,Nature,2025,moderate_concern,moderate,model performance,"Machine learning, model performance, and generalization",true
unit_002100,nature_remote_sensing_review_0027,Nature,2025,contribution_assessment,moderate,model performance,"Spatial data, resolution, and product coverage",true
unit_002101,nature_remote_sensing_review_0027,Nature,2025,moderate_concern,moderate,model performance,"Methods, results, discussion structure, and explanatory clarity",true
unit_002102,nature_remote_sensing_review_0027,Nature,2025,moderate_concern,moderate,manuscript claim or supporting evidence,"Methods, results, discussion structure, and explanatory clarity",true
unit_002103,nature_remote_sensing_review_0027,Nature,2025,moderate_concern,moderate,manuscript claim or supporting evidence,"Methods, results, discussion structure, and explanatory clarity",true
unit_002104,nature_remote_sensing_review_0027,Nature,2025,moderate_concern,moderate,manuscript claim or supporting evidence,"Methods, results, discussion structure, and explanatory clarity",true
unit_002105,nature_remote_sensing_review_0027,Nature,2025,moderate_concern,moderate,model performance,"Methods, results, discussion structure, and explanatory clarity",true
unit_002106,nature_remote_sensing_review_0027,Nature,2025,moderate_concern,moderate,manuscript claim or supporting evidence,"Methods, results, discussion structure, and explanatory clarity",true
unit_002107,nature_remote_sensing_review_0027,Nature,2025,figure_or_table_comment,moderate,table evidence,"Figures, extended data, and evidentiary display",true
unit_002108,nature_remote_sensing_review_0027,Nature,2025,moderate_concern,moderate,manuscript claim or supporting evidence,"Methods, results, discussion structure, and explanatory clarity",true
unit_002109,nature_remote_sensing_review_0028,Nature,2025,revision_assessment,moderate,manuscript claim or supporting evidence,"Concern resolution, code, publication readiness, and reproducibility",true
unit_002110,nature_remote_sensing_review_0028,Nature,2025,moderate_concern,moderate,global generalization,"Spatial data, resolution, and product coverage",true
unit_002111,nature_remote_sensing_review_0028,Nature,2025,moderate_concern,moderate,manuscript claim or supporting evidence,"Methods, results, discussion structure, and explanatory clarity",true
unit_002112,nature_remote_sensing_review_0028,Nature,2025,moderate_concern,moderate,figure evidence,"Figures, extended data, and evidentiary display",true
unit_002113,nature_remote_sensing_review_0028,Nature,2025,moderate_concern,moderate,manuscript claim or supporting evidence,"Spatial data, resolution, and product coverage",true
unit_002114,nature_remote_sensing_review_0028,Nature,2025,moderate_concern,moderate,model performance,"Spatial data, resolution, and product coverage",true
unit_002115,nature_remote_sensing_review_0028,Nature,2025,moderate_concern,moderate,manuscript claim or supporting evidence,"Spatial data, resolution, and product coverage",true
unit_002116,nature_remote_sensing_review_0028,Nature,2025,moderate_concern,moderate,manuscript claim or supporting evidence,"Methods, results, discussion structure, and explanatory clarity",true
unit_002117,nature_remote_sensing_review_0028,Nature,2025,moderate_concern,moderate,manuscript claim or supporting evidence,"Spatial data, resolution, and product coverage",true
unit_002118,nature_remote_sensing_review_0028,Nature,2025,moderate_concern,moderate,manuscript claim or supporting evidence,"Spatial data, resolution, and product coverage",true
unit_002119,nature_remote_sensing_review_0028,Nature,2025,moderate_concern,moderate,manuscript claim or supporting evidence,"Methods, results, discussion structure, and explanatory clarity",true
unit_002120,nature_remote_sensing_review_0028,Nature,2025,contribution_assessment,minor,"global generalization, model performance","Spatial data, resolution, and product coverage",true
unit_002121,nature_remote_sensing_review_0028,Nature,2025,moderate_concern,moderate,methodological support,"Remote-sensing context, citation positioning, and prior work",true
unit_002122,nature_remote_sensing_review_0028,Nature,2025,minor_comment,minor,figure evidence,"Figures, extended data, and evidentiary display",true
unit_002123,nature_remote_sensing_review_0028,Nature,2025,moderate_concern,moderate,manuscript claim or supporting evidence,"Methods, results, discussion structure, and explanatory clarity",true
unit_002124,nature_remote_sensing_review_0028,Nature,2025,contribution_assessment,moderate,manuscript claim or supporting evidence,"Methods, results, discussion structure, and explanatory clarity",true
unit_002125,nature_remote_sensing_review_0028,Nature,2025,contribution_assessment,moderate,manuscript claim or supporting evidence,"Methods, results, discussion structure, and explanatory clarity",true
unit_002126,nature_remote_sensing_review_0028,Nature,2025,minor_comment,minor,manuscript claim or supporting evidence,"Long-term time series, climate variability, and trend interpretation",true
unit_002127,nature_remote_sensing_review_0028,Nature,2025,line_comment,moderate,manuscript claim or supporting evidence,"Urban, inter-city, and SDG-impact interpretation",true
unit_002128,nature_remote_sensing_review_0028,Nature,2025,line_comment,moderate,manuscript claim or supporting evidence,"Methods, results, discussion structure, and explanatory clarity",true
unit_002129,nature_remote_sensing_review_0028,Nature,2025,figure_or_table_comment,moderate,manuscript claim or supporting evidence,"Figures, extended data, and evidentiary display",true
unit_002130,nature_remote_sensing_review_0028,Nature,2025,figure_or_table_comment,moderate,manuscript claim or supporting evidence,"Spatial data, resolution, and product coverage",true
unit_002131,nature_remote_sensing_review_0028,Nature,2025,moderate_concern,moderate,manuscript claim or supporting evidence,"Methods, results, discussion structure, and explanatory clarity",true
unit_002132,nature_remote_sensing_review_0028,Nature,2025,line_comment,moderate,manuscript claim or supporting evidence,"Spatial data, resolution, and product coverage",true
unit_002133,nature_remote_sensing_review_0028,Nature,2025,line_comment,major,"product validity, model performance","Spatial data, resolution, and product coverage",true
unit_002134,nature_remote_sensing_review_0028,Nature,2025,figure_or_table_comment,minor,methodological support,"Methods, results, discussion structure, and explanatory clarity",true
unit_002135,nature_remote_sensing_review_0028,Nature,2025,figure_or_table_comment,moderate,figure evidence,"Figures, extended data, and evidentiary display",true
unit_002136,nature_remote_sensing_review_0028,Nature,2025,minor_comment,minor,manuscript claim or supporting evidence,"Spatial data, resolution, and product coverage",true
unit_002137,nature_remote_sensing_review_0028,Nature,2025,contribution_assessment,minor,global generalization,"Spatial data, resolution, and product coverage",true
unit_002138,nature_remote_sensing_review_0028,Nature,2025,contribution_assessment,moderate,manuscript claim or supporting evidence,"Spatial data, resolution, and product coverage",true
unit_002139,nature_remote_sensing_review_0028,Nature,2025,moderate_concern,moderate,methodological support,"Spatial data, resolution, and product coverage",true
unit_002140,nature_remote_sensing_review_0028,Nature,2025,contribution_assessment,minor,manuscript claim or supporting evidence,"Spatial data, resolution, and product coverage",true
unit_002141,nature_remote_sensing_review_0028,Nature,2025,contribution_assessment,minor,figure evidence,"Spatial data, resolution, and product coverage",true
unit_002142,nature_remote_sensing_review_0028,Nature,2025,minor_comment,minor,methodological support,"Spatial data, resolution, and product coverage",true
unit_002143,nature_remote_sensing_review_0028,Nature,2025,moderate_concern,moderate,manuscript claim or supporting evidence,"Spatial data, resolution, and product coverage",true
unit_002144,nature_remote_sensing_review_0028,Nature,2025,contribution_assessment,moderate,"uncertainty claim, figure evidence","Figures, extended data, and evidentiary display",true
unit_002145,nature_remote_sensing_review_0028,Nature,2025,line_comment,minor,table evidence,"Spatial data, resolution, and product coverage",true
unit_002146,nature_remote_sensing_review_0028,Nature,2025,line_comment,moderate,figure evidence,"Spatial data, resolution, and product coverage",true
unit_002147,nature_remote_sensing_review_0028,Nature,2025,line_comment,moderate,figure evidence,"Figures, extended data, and evidentiary display",true
unit_002148,nature_remote_sensing_review_0028,Nature,2025,line_comment,minor,manuscript claim or supporting evidence,"Spatial data, resolution, and product coverage",true
unit_002149,nature_remote_sensing_review_0028,Nature,2025,line_comment,moderate,manuscript claim or supporting evidence,"Figures, extended data, and evidentiary display",true
unit_002150,nature_remote_sensing_review_0028,Nature,2025,line_comment,major,manuscript claim or supporting evidence,"Methods, results, discussion structure, and explanatory clarity",true
unit_002151,nature_remote_sensing_review_0028,Nature,2025,line_comment,moderate,figure evidence,"Figures, extended data, and evidentiary display",true
unit_002152,nature_remote_sensing_review_0028,Nature,2025,line_comment,moderate,model performance,"Spatial data, resolution, and product coverage",true
unit_002153,nature_remote_sensing_review_0028,Nature,2025,moderate_concern,moderate,manuscript claim or supporting evidence,"Remote-sensing context, citation positioning, and prior work",true
unit_002154,nature_remote_sensing_review_0028,Nature,2025,line_comment,moderate,manuscript claim or supporting evidence,"Spatial data, resolution, and product coverage",true
unit_002155,nature_remote_sensing_review_0028,Nature,2025,line_comment,moderate,manuscript claim or supporting evidence,"Methods, results, discussion structure, and explanatory clarity",true
unit_002156,nature_remote_sensing_review_0028,Nature,2025,line_comment,moderate,manuscript claim or supporting evidence,"Figures, extended data, and evidentiary display",true
unit_002157,nature_remote_sensing_review_0028,Nature,2025,revision_assessment,moderate,manuscript claim or supporting evidence,"Concern resolution, code, publication readiness, and reproducibility",true
unit_002158,nature_remote_sensing_review_0028,Nature,2025,moderate_concern,moderate,manuscript claim or supporting evidence,"Methods, results, discussion structure, and explanatory clarity",true
unit_002159,nature_remote_sensing_review_0029,Nature,2025,contribution_assessment,major,manuscript claim or supporting evidence,"Methods, results, discussion structure, and explanatory clarity",true
unit_002160,nature_remote_sensing_review_0029,Nature,2025,moderate_concern,moderate,manuscript claim or supporting evidence,"Methods, results, discussion structure, and explanatory clarity",true
unit_002161,nature_remote_sensing_review_0029,Nature,2025,moderate_concern,moderate,global generalization,"Figures, extended data, and evidentiary display",true
unit_002162,nature_remote_sensing_review_0029,Nature,2025,minor_comment,minor,manuscript claim or supporting evidence,"Methods, results, discussion structure, and explanatory clarity",true
unit_002163,nature_remote_sensing_review_0029,Nature,2025,moderate_concern,moderate,manuscript claim or supporting evidence,"Spatial data, resolution, and product coverage",true
unit_002164,nature_remote_sensing_review_0029,Nature,2025,moderate_concern,moderate,manuscript claim or supporting evidence,"Long-term time series, climate variability, and trend interpretation",true
unit_002165,nature_remote_sensing_review_0029,Nature,2025,contribution_assessment,minor,"global generalization, table evidence","Spatial data, resolution, and product coverage",true
unit_002166,nature_remote_sensing_review_0029,Nature,2025,contribution_assessment,major,manuscript claim or supporting evidence,"Concern resolution, code, publication readiness, and reproducibility",true
unit_002167,nature_remote_sensing_review_0029,Nature,2025,moderate_concern,moderate,manuscript claim or supporting evidence,"Methods, results, discussion structure, and explanatory clarity",true
unit_002168,nature_remote_sensing_review_0029,Nature,2025,moderate_concern,moderate,product validity,"Methods, results, discussion structure, and explanatory clarity",true
unit_002169,nature_remote_sensing_review_0029,Nature,2025,moderate_concern,moderate,manuscript claim or supporting evidence,"Methods, results, discussion structure, and explanatory clarity",true
unit_002170,nature_remote_sensing_review_0029,Nature,2025,minor_comment,minor,manuscript claim or supporting evidence,"Figures, extended data, and evidentiary display",true
unit_002171,nature_remote_sensing_review_0029,Nature,2025,contribution_assessment,moderate,"global generalization, novelty claim, methodological support","Spatial data, resolution, and product coverage",true
unit_002172,nature_remote_sensing_review_0029,Nature,2025,contribution_assessment,moderate,novelty claim,C3/C4 vegetation coverage and biome classification,true
unit_002173,nature_remote_sensing_review_0029,Nature,2025,contribution_assessment,moderate,model performance,"Long-term time series, climate variability, and trend interpretation",true
unit_002174,nature_remote_sensing_review_0029,Nature,2025,contribution_assessment,moderate,"model performance, methodological support","Long-term time series, climate variability, and trend interpretation",true
unit_002175,nature_remote_sensing_review_0029,Nature,2025,moderate_concern,moderate,model performance,"Methods, results, discussion structure, and explanatory clarity",true
unit_002176,nature_remote_sensing_review_0029,Nature,2025,contribution_assessment,moderate,"trend interpretation, methodological support, algorithm validity","Long-term time series, climate variability, and trend interpretation",true
unit_002177,nature_remote_sensing_review_0029,Nature,2025,moderate_concern,moderate,manuscript claim or supporting evidence,"Spatial data, resolution, and product coverage",true
unit_002178,nature_remote_sensing_review_0029,Nature,2025,moderate_concern,moderate,manuscript claim or supporting evidence,"Long-term time series, climate variability, and trend interpretation",true
unit_002179,nature_remote_sensing_review_0029,Nature,2025,moderate_concern,moderate,manuscript claim or supporting evidence,"Long-term time series, climate variability, and trend interpretation",true
unit_002180,nature_remote_sensing_review_0029,Nature,2025,figure_or_table_comment,moderate,manuscript claim or supporting evidence,"Figures, extended data, and evidentiary display",true
unit_002181,nature_remote_sensing_review_0029,Nature,2025,moderate_concern,moderate,global generalization,"Machine learning, model performance, and generalization",true
unit_002182,nature_remote_sensing_review_0029,Nature,2025,minor_comment,minor,methodological support,"Spatial data, resolution, and product coverage",true
unit_002183,nature_remote_sensing_review_0029,Nature,2025,minor_comment,minor,methodological support,"Concern resolution, code, publication readiness, and reproducibility",true
unit_002184,nature_remote_sensing_review_0029,Nature,2025,minor_comment,minor,manuscript claim or supporting evidence,"Long-term time series, climate variability, and trend interpretation",true
unit_002185,nature_remote_sensing_review_0029,Nature,2025,contribution_assessment,minor,"global generalization, product validity, methodological support","Methods, results, discussion structure, and explanatory clarity",true
unit_002186,nature_remote_sensing_review_0029,Nature,2025,moderate_concern,moderate,product validity,"Spatial data, resolution, and product coverage",true
unit_002187,nature_remote_sensing_review_0029,Nature,2025,minor_comment,minor,trend interpretation,"Long-term time series, climate variability, and trend interpretation",true
unit_002188,nature_remote_sensing_review_0029,Nature,2025,moderate_concern,moderate,manuscript claim or supporting evidence,"Methods, results, discussion structure, and explanatory clarity",true
unit_002189,nature_remote_sensing_review_0029,Nature,2025,minor_comment,minor,manuscript claim or supporting evidence,"Methods, results, discussion structure, and explanatory clarity",true
unit_002190,nature_remote_sensing_review_0029,Nature,2025,moderate_concern,moderate,manuscript claim or supporting evidence,"Methods, results, discussion structure, and explanatory clarity",true
unit_002191,nature_remote_sensing_review_0029,Nature,2025,moderate_concern,moderate,manuscript claim or supporting evidence,"Methods, results, discussion structure, and explanatory clarity",true
unit_002192,nature_remote_sensing_review_0029,Nature,2025,moderate_concern,moderate,manuscript claim or supporting evidence,"Methods, results, discussion structure, and explanatory clarity",true
unit_002193,nature_remote_sensing_review_0029,Nature,2025,moderate_concern,moderate,trend interpretation,"Long-term time series, climate variability, and trend interpretation",true
unit_002194,nature_remote_sensing_review_0029,Nature,2025,minor_comment,minor,manuscript claim or supporting evidence,"Long-term time series, climate variability, and trend interpretation",true
unit_002195,nature_remote_sensing_review_0029,Nature,2025,moderate_concern,moderate,model performance,"Long-term time series, climate variability, and trend interpretation",true
unit_002196,nature_remote_sensing_review_0029,Nature,2025,minor_comment,minor,model performance,"Long-term time series, climate variability, and trend interpretation",true
unit_002197,nature_remote_sensing_review_0029,Nature,2025,figure_or_table_comment,moderate,figure evidence,"Spatial data, resolution, and product coverage",true
unit_002198,nature_remote_sensing_review_0029,Nature,2025,figure_or_table_comment,minor,"global generalization, figure evidence","Spatial data, resolution, and product coverage",true
unit_002199,nature_remote_sensing_review_0029,Nature,2025,moderate_concern,moderate,manuscript claim or supporting evidence,"Methods, results, discussion structure, and explanatory clarity",true
unit_002200,nature_remote_sensing_review_0029,Nature,2025,figure_or_table_comment,moderate,"model performance, figure evidence","Spatial data, resolution, and product coverage",true
unit_002201,nature_remote_sensing_review_0029,Nature,2025,contribution_assessment,moderate,"novelty claim, table evidence","Remote-sensing context, citation positioning, and prior work",true
unit_002202,nature_remote_sensing_review_0029,Nature,2025,minor_comment,minor,manuscript claim or supporting evidence,"Spatial data, resolution, and product coverage",true
unit_002203,nature_remote_sensing_review_0029,Nature,2025,figure_or_table_comment,minor,figure evidence,"Spatial data, resolution, and product coverage",true
unit_002204,nature_remote_sensing_review_0029,Nature,2025,line_comment,moderate,manuscript claim or supporting evidence,"Amazon, forest cover, land-use pressure, and forest resilience",true
unit_002205,nature_remote_sensing_review_0029,Nature,2025,moderate_concern,moderate,manuscript claim or supporting evidence,"Figures, extended data, and evidentiary display",true
unit_002206,nature_remote_sensing_review_0029,Nature,2025,contribution_assessment,moderate,global generalization,"Machine learning, model performance, and generalization",true
unit_002207,nature_remote_sensing_review_0029,Nature,2025,figure_or_table_comment,major,"global generalization, figure evidence","Spatial data, resolution, and product coverage",true
unit_002208,nature_remote_sensing_review_0029,Nature,2025,moderate_concern,moderate,manuscript claim or supporting evidence,"Tree cover, land cover, land-use change, and mapping definitions",true
unit_002209,nature_remote_sensing_review_0029,Nature,2025,line_comment,moderate,model performance,"Spatial data, resolution, and product coverage",true
unit_002210,nature_remote_sensing_review_0029,Nature,2025,line_comment,moderate,manuscript claim or supporting evidence,"Methods, results, discussion structure, and explanatory clarity",true
unit_002211,nature_remote_sensing_review_0029,Nature,2025,line_comment,moderate,figure evidence,"Long-term time series, climate variability, and trend interpretation",true
unit_002212,nature_remote_sensing_review_0029,Nature,2025,major_concern,major,manuscript claim or supporting evidence,"Methods, results, discussion structure, and explanatory clarity",true
unit_002213,nature_remote_sensing_review_0029,Nature,2025,moderate_concern,moderate,manuscript claim or supporting evidence,"Figures, extended data, and evidentiary display",true
unit_002214,nature_remote_sensing_review_0029,Nature,2025,moderate_concern,moderate,figure evidence,"Figures, extended data, and evidentiary display",true
unit_002215,nature_remote_sensing_review_0029,Nature,2025,minor_comment,minor,methodological support,"Remote-sensing context, citation positioning, and prior work",true
unit_002216,nature_remote_sensing_review_0030,Nature,2025,contribution_assessment,moderate,"uncertainty claim, model performance, table evidence","Spatial data, resolution, and product coverage",true
unit_002217,nature_remote_sensing_review_0030,Nature,2025,moderate_concern,moderate,methodological support,"Spatial data, resolution, and product coverage",true
unit_002218,nature_remote_sensing_review_0030,Nature,2025,minor_comment,minor,manuscript claim or supporting evidence,"Methods, results, discussion structure, and explanatory clarity",true
unit_002219,nature_remote_sensing_review_0030,Nature,2025,contribution_assessment,moderate,manuscript claim or supporting evidence,"Spatial data, resolution, and product coverage",true
unit_002220,nature_remote_sensing_review_0030,Nature,2025,contribution_assessment,moderate,model performance,"Spatial data, resolution, and product coverage",true
unit_002221,nature_remote_sensing_review_0030,Nature,2025,moderate_concern,moderate,figure evidence,"Figures, extended data, and evidentiary display",true
unit_002222,nature_remote_sensing_review_0030,Nature,2025,moderate_concern,moderate,manuscript claim or supporting evidence,"Long-term time series, climate variability, and trend interpretation",true
unit_002223,nature_remote_sensing_review_0030,Nature,2025,minor_comment,minor,manuscript claim or supporting evidence,"Methods, results, discussion structure, and explanatory clarity",true
unit_002224,nature_remote_sensing_review_0030,Nature,2025,line_comment,moderate,manuscript claim or supporting evidence,"Methods, results, discussion structure, and explanatory clarity",true
unit_002225,nature_remote_sensing_review_0030,Nature,2025,line_comment,moderate,manuscript claim or supporting evidence,"Methods, results, discussion structure, and explanatory clarity",true
unit_002226,nature_remote_sensing_review_0030,Nature,2025,line_comment,moderate,manuscript claim or supporting evidence,"Methods, results, discussion structure, and explanatory clarity",true
unit_002227,nature_remote_sensing_review_0030,Nature,2025,line_comment,moderate,manuscript claim or supporting evidence,"Sea level, vertical land motion, InSAR, and coastal elevation change",true
unit_002228,nature_remote_sensing_review_0030,Nature,2025,figure_or_table_comment,moderate,figure evidence,"Spatial data, resolution, and product coverage",true
unit_002229,nature_remote_sensing_review_0030,Nature,2025,line_comment,moderate,manuscript claim or supporting evidence,"Urban, inter-city, and SDG-impact interpretation",true
unit_002230,nature_remote_sensing_review_0030,Nature,2025,figure_or_table_comment,moderate,figure evidence,"Figures, extended data, and evidentiary display",true
unit_002231,nature_remote_sensing_review_0030,Nature,2025,figure_or_table_comment,moderate,figure evidence,"Figures, extended data, and evidentiary display",true
unit_002232,nature_remote_sensing_review_0030,Nature,2025,figure_or_table_comment,moderate,figure evidence,"Figures, extended data, and evidentiary display",true
unit_002233,nature_remote_sensing_review_0030,Nature,2025,figure_or_table_comment,moderate,figure evidence,"Figures, extended data, and evidentiary display",true
unit_002234,nature_remote_sensing_review_0030,Nature,2025,line_comment,moderate,manuscript claim or supporting evidence,"Methods, results, discussion structure, and explanatory clarity",true
unit_002235,nature_remote_sensing_review_0030,Nature,2025,line_comment,moderate,manuscript claim or supporting evidence,"Methods, results, discussion structure, and explanatory clarity",true
unit_002236,nature_remote_sensing_review_0030,Nature,2025,line_comment,moderate,manuscript claim or supporting evidence,"Methods, results, discussion structure, and explanatory clarity",true
unit_002237,nature_remote_sensing_review_0030,Nature,2025,line_comment,moderate,model performance,"Methods, results, discussion structure, and explanatory clarity",true
unit_002238,nature_remote_sensing_review_0030,Nature,2025,line_comment,moderate,figure evidence,"Figures, extended data, and evidentiary display",true
unit_002239,nature_remote_sensing_review_0030,Nature,2025,line_comment,moderate,manuscript claim or supporting evidence,"Methods, results, discussion structure, and explanatory clarity",true
unit_002240,nature_remote_sensing_review_0030,Nature,2025,contribution_assessment,moderate,"global generalization, table evidence, methodological support","Spatial data, resolution, and product coverage",true
unit_002241,nature_remote_sensing_review_0030,Nature,2025,moderate_concern,moderate,manuscript claim or supporting evidence,"Methods, results, discussion structure, and explanatory clarity",true
unit_002242,nature_remote_sensing_review_0030,Nature,2025,moderate_concern,moderate,model performance,"Spatial data, resolution, and product coverage",true
unit_002243,nature_remote_sensing_review_0030,Nature,2025,moderate_concern,moderate,methodological support,"Methods, results, discussion structure, and explanatory clarity",true
unit_002244,nature_remote_sensing_review_0030,Nature,2025,contribution_assessment,major,"causal or attribution claim, model performance","Methods, results, discussion structure, and explanatory clarity",true
unit_002245,nature_remote_sensing_review_0030,Nature,2025,moderate_concern,moderate,manuscript claim or supporting evidence,"Machine learning, model performance, and generalization",true
unit_002246,nature_remote_sensing_review_0030,Nature,2025,figure_or_table_comment,major,table evidence,"Figures, extended data, and evidentiary display",true
unit_002247,nature_remote_sensing_review_0030,Nature,2025,minor_comment,minor,"uncertainty claim, figure evidence","Figures, extended data, and evidentiary display",true
unit_002248,nature_remote_sensing_review_0030,Nature,2025,contribution_assessment,minor,"model performance, methodological support","Methods, results, discussion structure, and explanatory clarity",true
unit_002249,nature_remote_sensing_review_0030,Nature,2025,moderate_concern,moderate,"trend interpretation, causal or attribution claim","Long-term time series, climate variability, and trend interpretation",true
unit_002250,nature_remote_sensing_review_0030,Nature,2025,figure_or_table_comment,minor,"product validity, model performance, figure evidence","Machine learning, model performance, and generalization",true
unit_002251,nature_remote_sensing_review_0030,Nature,2025,contribution_assessment,minor,"global generalization, model performance","Long-term time series, climate variability, and trend interpretation",true
unit_002252,nature_remote_sensing_review_0030,Nature,2025,figure_or_table_comment,minor,"model performance, figure evidence","Long-term time series, climate variability, and trend interpretation",true
unit_002253,nature_remote_sensing_review_0030,Nature,2025,line_comment,moderate,model performance,"Spatial data, resolution, and product coverage",true
unit_002254,nature_remote_sensing_review_0030,Nature,2025,minor_comment,minor,"model performance, methodological support","Figures, extended data, and evidentiary display",true
unit_002255,nature_remote_sensing_review_0030,Nature,2025,minor_comment,minor,manuscript claim or supporting evidence,"Methods, results, discussion structure, and explanatory clarity",true
unit_002256,nature_remote_sensing_review_0030,Nature,2025,line_comment,moderate,manuscript claim or supporting evidence,"Figures, extended data, and evidentiary display",true
unit_002257,nature_remote_sensing_review_0030,Nature,2025,line_comment,moderate,manuscript claim or supporting evidence,"Long-term time series, climate variability, and trend interpretation",true
unit_002258,nature_remote_sensing_review_0030,Nature,2025,line_comment,moderate,"model performance, methodological support","Methods, results, discussion structure, and explanatory clarity",true
unit_002259,nature_remote_sensing_review_0030,Nature,2025,line_comment,minor,manuscript claim or supporting evidence,"River, water storage, sediment, tidal, and hydraulic interpretation",true
unit_002260,nature_remote_sensing_review_0030,Nature,2025,line_comment,moderate,manuscript claim or supporting evidence,"Glacier, ocean mass, mass balance, and cryosphere change",true
unit_002261,nature_remote_sensing_review_0030,Nature,2025,line_comment,moderate,trend interpretation,"Long-term time series, climate variability, and trend interpretation",true
unit_002262,nature_remote_sensing_review_0030,Nature,2025,line_comment,moderate,table evidence,"Figures, extended data, and evidentiary display",true
unit_002263,nature_remote_sensing_review_0030,Nature,2025,line_comment,moderate,model performance,"Methods, results, discussion structure, and explanatory clarity",true
unit_002264,nature_remote_sensing_review_0030,Nature,2025,line_comment,moderate,model performance,"River, water storage, sediment, tidal, and hydraulic interpretation",true
unit_002265,nature_remote_sensing_review_0030,Nature,2025,line_comment,moderate,manuscript claim or supporting evidence,"Remote-sensing context, citation positioning, and prior work",true
unit_002266,nature_remote_sensing_review_0030,Nature,2025,line_comment,moderate,manuscript claim or supporting evidence,"Methods, results, discussion structure, and explanatory clarity",true
unit_002267,nature_remote_sensing_review_0030,Nature,2025,line_comment,minor,manuscript claim or supporting evidence,"Remote-sensing context, citation positioning, and prior work",true
unit_002268,nature_remote_sensing_review_0030,Nature,2025,line_comment,moderate,"uncertainty claim, model performance, methodological support","Methods, results, discussion structure, and explanatory clarity",true
unit_002269,nature_remote_sensing_review_0030,Nature,2025,line_comment,minor,model performance,"River, water storage, sediment, tidal, and hydraulic interpretation",true
unit_002270,nature_remote_sensing_review_0030,Nature,2025,line_comment,moderate,manuscript claim or supporting evidence,"Methods, results, discussion structure, and explanatory clarity",true
unit_002271,nature_remote_sensing_review_0030,Nature,2025,line_comment,moderate,manuscript claim or supporting evidence,"Methods, results, discussion structure, and explanatory clarity",true
unit_002272,nature_remote_sensing_review_0030,Nature,2025,line_comment,moderate,model performance,"Methods, results, discussion structure, and explanatory clarity",true
unit_002273,nature_remote_sensing_review_0030,Nature,2025,line_comment,moderate,uncertainty claim,"Methods, results, discussion structure, and explanatory clarity",true
unit_002274,nature_remote_sensing_review_0030,Nature,2025,contribution_assessment,moderate,manuscript claim or supporting evidence,"Methods, results, discussion structure, and explanatory clarity",true
unit_002275,nature_remote_sensing_review_0030,Nature,2025,line_comment,moderate,manuscript claim or supporting evidence,"Methods, results, discussion structure, and explanatory clarity",true
unit_002276,nature_remote_sensing_review_0030,Nature,2025,line_comment,moderate,manuscript claim or supporting evidence,"Spatial data, resolution, and product coverage",true
unit_002277,nature_remote_sensing_review_0030,Nature,2025,moderate_concern,moderate,manuscript claim or supporting evidence,"Concern resolution, code, publication readiness, and reproducibility",true
unit_002278,nature_remote_sensing_review_0030,Nature,2025,moderate_concern,moderate,manuscript claim or supporting evidence,"Concern resolution, code, publication readiness, and reproducibility",true
unit_002279,nature_remote_sensing_review_0030,Nature,2025,revision_assessment,minor,"causal or attribution claim, global generalization, model performance","Concern resolution, code, publication readiness, and reproducibility",true
unit_002280,nature_remote_sensing_review_0030,Nature,2025,contribution_assessment,moderate,"figure evidence, methodological support","Remote-sensing context, citation positioning, and prior work",true
unit_002281,nature_remote_sensing_review_0030,Nature,2025,contribution_assessment,minor,"novelty claim, model performance, methodological support","Remote-sensing context, citation positioning, and prior work",true
unit_002282,nature_remote_sensing_review_0030,Nature,2025,moderate_concern,moderate,manuscript claim or supporting evidence,"Methods, results, discussion structure, and explanatory clarity",true
unit_002283,nature_remote_sensing_review_0030,Nature,2025,contribution_assessment,moderate,methodological support,"Remote-sensing context, citation positioning, and prior work",true
unit_002284,nature_remote_sensing_review_0030,Nature,2025,moderate_concern,moderate,model performance,"Methods, results, discussion structure, and explanatory clarity",true
unit_002285,nature_remote_sensing_review_0030,Nature,2025,moderate_concern,moderate,manuscript claim or supporting evidence,"Remote-sensing context, citation positioning, and prior work",true
unit_002286,nature_remote_sensing_review_0030,Nature,2025,moderate_concern,moderate,methodological support,"Spatial data, resolution, and product coverage",true
unit_002287,nature_remote_sensing_review_0030,Nature,2025,moderate_concern,moderate,"global generalization, uncertainty claim","Spatial data, resolution, and product coverage",true
unit_002288,nature_remote_sensing_review_0030,Nature,2025,moderate_concern,moderate,manuscript claim or supporting evidence,"Concern resolution, code, publication readiness, and reproducibility",true
unit_002289,nature_remote_sensing_review_0030,Nature,2025,moderate_concern,moderate,methodological support,"Methods, results, discussion structure, and explanatory clarity",true
unit_002290,nature_remote_sensing_review_0030,Nature,2025,revision_assessment,moderate,manuscript claim or supporting evidence,"Concern resolution, code, publication readiness, and reproducibility",true
unit_002291,nature_remote_sensing_review_0030,Nature,2025,moderate_concern,moderate,manuscript claim or supporting evidence,"Sea level, vertical land motion, InSAR, and coastal elevation change",true
unit_002292,nature_remote_sensing_review_0030,Nature,2025,revision_assessment,minor,manuscript claim or supporting evidence,"Concern resolution, code, publication readiness, and reproducibility",true
unit_002293,nature_remote_sensing_review_0030,Nature,2025,revision_assessment,minor,methodological support,"Methods, results, discussion structure, and explanatory clarity",true
unit_002294,nature_remote_sensing_review_0030,Nature,2025,moderate_concern,moderate,manuscript claim or supporting evidence,"Sea level, vertical land motion, InSAR, and coastal elevation change",true
unit_002295,nature_remote_sensing_review_0030,Nature,2025,moderate_concern,moderate,manuscript claim or supporting evidence,"Methods, results, discussion structure, and explanatory clarity",true
unit_002296,nature_remote_sensing_review_0030,Nature,2025,major_concern,major,manuscript claim or supporting evidence,"Spatial data, resolution, and product coverage",true
unit_002297,nature_remote_sensing_review_0030,Nature,2025,moderate_concern,moderate,manuscript claim or supporting evidence,"Methods, results, discussion structure, and explanatory clarity",true
unit_002298,nature_remote_sensing_review_0030,Nature,2025,moderate_concern,moderate,manuscript claim or supporting evidence,"Spatial data, resolution, and product coverage",true
unit_002299,nature_remote_sensing_review_0030,Nature,2025,moderate_concern,moderate,trend interpretation,"Long-term time series, climate variability, and trend interpretation",true
unit_002300,nature_remote_sensing_review_0030,Nature,2025,major_concern,major,"causal or attribution claim, product validity","Remote-sensing context, citation positioning, and prior work",true
unit_002301,nature_remote_sensing_review_0030,Nature,2025,moderate_concern,moderate,manuscript claim or supporting evidence,"Methods, results, discussion structure, and explanatory clarity",true
unit_002302,nature_remote_sensing_review_0031,Nature,2025,moderate_concern,moderate,global generalization,"Emission, source attribution, and plume-like inference",true
unit_002303,nature_remote_sensing_review_0031,Nature,2025,moderate_concern,moderate,global generalization,"Long-term time series, climate variability, and trend interpretation",true
unit_002304,nature_remote_sensing_review_0031,Nature,2025,minor_comment,minor,product validity,"Figures, extended data, and evidentiary display",true
unit_002305,nature_remote_sensing_review_0031,Nature,2025,minor_comment,minor,manuscript claim or supporting evidence,"Figures, extended data, and evidentiary display",true
unit_002306,nature_remote_sensing_review_0031,Nature,2025,moderate_concern,moderate,manuscript claim or supporting evidence,"Methods, results, discussion structure, and explanatory clarity",true
unit_002307,nature_remote_sensing_review_0031,Nature,2025,moderate_concern,moderate,manuscript claim or supporting evidence,"Emission, source attribution, and plume-like inference",true
unit_002308,nature_remote_sensing_review_0031,Nature,2025,minor_comment,minor,manuscript claim or supporting evidence,"Emission, source attribution, and plume-like inference",true
unit_002309,nature_remote_sensing_review_0031,Nature,2025,contribution_assessment,minor,"global generalization, model performance","Spatial data, resolution, and product coverage",true
unit_002310,nature_remote_sensing_review_0031,Nature,2025,contribution_assessment,major,global generalization,"Methods, results, discussion structure, and explanatory clarity",true
unit_002311,nature_remote_sensing_review_0031,Nature,2025,moderate_concern,moderate,"product validity, methodological support","Methods, results, discussion structure, and explanatory clarity",true
unit_002312,nature_remote_sensing_review_0031,Nature,2025,contribution_assessment,minor,manuscript claim or supporting evidence,"Spatial data, resolution, and product coverage",true
unit_002313,nature_remote_sensing_review_0031,Nature,2025,contribution_assessment,moderate,methodological support,"Concern resolution, code, publication readiness, and reproducibility",true
unit_002314,nature_remote_sensing_review_0031,Nature,2025,moderate_concern,moderate,global generalization,"Figures, extended data, and evidentiary display",true
unit_002315,nature_remote_sensing_review_0031,Nature,2025,contribution_assessment,moderate,global generalization,"Emission, source attribution, and plume-like inference",true
unit_002316,nature_remote_sensing_review_0031,Nature,2025,contribution_assessment,moderate,manuscript claim or supporting evidence,"Emission, source attribution, and plume-like inference",true
unit_002317,nature_remote_sensing_review_0031,Nature,2025,line_comment,moderate,manuscript claim or supporting evidence,"Emission, source attribution, and plume-like inference",true
unit_002318,nature_remote_sensing_review_0031,Nature,2025,moderate_concern,moderate,manuscript claim or supporting evidence,"Emission, source attribution, and plume-like inference",true
unit_002319,nature_remote_sensing_review_0031,Nature,2025,contribution_assessment,moderate,manuscript claim or supporting evidence,"Emission, source attribution, and plume-like inference",true
unit_002320,nature_remote_sensing_review_0031,Nature,2025,moderate_concern,moderate,manuscript claim or supporting evidence,"Methods, results, discussion structure, and explanatory clarity",true
unit_002321,nature_remote_sensing_review_0031,Nature,2025,moderate_concern,moderate,manuscript claim or supporting evidence,"Emission, source attribution, and plume-like inference",true
unit_002322,nature_remote_sensing_review_0031,Nature,2025,line_comment,minor,manuscript claim or supporting evidence,"Emission, source attribution, and plume-like inference",true
unit_002323,nature_remote_sensing_review_0031,Nature,2025,line_comment,minor,manuscript claim or supporting evidence,"Methods, results, discussion structure, and explanatory clarity",true
unit_002324,nature_remote_sensing_review_0031,Nature,2025,line_comment,moderate,manuscript claim or supporting evidence,"Emission, source attribution, and plume-like inference",true
unit_002325,nature_remote_sensing_review_0031,Nature,2025,line_comment,moderate,manuscript claim or supporting evidence,"Emission, source attribution, and plume-like inference",true
unit_002326,nature_remote_sensing_review_0031,Nature,2025,line_comment,moderate,manuscript claim or supporting evidence,"Emission, source attribution, and plume-like inference",true
unit_002327,nature_remote_sensing_review_0031,Nature,2025,line_comment,moderate,manuscript claim or supporting evidence,"Emission, source attribution, and plume-like inference",true
unit_002328,nature_remote_sensing_review_0031,Nature,2025,figure_or_table_comment,moderate,figure evidence,"Figures, extended data, and evidentiary display",true
unit_002329,nature_remote_sensing_review_0031,Nature,2025,line_comment,moderate,figure evidence,"Figures, extended data, and evidentiary display",true
unit_002330,nature_remote_sensing_review_0031,Nature,2025,line_comment,moderate,manuscript claim or supporting evidence,"Emission, source attribution, and plume-like inference",true
unit_002331,nature_remote_sensing_review_0031,Nature,2025,line_comment,minor,manuscript claim or supporting evidence,"Methods, results, discussion structure, and explanatory clarity",true
unit_002332,nature_remote_sensing_review_0031,Nature,2025,line_comment,minor,manuscript claim or supporting evidence,"Methods, results, discussion structure, and explanatory clarity",true
unit_002333,nature_remote_sensing_review_0031,Nature,2025,line_comment,moderate,manuscript claim or supporting evidence,"Urban, inter-city, and SDG-impact interpretation",true
unit_002334,nature_remote_sensing_review_0031,Nature,2025,line_comment,moderate,uncertainty claim,"Emission, source attribution, and plume-like inference",true
unit_002335,nature_remote_sensing_review_0031,Nature,2025,contribution_assessment,moderate,uncertainty claim,"Concern resolution, code, publication readiness, and reproducibility",true
unit_002336,nature_remote_sensing_review_0031,Nature,2025,moderate_concern,moderate,model performance,"Emission, source attribution, and plume-like inference",true
unit_002337,nature_remote_sensing_review_0031,Nature,2025,moderate_concern,moderate,manuscript claim or supporting evidence,"Methods, results, discussion structure, and explanatory clarity",true
unit_002338,nature_remote_sensing_review_0031,Nature,2025,contribution_assessment,minor,model performance,"Methods, results, discussion structure, and explanatory clarity",true
unit_002339,nature_remote_sensing_review_0031,Nature,2025,contribution_assessment,minor,manuscript claim or supporting evidence,"Emission, source attribution, and plume-like inference",true
unit_002340,nature_remote_sensing_review_0031,Nature,2025,minor_comment,minor,manuscript claim or supporting evidence,"Methods, results, discussion structure, and explanatory clarity",true
unit_002341,nature_remote_sensing_review_0031,Nature,2025,minor_comment,minor,manuscript claim or supporting evidence,"Methods, results, discussion structure, and explanatory clarity",true
unit_002342,nature_remote_sensing_review_0031,Nature,2025,contribution_assessment,moderate,methodological support,"Methods, results, discussion structure, and explanatory clarity",true
unit_002343,nature_remote_sensing_review_0031,Nature,2025,line_comment,minor,manuscript claim or supporting evidence,"Emission, source attribution, and plume-like inference",true
unit_002344,nature_remote_sensing_review_0031,Nature,2025,line_comment,minor,manuscript claim or supporting evidence,"Emission, source attribution, and plume-like inference",true
unit_002345,nature_remote_sensing_review_0031,Nature,2025,line_comment,moderate,manuscript claim or supporting evidence,"Methods, results, discussion structure, and explanatory clarity",true
unit_002346,nature_remote_sensing_review_0031,Nature,2025,line_comment,moderate,manuscript claim or supporting evidence,"Emission, source attribution, and plume-like inference",true
unit_002347,nature_remote_sensing_review_0031,Nature,2025,line_comment,moderate,manuscript claim or supporting evidence,"Emission, source attribution, and plume-like inference",true
unit_002348,nature_remote_sensing_review_0031,Nature,2025,line_comment,moderate,manuscript claim or supporting evidence,"Methods, results, discussion structure, and explanatory clarity",true
unit_002349,nature_remote_sensing_review_0031,Nature,2025,line_comment,moderate,table evidence,"Remote-sensing context, citation positioning, and prior work",true
unit_002350,nature_remote_sensing_review_0031,Nature,2025,line_comment,minor,model performance,"Methods, results, discussion structure, and explanatory clarity",true
unit_002351,nature_remote_sensing_review_0031,Nature,2025,line_comment,moderate,manuscript claim or supporting evidence,"Methods, results, discussion structure, and explanatory clarity",true
unit_002352,nature_remote_sensing_review_0031,Nature,2025,line_comment,moderate,manuscript claim or supporting evidence,"Emission, source attribution, and plume-like inference",true
unit_002353,nature_remote_sensing_review_0031,Nature,2025,line_comment,moderate,manuscript claim or supporting evidence,"Methods, results, discussion structure, and explanatory clarity",true
unit_002354,nature_remote_sensing_review_0031,Nature,2025,line_comment,moderate,manuscript claim or supporting evidence,"Methods, results, discussion structure, and explanatory clarity",true
unit_002355,nature_remote_sensing_review_0031,Nature,2025,line_comment,minor,manuscript claim or supporting evidence,"Methods, results, discussion structure, and explanatory clarity",true
unit_002356,nature_remote_sensing_review_0031,Nature,2025,line_comment,minor,manuscript claim or supporting evidence,"Emission, source attribution, and plume-like inference",true
unit_002357,nature_remote_sensing_review_0031,Nature,2025,line_comment,moderate,manuscript claim or supporting evidence,"Methods, results, discussion structure, and explanatory clarity",true
unit_002358,nature_remote_sensing_review_0031,Nature,2025,line_comment,moderate,manuscript claim or supporting evidence,"Remote-sensing context, citation positioning, and prior work",true
unit_002359,nature_remote_sensing_review_0031,Nature,2025,line_comment,moderate,manuscript claim or supporting evidence,"Methods, results, discussion structure, and explanatory clarity",true
unit_002360,nature_remote_sensing_review_0031,Nature,2025,line_comment,moderate,uncertainty claim,"Methods, results, discussion structure, and explanatory clarity",true
unit_002361,nature_remote_sensing_review_0031,Nature,2025,line_comment,moderate,manuscript claim or supporting evidence,"Methods, results, discussion structure, and explanatory clarity",true
unit_002362,nature_remote_sensing_review_0031,Nature,2025,line_comment,moderate,manuscript claim or supporting evidence,"Concern resolution, code, publication readiness, and reproducibility",true
unit_002363,nature_remote_sensing_review_0031,Nature,2025,contribution_assessment,minor,"global generalization, novelty claim","Methods, results, discussion structure, and explanatory clarity",true
unit_002364,nature_remote_sensing_review_0031,Nature,2025,line_comment,moderate,manuscript claim or supporting evidence,"Methods, results, discussion structure, and explanatory clarity",true
unit_002365,nature_remote_sensing_review_0031,Nature,2025,line_comment,moderate,manuscript claim or supporting evidence,"Methods, results, discussion structure, and explanatory clarity",true
unit_002366,nature_remote_sensing_review_0031,Nature,2025,line_comment,minor,global generalization,"Methods, results, discussion structure, and explanatory clarity",true
unit_002367,nature_remote_sensing_review_0031,Nature,2025,line_comment,minor,global generalization,"Spatial data, resolution, and product coverage",true
unit_002368,nature_remote_sensing_review_0031,Nature,2025,moderate_concern,moderate,global generalization,"Figures, extended data, and evidentiary display",true
unit_002369,nature_remote_sensing_review_0031,Nature,2025,minor_comment,minor,manuscript claim or supporting evidence,"Spatial data, resolution, and product coverage",true
unit_002370,nature_remote_sensing_review_0031,Nature,2025,line_comment,moderate,manuscript claim or supporting evidence,"Emission, source attribution, and plume-like inference",true
unit_002371,nature_remote_sensing_review_0031,Nature,2025,moderate_concern,moderate,"table evidence, methodological support","Figures, extended data, and evidentiary display",true
unit_002372,nature_remote_sensing_review_0031,Nature,2025,line_comment,minor,manuscript claim or supporting evidence,"Methods, results, discussion structure, and explanatory clarity",true
unit_002373,nature_remote_sensing_review_0031,Nature,2025,line_comment,moderate,model performance,"Emission, source attribution, and plume-like inference",true
unit_002374,nature_remote_sensing_review_0031,Nature,2025,minor_comment,minor,manuscript claim or supporting evidence,"Spatial data, resolution, and product coverage",true
unit_002375,nature_remote_sensing_review_0031,Nature,2025,line_comment,moderate,manuscript claim or supporting evidence,"Emission, source attribution, and plume-like inference",true
unit_002376,nature_remote_sensing_review_0031,Nature,2025,line_comment,moderate,manuscript claim or supporting evidence,"Methods, results, discussion structure, and explanatory clarity",true
unit_002377,nature_remote_sensing_review_0031,Nature,2025,line_comment,moderate,manuscript claim or supporting evidence,"Emission, source attribution, and plume-like inference",true
unit_002378,nature_remote_sensing_review_0031,Nature,2025,line_comment,minor,uncertainty claim,"Concern resolution, code, publication readiness, and reproducibility",true
unit_002379,nature_remote_sensing_review_0031,Nature,2025,revision_assessment,moderate,manuscript claim or supporting evidence,"Methods, results, discussion structure, and explanatory clarity",true
unit_002380,nature_remote_sensing_review_0031,Nature,2025,minor_comment,minor,manuscript claim or supporting evidence,"Spatial data, resolution, and product coverage",true
unit_002381,nature_remote_sensing_review_0031,Nature,2025,minor_comment,minor,manuscript claim or supporting evidence,"Emission, source attribution, and plume-like inference",true
unit_002382,nature_remote_sensing_review_0031,Nature,2025,moderate_concern,moderate,manuscript claim or supporting evidence,"Methods, results, discussion structure, and explanatory clarity",true
unit_002383,nature_remote_sensing_review_0031,Nature,2025,line_comment,moderate,model performance,"Methods, results, discussion structure, and explanatory clarity",true
unit_002384,nature_remote_sensing_review_0031,Nature,2025,line_comment,minor,manuscript claim or supporting evidence,"Methods, results, discussion structure, and explanatory clarity",true
unit_002385,nature_remote_sensing_review_0031,Nature,2025,line_comment,moderate,manuscript claim or supporting evidence,"Emission, source attribution, and plume-like inference",true
unit_002386,nature_remote_sensing_review_0031,Nature,2025,line_comment,moderate,manuscript claim or supporting evidence,"Methods, results, discussion structure, and explanatory clarity",true
unit_002387,nature_remote_sensing_review_0031,Nature,2025,line_comment,moderate,manuscript claim or supporting evidence,"Emission, source attribution, and plume-like inference",true
unit_002388,nature_remote_sensing_review_0031,Nature,2025,line_comment,minor,manuscript claim or supporting evidence,"Spatial data, resolution, and product coverage",true
unit_002389,nature_remote_sensing_review_0031,Nature,2025,line_comment,moderate,manuscript claim or supporting evidence,"Methods, results, discussion structure, and explanatory clarity",true
unit_002390,nature_remote_sensing_review_0031,Nature,2025,line_comment,moderate,manuscript claim or supporting evidence,"Methods, results, discussion structure, and explanatory clarity",true
unit_002391,nature_remote_sensing_review_0031,Nature,2025,figure_or_table_comment,minor,figure evidence,"Figures, extended data, and evidentiary display",true
unit_002392,nature_remote_sensing_review_0031,Nature,2025,minor_comment,minor,product validity,"Concern resolution, code, publication readiness, and reproducibility",true
unit_002393,nature_remote_sensing_review_0031,Nature,2025,moderate_concern,moderate,manuscript claim or supporting evidence,"Concern resolution, code, publication readiness, and reproducibility",true
unit_002394,nature_remote_sensing_review_0031,Nature,2025,contribution_assessment,moderate,global generalization,"Emission, source attribution, and plume-like inference",true
unit_002395,nature_remote_sensing_review_0031,Nature,2025,revision_assessment,moderate,manuscript claim or supporting evidence,"Concern resolution, code, publication readiness, and reproducibility",true
unit_002396,nature_remote_sensing_review_0031,Nature,2025,moderate_concern,moderate,manuscript claim or supporting evidence,"Concern resolution, code, publication readiness, and reproducibility",true
unit_002397,nature_remote_sensing_review_0032,Nature Communications,2025,major_concern,major,methodological support,"Methods, results, discussion structure, and explanatory clarity",true
unit_002398,nature_remote_sensing_review_0032,Nature Communications,2025,minor_comment,minor,manuscript claim or supporting evidence,"Emission, source attribution, and plume-like inference",true
unit_002399,nature_remote_sensing_review_0032,Nature Communications,2025,moderate_concern,moderate,"model performance, methodological support","Methods, results, discussion structure, and explanatory clarity",true
unit_002400,nature_remote_sensing_review_0032,Nature Communications,2025,major_concern,major,manuscript claim or supporting evidence,"Emission, source attribution, and plume-like inference",true
unit_002401,nature_remote_sensing_review_0032,Nature Communications,2025,moderate_concern,moderate,"trend interpretation, global generalization, uncertainty claim","Long-term time series, climate variability, and trend interpretation",true
unit_002402,nature_remote_sensing_review_0032,Nature Communications,2025,contribution_assessment,moderate,manuscript claim or supporting evidence,"Methods, results, discussion structure, and explanatory clarity",true
unit_002403,nature_remote_sensing_review_0032,Nature Communications,2025,minor_comment,minor,global generalization,"Emission, source attribution, and plume-like inference",true
unit_002404,nature_remote_sensing_review_0032,Nature Communications,2025,revision_assessment,minor,global generalization,"Concern resolution, code, publication readiness, and reproducibility",true
unit_002405,nature_remote_sensing_review_0032,Nature Communications,2025,moderate_concern,moderate,"global generalization, model performance, methodological support","Methods, results, discussion structure, and explanatory clarity",true
unit_002406,nature_remote_sensing_review_0032,Nature Communications,2025,contribution_assessment,moderate,manuscript claim or supporting evidence,"Methods, results, discussion structure, and explanatory clarity",true
unit_002407,nature_remote_sensing_review_0032,Nature Communications,2025,moderate_concern,moderate,manuscript claim or supporting evidence,"Emission, source attribution, and plume-like inference",true
unit_002408,nature_remote_sensing_review_0032,Nature Communications,2025,moderate_concern,moderate,manuscript claim or supporting evidence,"Emission, source attribution, and plume-like inference",true
unit_002409,nature_remote_sensing_review_0032,Nature Communications,2025,moderate_concern,moderate,manuscript claim or supporting evidence,"Long-term time series, climate variability, and trend interpretation",true
unit_002410,nature_remote_sensing_review_0032,Nature Communications,2025,moderate_concern,moderate,manuscript claim or supporting evidence,"Long-term time series, climate variability, and trend interpretation",true
unit_002411,nature_remote_sensing_review_0032,Nature Communications,2025,moderate_concern,moderate,manuscript claim or supporting evidence,"Emission, source attribution, and plume-like inference",true
unit_002412,nature_remote_sensing_review_0032,Nature Communications,2025,minor_comment,minor,methodological support,"Methods, results, discussion structure, and explanatory clarity",true
unit_002413,nature_remote_sensing_review_0032,Nature Communications,2025,moderate_concern,moderate,manuscript claim or supporting evidence,"Methods, results, discussion structure, and explanatory clarity",true
unit_002414,nature_remote_sensing_review_0032,Nature Communications,2025,line_comment,moderate,table evidence,"Figures, extended data, and evidentiary display",true
unit_002415,nature_remote_sensing_review_0032,Nature Communications,2025,line_comment,moderate,global generalization,"Emission, source attribution, and plume-like inference",true
unit_002416,nature_remote_sensing_review_0032,Nature Communications,2025,line_comment,moderate,manuscript claim or supporting evidence,"Emission, source attribution, and plume-like inference",true
unit_002417,nature_remote_sensing_review_0032,Nature Communications,2025,line_comment,moderate,manuscript claim or supporting evidence,"Methods, results, discussion structure, and explanatory clarity",true
unit_002418,nature_remote_sensing_review_0032,Nature Communications,2025,line_comment,moderate,manuscript claim or supporting evidence,"Boreal forests, burned area, fire size, and post-fire surface response",true
unit_002419,nature_remote_sensing_review_0032,Nature Communications,2025,line_comment,moderate,manuscript claim or supporting evidence,"Methods, results, discussion structure, and explanatory clarity",true
unit_002420,nature_remote_sensing_review_0032,Nature Communications,2025,line_comment,moderate,manuscript claim or supporting evidence,"Boreal forests, burned area, fire size, and post-fire surface response",true
unit_002421,nature_remote_sensing_review_0032,Nature Communications,2025,line_comment,moderate,manuscript claim or supporting evidence,"Methods, results, discussion structure, and explanatory clarity",true
unit_002422,nature_remote_sensing_review_0032,Nature Communications,2025,revision_assessment,minor,global generalization,"Concern resolution, code, publication readiness, and reproducibility",true
unit_002423,nature_remote_sensing_review_0032,Nature Communications,2025,minor_comment,minor,global generalization,"Emission, source attribution, and plume-like inference",true
unit_002424,nature_remote_sensing_review_0032,Nature Communications,2025,moderate_concern,moderate,global generalization,"Emission, source attribution, and plume-like inference",true
unit_002425,nature_remote_sensing_review_0032,Nature Communications,2025,figure_or_table_comment,moderate,"model performance, table evidence, methodological support","Remote-sensing context, citation positioning, and prior work",true
unit_002426,nature_remote_sensing_review_0032,Nature Communications,2025,figure_or_table_comment,moderate,figure evidence,"Figures, extended data, and evidentiary display",true
unit_002427,nature_remote_sensing_review_0032,Nature Communications,2025,revision_assessment,minor,model performance,"Concern resolution, code, publication readiness, and reproducibility",true
unit_002428,nature_remote_sensing_review_0032,Nature Communications,2025,minor_comment,minor,"global generalization, model performance, figure evidence","Remote-sensing context, citation positioning, and prior work",true
unit_002429,nature_remote_sensing_review_0032,Nature Communications,2025,contribution_assessment,major,"global generalization, model performance","Methods, results, discussion structure, and explanatory clarity",true
unit_002430,nature_remote_sensing_review_0032,Nature Communications,2025,moderate_concern,moderate,"uncertainty claim, model performance","Remote-sensing context, citation positioning, and prior work",true
unit_002431,nature_remote_sensing_review_0032,Nature Communications,2025,revision_assessment,major,uncertainty claim,"Spatial data, resolution, and product coverage",true
unit_002432,nature_remote_sensing_review_0032,Nature Communications,2025,moderate_concern,moderate,manuscript claim or supporting evidence,"Methods, results, discussion structure, and explanatory clarity",true
unit_002433,nature_remote_sensing_review_0032,Nature Communications,2025,line_comment,moderate,manuscript claim or supporting evidence,"Emission, source attribution, and plume-like inference",true
unit_002434,nature_remote_sensing_review_0032,Nature Communications,2025,line_comment,moderate,manuscript claim or supporting evidence,"Methods, results, discussion structure, and explanatory clarity",true
unit_002435,nature_remote_sensing_review_0032,Nature Communications,2025,line_comment,moderate,model performance,"Methods, results, discussion structure, and explanatory clarity",true
unit_002436,nature_remote_sensing_review_0032,Nature Communications,2025,line_comment,moderate,manuscript claim or supporting evidence,"Spatial data, resolution, and product coverage",true
unit_002437,nature_remote_sensing_review_0032,Nature Communications,2025,line_comment,moderate,model performance,"Emission, source attribution, and plume-like inference",true
unit_002438,nature_remote_sensing_review_0032,Nature Communications,2025,line_comment,moderate,manuscript claim or supporting evidence,"Methods, results, discussion structure, and explanatory clarity",true
unit_002439,nature_remote_sensing_review_0032,Nature Communications,2025,line_comment,moderate,manuscript claim or supporting evidence,"Methods, results, discussion structure, and explanatory clarity",true
unit_002440,nature_remote_sensing_review_0032,Nature Communications,2025,line_comment,moderate,manuscript claim or supporting evidence,"Methods, results, discussion structure, and explanatory clarity",true
unit_002441,nature_remote_sensing_review_0032,Nature Communications,2025,line_comment,moderate,manuscript claim or supporting evidence,C3/C4 vegetation coverage and biome classification,true
unit_002442,nature_remote_sensing_review_0032,Nature Communications,2025,line_comment,moderate,manuscript claim or supporting evidence,"Methods, results, discussion structure, and explanatory clarity",true
unit_002443,nature_remote_sensing_review_0032,Nature Communications,2025,line_comment,moderate,manuscript claim or supporting evidence,"Methods, results, discussion structure, and explanatory clarity",true
unit_002444,nature_remote_sensing_review_0032,Nature Communications,2025,line_comment,moderate,model performance,"Emission, source attribution, and plume-like inference",true
unit_002445,nature_remote_sensing_review_0032,Nature Communications,2025,line_comment,moderate,manuscript claim or supporting evidence,"Methods, results, discussion structure, and explanatory clarity",true
unit_002446,nature_remote_sensing_review_0032,Nature Communications,2025,line_comment,moderate,manuscript claim or supporting evidence,"Methods, results, discussion structure, and explanatory clarity",true
unit_002447,nature_remote_sensing_review_0032,Nature Communications,2025,figure_or_table_comment,moderate,figure evidence,"Figures, extended data, and evidentiary display",true
unit_002448,nature_remote_sensing_review_0032,Nature Communications,2025,figure_or_table_comment,moderate,figure evidence,"Figures, extended data, and evidentiary display",true
unit_002449,nature_remote_sensing_review_0032,Nature Communications,2025,figure_or_table_comment,moderate,"figure evidence, table evidence","Figures, extended data, and evidentiary display",true
unit_002450,nature_remote_sensing_review_0032,Nature Communications,2025,contribution_assessment,minor,manuscript claim or supporting evidence,"Boreal forests, burned area, fire size, and post-fire surface response",true
unit_002451,nature_remote_sensing_review_0032,Nature Communications,2025,line_comment,moderate,manuscript claim or supporting evidence,"Emission, source attribution, and plume-like inference",true
unit_002452,nature_remote_sensing_review_0032,Nature Communications,2025,moderate_concern,moderate,manuscript claim or supporting evidence,"Emission, source attribution, and plume-like inference",true
unit_002453,nature_remote_sensing_review_0032,Nature Communications,2025,moderate_concern,moderate,manuscript claim or supporting evidence,"Emission, source attribution, and plume-like inference",true
unit_002454,nature_remote_sensing_review_0032,Nature Communications,2025,line_comment,moderate,manuscript claim or supporting evidence,"Methods, results, discussion structure, and explanatory clarity",true
unit_002455,nature_remote_sensing_review_0032,Nature Communications,2025,revision_assessment,minor,"global generalization, uncertainty claim, model performance","Concern resolution, code, publication readiness, and reproducibility",true
unit_002456,nature_remote_sensing_review_0033,Nature Communications,2025,moderate_concern,moderate,manuscript claim or supporting evidence,"Spatial data, resolution, and product coverage",true
unit_002457,nature_remote_sensing_review_0033,Nature Communications,2025,contribution_assessment,minor,"global generalization, novelty claim, uncertainty claim","Spatial data, resolution, and product coverage",true
unit_002458,nature_remote_sensing_review_0033,Nature Communications,2025,moderate_concern,moderate,manuscript claim or supporting evidence,"Emission, source attribution, and plume-like inference",true
unit_002459,nature_remote_sensing_review_0033,Nature Communications,2025,contribution_assessment,moderate,novelty claim,"Remote-sensing context, citation positioning, and prior work",true
unit_002460,nature_remote_sensing_review_0033,Nature Communications,2025,moderate_concern,moderate,manuscript claim or supporting evidence,"Spatial data, resolution, and product coverage",true
unit_002461,nature_remote_sensing_review_0033,Nature Communications,2025,contribution_assessment,moderate,manuscript claim or supporting evidence,"Spatial data, resolution, and product coverage",true
unit_002462,nature_remote_sensing_review_0033,Nature Communications,2025,contribution_assessment,moderate,"global generalization, novelty claim","Remote-sensing context, citation positioning, and prior work",true
unit_002463,nature_remote_sensing_review_0033,Nature Communications,2025,moderate_concern,moderate,trend interpretation,"Long-term time series, climate variability, and trend interpretation",true
unit_002464,nature_remote_sensing_review_0033,Nature Communications,2025,moderate_concern,moderate,manuscript claim or supporting evidence,"Emission, source attribution, and plume-like inference",true
unit_002465,nature_remote_sensing_review_0033,Nature Communications,2025,major_concern,major,manuscript claim or supporting evidence,"Methods, results, discussion structure, and explanatory clarity",true
unit_002466,nature_remote_sensing_review_0033,Nature Communications,2025,moderate_concern,moderate,manuscript claim or supporting evidence,"Methods, results, discussion structure, and explanatory clarity",true
unit_002467,nature_remote_sensing_review_0033,Nature Communications,2025,line_comment,moderate,figure evidence,"Figures, extended data, and evidentiary display",true
unit_002468,nature_remote_sensing_review_0033,Nature Communications,2025,moderate_concern,moderate,methodological support,"Spatial data, resolution, and product coverage",true
unit_002469,nature_remote_sensing_review_0033,Nature Communications,2025,line_comment,moderate,manuscript claim or supporting evidence,"Methods, results, discussion structure, and explanatory clarity",true
unit_002470,nature_remote_sensing_review_0033,Nature Communications,2025,line_comment,moderate,manuscript claim or supporting evidence,"Emission, source attribution, and plume-like inference",true
unit_002471,nature_remote_sensing_review_0033,Nature Communications,2025,line_comment,moderate,manuscript claim or supporting evidence,"Methods, results, discussion structure, and explanatory clarity",true
unit_002472,nature_remote_sensing_review_0033,Nature Communications,2025,line_comment,minor,manuscript claim or supporting evidence,"Methods, results, discussion structure, and explanatory clarity",true
unit_002473,nature_remote_sensing_review_0033,Nature Communications,2025,contribution_assessment,moderate,"global generalization, novelty claim, table evidence","Long-term time series, climate variability, and trend interpretation",true
unit_002474,nature_remote_sensing_review_0033,Nature Communications,2025,figure_or_table_comment,minor,figure evidence,"Figures, extended data, and evidentiary display",true
unit_002475,nature_remote_sensing_review_0033,Nature Communications,2025,contribution_assessment,moderate,manuscript claim or supporting evidence,"Long-term time series, climate variability, and trend interpretation",true
unit_002476,nature_remote_sensing_review_0033,Nature Communications,2025,moderate_concern,moderate,"trend interpretation, global generalization","Long-term time series, climate variability, and trend interpretation",true
unit_002477,nature_remote_sensing_review_0033,Nature Communications,2025,line_comment,moderate,manuscript claim or supporting evidence,"Emission, source attribution, and plume-like inference",true
unit_002478,nature_remote_sensing_review_0033,Nature Communications,2025,line_comment,moderate,manuscript claim or supporting evidence,"Methods, results, discussion structure, and explanatory clarity",true
unit_002479,nature_remote_sensing_review_0033,Nature Communications,2025,revision_assessment,moderate,"uncertainty claim, figure evidence","Figures, extended data, and evidentiary display",true
unit_002480,nature_remote_sensing_review_0034,Nature Communications,2025,contribution_assessment,moderate,manuscript claim or supporting evidence,"Methods, results, discussion structure, and explanatory clarity",true
unit_002481,nature_remote_sensing_review_0034,Nature Communications,2025,moderate_concern,moderate,manuscript claim or supporting evidence,"Urban, inter-city, and SDG-impact interpretation",true
unit_002482,nature_remote_sensing_review_0034,Nature Communications,2025,moderate_concern,moderate,algorithm validity,"Methods, results, discussion structure, and explanatory clarity",true
unit_002483,nature_remote_sensing_review_0034,Nature Communications,2025,moderate_concern,moderate,model performance,"Concern resolution, code, publication readiness, and reproducibility",true
unit_002484,nature_remote_sensing_review_0034,Nature Communications,2025,contribution_assessment,moderate,methodological support,"Long-term time series, climate variability, and trend interpretation",true
unit_002485,nature_remote_sensing_review_0034,Nature Communications,2025,revision_assessment,minor,manuscript claim or supporting evidence,"Concern resolution, code, publication readiness, and reproducibility",true
unit_002486,nature_remote_sensing_review_0034,Nature Communications,2025,moderate_concern,moderate,model performance,"Methods, results, discussion structure, and explanatory clarity",true
unit_002487,nature_remote_sensing_review_0034,Nature Communications,2025,moderate_concern,moderate,manuscript claim or supporting evidence,"Long-term time series, climate variability, and trend interpretation",true
unit_002488,nature_remote_sensing_review_0034,Nature Communications,2025,moderate_concern,moderate,manuscript claim or supporting evidence,"Methods, results, discussion structure, and explanatory clarity",true
unit_002489,nature_remote_sensing_review_0034,Nature Communications,2025,moderate_concern,moderate,manuscript claim or supporting evidence,"Urban, inter-city, and SDG-impact interpretation",true
unit_002490,nature_remote_sensing_review_0034,Nature Communications,2025,figure_or_table_comment,moderate,figure evidence,"Figures, extended data, and evidentiary display",true
unit_002491,nature_remote_sensing_review_0034,Nature Communications,2025,figure_or_table_comment,moderate,"product validity, figure evidence","Figures, extended data, and evidentiary display",true
unit_002492,nature_remote_sensing_review_0034,Nature Communications,2025,contribution_assessment,moderate,manuscript claim or supporting evidence,"Methods, results, discussion structure, and explanatory clarity",true
unit_002493,nature_remote_sensing_review_0034,Nature Communications,2025,moderate_concern,moderate,manuscript claim or supporting evidence,"Methods, results, discussion structure, and explanatory clarity",true
unit_002494,nature_remote_sensing_review_0034,Nature Communications,2025,moderate_concern,moderate,manuscript claim or supporting evidence,"Spatial data, resolution, and product coverage",true
unit_002495,nature_remote_sensing_review_0034,Nature Communications,2025,moderate_concern,moderate,methodological support,"Methods, results, discussion structure, and explanatory clarity",true
unit_002496,nature_remote_sensing_review_0034,Nature Communications,2025,moderate_concern,moderate,"product validity, methodological support","Machine learning, model performance, and generalization",true
unit_002497,nature_remote_sensing_review_0034,Nature Communications,2025,contribution_assessment,moderate,manuscript claim or supporting evidence,"Spatial data, resolution, and product coverage",true
unit_002498,nature_remote_sensing_review_0034,Nature Communications,2025,moderate_concern,moderate,model performance,"Machine learning, model performance, and generalization",true
unit_002499,nature_remote_sensing_review_0034,Nature Communications,2025,minor_comment,minor,"model performance, table evidence","Spatial data, resolution, and product coverage",true
unit_002500,nature_remote_sensing_review_0034,Nature Communications,2025,moderate_concern,moderate,"model performance, methodological support","Spatial data, resolution, and product coverage",true
unit_002501,nature_remote_sensing_review_0034,Nature Communications,2025,moderate_concern,moderate,manuscript claim or supporting evidence,"Methods, results, discussion structure, and explanatory clarity",true
unit_002502,nature_remote_sensing_review_0034,Nature Communications,2025,moderate_concern,moderate,manuscript claim or supporting evidence,"Spatial data, resolution, and product coverage",true
unit_002503,nature_remote_sensing_review_0034,Nature Communications,2025,moderate_concern,moderate,manuscript claim or supporting evidence,C3/C4 vegetation coverage and biome classification,true
unit_002504,nature_remote_sensing_review_0034,Nature Communications,2025,revision_assessment,moderate,"model performance, methodological support","Machine learning, model performance, and generalization",true
unit_002505,nature_remote_sensing_review_0034,Nature Communications,2025,revision_assessment,major,manuscript claim or supporting evidence,"Concern resolution, code, publication readiness, and reproducibility",true
unit_002506,nature_remote_sensing_review_0034,Nature Communications,2025,moderate_concern,moderate,manuscript claim or supporting evidence,"Methods, results, discussion structure, and explanatory clarity",true
unit_002507,nature_remote_sensing_review_0034,Nature Communications,2025,moderate_concern,moderate,manuscript claim or supporting evidence,"Methods, results, discussion structure, and explanatory clarity",true
unit_002508,nature_remote_sensing_review_0034,Nature Communications,2025,moderate_concern,moderate,"model performance, methodological support","Methods, results, discussion structure, and explanatory clarity",true
unit_002509,nature_remote_sensing_review_0034,Nature Communications,2025,moderate_concern,moderate,"product validity, model performance, methodological support","Machine learning, model performance, and generalization",true
unit_002510,nature_remote_sensing_review_0034,Nature Communications,2025,moderate_concern,moderate,methodological support,"Methods, results, discussion structure, and explanatory clarity",true
unit_002511,nature_remote_sensing_review_0034,Nature Communications,2025,moderate_concern,moderate,manuscript claim or supporting evidence,"Methods, results, discussion structure, and explanatory clarity",true
unit_002512,nature_remote_sensing_review_0034,Nature Communications,2025,contribution_assessment,moderate,model performance,"Methods, results, discussion structure, and explanatory clarity",true
unit_002513,nature_remote_sensing_review_0034,Nature Communications,2025,revision_assessment,moderate,methodological support,"Concern resolution, code, publication readiness, and reproducibility",true
unit_002514,nature_remote_sensing_review_0034,Nature Communications,2025,revision_assessment,moderate,manuscript claim or supporting evidence,"Concern resolution, code, publication readiness, and reproducibility",true
unit_002515,nature_remote_sensing_review_0034,Nature Communications,2025,contribution_assessment,moderate,manuscript claim or supporting evidence,"Remote-sensing context, citation positioning, and prior work",true
unit_002516,nature_remote_sensing_review_0034,Nature Communications,2025,moderate_concern,moderate,manuscript claim or supporting evidence,"Spatial data, resolution, and product coverage",true
unit_002517,nature_remote_sensing_review_0034,Nature Communications,2025,moderate_concern,moderate,manuscript claim or supporting evidence,"Concern resolution, code, publication readiness, and reproducibility",true
unit_002518,nature_remote_sensing_review_0034,Nature Communications,2025,revision_assessment,major,methodological support,"Concern resolution, code, publication readiness, and reproducibility",true
unit_002519,nature_remote_sensing_review_0034,Nature Communications,2025,revision_assessment,moderate,"product validity, methodological support","Remote-sensing context, citation positioning, and prior work",true
unit_002520,nature_remote_sensing_review_0034,Nature Communications,2025,revision_assessment,moderate,"model performance, methodological support","Machine learning, model performance, and generalization",true
unit_002521,nature_remote_sensing_review_0035,Nature Communications,2025,contribution_assessment,minor,methodological support,"Methods, results, discussion structure, and explanatory clarity",true
unit_002522,nature_remote_sensing_review_0035,Nature Communications,2025,moderate_concern,moderate,manuscript claim or supporting evidence,"Methods, results, discussion structure, and explanatory clarity",true
unit_002523,nature_remote_sensing_review_0035,Nature Communications,2025,contribution_assessment,moderate,"model performance, figure evidence","Figures, extended data, and evidentiary display",true
unit_002524,nature_remote_sensing_review_0035,Nature Communications,2025,line_comment,moderate,manuscript claim or supporting evidence,"Methods, results, discussion structure, and explanatory clarity",true
unit_002525,nature_remote_sensing_review_0035,Nature Communications,2025,line_comment,moderate,manuscript claim or supporting evidence,"Methods, results, discussion structure, and explanatory clarity",true
unit_002526,nature_remote_sensing_review_0035,Nature Communications,2025,line_comment,moderate,manuscript claim or supporting evidence,"Methods, results, discussion structure, and explanatory clarity",true
unit_002527,nature_remote_sensing_review_0035,Nature Communications,2025,line_comment,moderate,manuscript claim or supporting evidence,"Methods, results, discussion structure, and explanatory clarity",true
unit_002528,nature_remote_sensing_review_0035,Nature Communications,2025,line_comment,moderate,model performance,"Methods, results, discussion structure, and explanatory clarity",true
unit_002529,nature_remote_sensing_review_0035,Nature Communications,2025,line_comment,moderate,manuscript claim or supporting evidence,"Methods, results, discussion structure, and explanatory clarity",true
unit_002530,nature_remote_sensing_review_0035,Nature Communications,2025,line_comment,moderate,manuscript claim or supporting evidence,"Methods, results, discussion structure, and explanatory clarity",true
unit_002531,nature_remote_sensing_review_0035,Nature Communications,2025,line_comment,moderate,manuscript claim or supporting evidence,"Methods, results, discussion structure, and explanatory clarity",true
unit_002532,nature_remote_sensing_review_0035,Nature Communications,2025,line_comment,moderate,manuscript claim or supporting evidence,"Methods, results, discussion structure, and explanatory clarity",true
unit_002533,nature_remote_sensing_review_0035,Nature Communications,2025,line_comment,moderate,model performance,"Emission, source attribution, and plume-like inference",true
unit_002534,nature_remote_sensing_review_0035,Nature Communications,2025,line_comment,moderate,manuscript claim or supporting evidence,"Methods, results, discussion structure, and explanatory clarity",true
unit_002535,nature_remote_sensing_review_0035,Nature Communications,2025,figure_or_table_comment,moderate,figure evidence,"Figures, extended data, and evidentiary display",true
unit_002536,nature_remote_sensing_review_0035,Nature Communications,2025,line_comment,minor,manuscript claim or supporting evidence,"Methods, results, discussion structure, and explanatory clarity",true
unit_002537,nature_remote_sensing_review_0035,Nature Communications,2025,line_comment,moderate,manuscript claim or supporting evidence,"Methods, results, discussion structure, and explanatory clarity",true
unit_002538,nature_remote_sensing_review_0035,Nature Communications,2025,line_comment,moderate,methodological support,"Methods, results, discussion structure, and explanatory clarity",true
unit_002539,nature_remote_sensing_review_0035,Nature Communications,2025,line_comment,moderate,manuscript claim or supporting evidence,"Methods, results, discussion structure, and explanatory clarity",true
unit_002540,nature_remote_sensing_review_0035,Nature Communications,2025,line_comment,moderate,manuscript claim or supporting evidence,"Methods, results, discussion structure, and explanatory clarity",true
unit_002541,nature_remote_sensing_review_0035,Nature Communications,2025,line_comment,moderate,model performance,"Methods, results, discussion structure, and explanatory clarity",true
unit_002542,nature_remote_sensing_review_0035,Nature Communications,2025,line_comment,moderate,"model performance, algorithm validity","Remote-sensing context, citation positioning, and prior work",true
unit_002543,nature_remote_sensing_review_0035,Nature Communications,2025,line_comment,moderate,manuscript claim or supporting evidence,"Methods, results, discussion structure, and explanatory clarity",true
unit_002544,nature_remote_sensing_review_0035,Nature Communications,2025,revision_assessment,moderate,manuscript claim or supporting evidence,"Concern resolution, code, publication readiness, and reproducibility",true
unit_002545,nature_remote_sensing_review_0035,Nature Communications,2025,moderate_concern,moderate,manuscript claim or supporting evidence,"Methods, results, discussion structure, and explanatory clarity",true
unit_002546,nature_remote_sensing_review_0036,Nature Communications,2025,major_concern,major,algorithm validity,"Spatial data, resolution, and product coverage",true
unit_002547,nature_remote_sensing_review_0036,Nature Communications,2025,moderate_concern,moderate,manuscript claim or supporting evidence,"Amazon, forest cover, land-use pressure, and forest resilience",true
unit_002548,nature_remote_sensing_review_0036,Nature Communications,2025,contribution_assessment,moderate,manuscript claim or supporting evidence,"Remote-sensing context, citation positioning, and prior work",true
unit_002549,nature_remote_sensing_review_0036,Nature Communications,2025,contribution_assessment,moderate,"global generalization, novelty claim, methodological support","Spatial data, resolution, and product coverage",true
unit_002550,nature_remote_sensing_review_0036,Nature Communications,2025,moderate_concern,moderate,manuscript claim or supporting evidence,"Methods, results, discussion structure, and explanatory clarity",true
unit_002551,nature_remote_sensing_review_0036,Nature Communications,2025,contribution_assessment,moderate,manuscript claim or supporting evidence,"Spatial data, resolution, and product coverage",true
unit_002552,nature_remote_sensing_review_0036,Nature Communications,2025,moderate_concern,moderate,manuscript claim or supporting evidence,"Spatial data, resolution, and product coverage",true
unit_002553,nature_remote_sensing_review_0036,Nature Communications,2025,contribution_assessment,moderate,manuscript claim or supporting evidence,"Spatial data, resolution, and product coverage",true
unit_002554,nature_remote_sensing_review_0036,Nature Communications,2025,contribution_assessment,moderate,"global generalization, novelty claim, model performance","Spatial data, resolution, and product coverage",true
unit_002555,nature_remote_sensing_review_0036,Nature Communications,2025,moderate_concern,moderate,methodological support,"Methods, results, discussion structure, and explanatory clarity",true
unit_002556,nature_remote_sensing_review_0036,Nature Communications,2025,moderate_concern,moderate,global generalization,"Figures, extended data, and evidentiary display",true
unit_002557,nature_remote_sensing_review_0036,Nature Communications,2025,contribution_assessment,minor,manuscript claim or supporting evidence,"Methods, results, discussion structure, and explanatory clarity",true
unit_002558,nature_remote_sensing_review_0036,Nature Communications,2025,moderate_concern,moderate,methodological support,"Methods, results, discussion structure, and explanatory clarity",true
unit_002559,nature_remote_sensing_review_0036,Nature Communications,2025,contribution_assessment,minor,methodological support,"Machine learning, model performance, and generalization",true
unit_002560,nature_remote_sensing_review_0036,Nature Communications,2025,minor_comment,minor,methodological support,"Machine learning, model performance, and generalization",true
unit_002561,nature_remote_sensing_review_0036,Nature Communications,2025,minor_comment,minor,"model performance, algorithm validity","Machine learning, model performance, and generalization",true
unit_002562,nature_remote_sensing_review_0036,Nature Communications,2025,contribution_assessment,moderate,model performance,"Methods, results, discussion structure, and explanatory clarity",true
unit_002563,nature_remote_sensing_review_0036,Nature Communications,2025,revision_assessment,moderate,manuscript claim or supporting evidence,"Concern resolution, code, publication readiness, and reproducibility",true
unit_002564,nature_remote_sensing_review_0036,Nature Communications,2025,contribution_assessment,moderate,"methodological support, algorithm validity","Machine learning, model performance, and generalization",true
unit_002565,nature_remote_sensing_review_0036,Nature Communications,2025,revision_assessment,minor,figure evidence,"Spatial data, resolution, and product coverage",true
unit_002566,nature_remote_sensing_review_0036,Nature Communications,2025,moderate_concern,moderate,manuscript claim or supporting evidence,"Spatial data, resolution, and product coverage",true
unit_002567,nature_remote_sensing_review_0036,Nature Communications,2025,moderate_concern,moderate,manuscript claim or supporting evidence,"Tree cover, land cover, land-use change, and mapping definitions",true
unit_002568,nature_remote_sensing_review_0036,Nature Communications,2025,figure_or_table_comment,moderate,"product validity, uncertainty claim, figure evidence","Figures, extended data, and evidentiary display",true
unit_002569,nature_remote_sensing_review_0036,Nature Communications,2025,figure_or_table_comment,major,"uncertainty claim, table evidence","Figures, extended data, and evidentiary display",true
unit_002570,nature_remote_sensing_review_0036,Nature Communications,2025,moderate_concern,moderate,manuscript claim or supporting evidence,"Methods, results, discussion structure, and explanatory clarity",true
unit_002571,nature_remote_sensing_review_0036,Nature Communications,2025,moderate_concern,moderate,manuscript claim or supporting evidence,"Methods, results, discussion structure, and explanatory clarity",true
unit_002572,nature_remote_sensing_review_0036,Nature Communications,2025,moderate_concern,moderate,global generalization,"Figures, extended data, and evidentiary display",true
unit_002573,nature_remote_sensing_review_0036,Nature Communications,2025,moderate_concern,moderate,manuscript claim or supporting evidence,"Tree cover, land cover, land-use change, and mapping definitions",true
unit_002574,nature_remote_sensing_review_0036,Nature Communications,2025,contribution_assessment,moderate,"causal or attribution claim, methodological support","Machine learning, model performance, and generalization",true
unit_002575,nature_remote_sensing_review_0036,Nature Communications,2025,moderate_concern,moderate,manuscript claim or supporting evidence,"Methods, results, discussion structure, and explanatory clarity",true
unit_002576,nature_remote_sensing_review_0036,Nature Communications,2025,minor_comment,minor,manuscript claim or supporting evidence,"Methods, results, discussion structure, and explanatory clarity",true
unit_002577,nature_remote_sensing_review_0036,Nature Communications,2025,line_comment,moderate,manuscript claim or supporting evidence,"Methods, results, discussion structure, and explanatory clarity",true
unit_002578,nature_remote_sensing_review_0036,Nature Communications,2025,line_comment,moderate,manuscript claim or supporting evidence,"River, water storage, sediment, tidal, and hydraulic interpretation",true
unit_002579,nature_remote_sensing_review_0036,Nature Communications,2025,line_comment,moderate,manuscript claim or supporting evidence,"Tree cover, land cover, land-use change, and mapping definitions",true
unit_002580,nature_remote_sensing_review_0036,Nature Communications,2025,line_comment,moderate,manuscript claim or supporting evidence,"Spatial data, resolution, and product coverage",true
unit_002581,nature_remote_sensing_review_0036,Nature Communications,2025,line_comment,moderate,methodological support,"Methods, results, discussion structure, and explanatory clarity",true
unit_002582,nature_remote_sensing_review_0036,Nature Communications,2025,line_comment,moderate,manuscript claim or supporting evidence,"Methods, results, discussion structure, and explanatory clarity",true
unit_002583,nature_remote_sensing_review_0036,Nature Communications,2025,line_comment,minor,manuscript claim or supporting evidence,"Remote-sensing context, citation positioning, and prior work",true
unit_002584,nature_remote_sensing_review_0036,Nature Communications,2025,line_comment,moderate,manuscript claim or supporting evidence,"Spatial data, resolution, and product coverage",true
unit_002585,nature_remote_sensing_review_0036,Nature Communications,2025,line_comment,moderate,manuscript claim or supporting evidence,"Methods, results, discussion structure, and explanatory clarity",true
unit_002586,nature_remote_sensing_review_0036,Nature Communications,2025,line_comment,moderate,manuscript claim or supporting evidence,"Methods, results, discussion structure, and explanatory clarity",true
unit_002587,nature_remote_sensing_review_0036,Nature Communications,2025,line_comment,moderate,manuscript claim or supporting evidence,"Methods, results, discussion structure, and explanatory clarity",true
unit_002588,nature_remote_sensing_review_0036,Nature Communications,2025,line_comment,moderate,manuscript claim or supporting evidence,"Figures, extended data, and evidentiary display",true
unit_002589,nature_remote_sensing_review_0036,Nature Communications,2025,line_comment,moderate,manuscript claim or supporting evidence,"Methods, results, discussion structure, and explanatory clarity",true
unit_002590,nature_remote_sensing_review_0036,Nature Communications,2025,line_comment,moderate,manuscript claim or supporting evidence,"Spatial data, resolution, and product coverage",true
unit_002591,nature_remote_sensing_review_0036,Nature Communications,2025,line_comment,moderate,manuscript claim or supporting evidence,"Methods, results, discussion structure, and explanatory clarity",true
unit_002592,nature_remote_sensing_review_0036,Nature Communications,2025,line_comment,moderate,uncertainty claim,"Methods, results, discussion structure, and explanatory clarity",true
unit_002593,nature_remote_sensing_review_0036,Nature Communications,2025,line_comment,minor,figure evidence,"Spatial data, resolution, and product coverage",true
unit_002594,nature_remote_sensing_review_0036,Nature Communications,2025,line_comment,moderate,manuscript claim or supporting evidence,"Methods, results, discussion structure, and explanatory clarity",true
unit_002595,nature_remote_sensing_review_0036,Nature Communications,2025,line_comment,moderate,manuscript claim or supporting evidence,"Concern resolution, code, publication readiness, and reproducibility",true
unit_002596,nature_remote_sensing_review_0036,Nature Communications,2025,revision_assessment,moderate,methodological support,"Concern resolution, code, publication readiness, and reproducibility",true
unit_002597,nature_remote_sensing_review_0036,Nature Communications,2025,minor_comment,minor,"model performance, methodological support","Machine learning, model performance, and generalization",true
unit_002598,nature_remote_sensing_review_0036,Nature Communications,2025,moderate_concern,moderate,"model performance, methodological support","Machine learning, model performance, and generalization",true
unit_002599,nature_remote_sensing_review_0036,Nature Communications,2025,minor_comment,minor,"global generalization, model performance","Methods, results, discussion structure, and explanatory clarity",true
unit_002600,nature_remote_sensing_review_0036,Nature Communications,2025,moderate_concern,moderate,manuscript claim or supporting evidence,"Concern resolution, code, publication readiness, and reproducibility",true
unit_002601,nature_remote_sensing_review_0036,Nature Communications,2025,revision_assessment,moderate,global generalization,"Concern resolution, code, publication readiness, and reproducibility",true
unit_002602,nature_remote_sensing_review_0036,Nature Communications,2025,revision_assessment,moderate,"global generalization, uncertainty claim","Figures, extended data, and evidentiary display",true
unit_002603,nature_remote_sensing_review_0036,Nature Communications,2025,moderate_concern,moderate,"uncertainty claim, methodological support","Remote-sensing context, citation positioning, and prior work",true
unit_002604,nature_remote_sensing_review_0036,Nature Communications,2025,figure_or_table_comment,moderate,"product validity, uncertainty claim, table evidence","Remote-sensing context, citation positioning, and prior work",true
unit_002605,nature_remote_sensing_review_0036,Nature Communications,2025,contribution_assessment,moderate,global generalization,"Tree cover, land cover, land-use change, and mapping definitions",true
unit_002606,nature_remote_sensing_review_0036,Nature Communications,2025,figure_or_table_comment,minor,"model performance, figure evidence, methodological support","Remote-sensing context, citation positioning, and prior work",true
unit_002607,nature_remote_sensing_review_0036,Nature Communications,2025,moderate_concern,moderate,model performance,"Methods, results, discussion structure, and explanatory clarity",true
unit_002608,nature_remote_sensing_review_0036,Nature Communications,2025,moderate_concern,moderate,"causal or attribution claim, methodological support","Methods, results, discussion structure, and explanatory clarity",true
unit_002609,nature_remote_sensing_review_0036,Nature Communications,2025,line_comment,moderate,uncertainty claim,"Methods, results, discussion structure, and explanatory clarity",true
unit_002610,nature_remote_sensing_review_0036,Nature Communications,2025,line_comment,moderate,methodological support,"Methods, results, discussion structure, and explanatory clarity",true
unit_002611,nature_remote_sensing_review_0036,Nature Communications,2025,line_comment,moderate,manuscript claim or supporting evidence,"Methods, results, discussion structure, and explanatory clarity",true
unit_002612,nature_remote_sensing_review_0036,Nature Communications,2025,figure_or_table_comment,minor,"model performance, figure evidence","Machine learning, model performance, and generalization",true
unit_002613,nature_remote_sensing_review_0036,Nature Communications,2025,line_comment,minor,manuscript claim or supporting evidence,"Methods, results, discussion structure, and explanatory clarity",true
unit_002614,nature_remote_sensing_review_0036,Nature Communications,2025,line_comment,moderate,"causal or attribution claim, methodological support","Methods, results, discussion structure, and explanatory clarity",true
unit_002615,nature_remote_sensing_review_0036,Nature Communications,2025,line_comment,moderate,causal or attribution claim,"Concern resolution, code, publication readiness, and reproducibility",true
unit_002616,nature_remote_sensing_review_0036,Nature Communications,2025,moderate_concern,moderate,manuscript claim or supporting evidence,"Methods, results, discussion structure, and explanatory clarity",true
unit_002617,nature_remote_sensing_review_0036,Nature Communications,2025,moderate_concern,moderate,table evidence,"Figures, extended data, and evidentiary display",true
unit_002618,nature_remote_sensing_review_0036,Nature Communications,2025,moderate_concern,moderate,global generalization,"Spatial data, resolution, and product coverage",true
unit_002619,nature_remote_sensing_review_0036,Nature Communications,2025,major_concern,major,manuscript claim or supporting evidence,"Methods, results, discussion structure, and explanatory clarity",true
unit_002620,nature_remote_sensing_review_0036,Nature Communications,2025,contribution_assessment,moderate,novelty claim,"Remote-sensing context, citation positioning, and prior work",true
unit_002621,nature_remote_sensing_review_0036,Nature Communications,2025,contribution_assessment,moderate,manuscript claim or supporting evidence,"Spatial data, resolution, and product coverage",true
unit_002622,nature_remote_sensing_review_0036,Nature Communications,2025,moderate_concern,moderate,figure evidence,"Figures, extended data, and evidentiary display",true
unit_002623,nature_remote_sensing_review_0037,Nature Communications,2025,contribution_assessment,moderate,global generalization,"Figures, extended data, and evidentiary display",true
unit_002624,nature_remote_sensing_review_0037,Nature Communications,2025,contribution_assessment,minor,manuscript claim or supporting evidence,"Methods, results, discussion structure, and explanatory clarity",true
unit_002625,nature_remote_sensing_review_0037,Nature Communications,2025,contribution_assessment,moderate,manuscript claim or supporting evidence,"Methods, results, discussion structure, and explanatory clarity",true
unit_002626,nature_remote_sensing_review_0037,Nature Communications,2025,moderate_concern,moderate,manuscript claim or supporting evidence,"Methods, results, discussion structure, and explanatory clarity",true
unit_002627,nature_remote_sensing_review_0037,Nature Communications,2025,moderate_concern,moderate,manuscript claim or supporting evidence,"Methods, results, discussion structure, and explanatory clarity",true
unit_002628,nature_remote_sensing_review_0037,Nature Communications,2025,figure_or_table_comment,moderate,figure evidence,"Figures, extended data, and evidentiary display",true
unit_002629,nature_remote_sensing_review_0037,Nature Communications,2025,figure_or_table_comment,minor,"trend interpretation, figure evidence","Long-term time series, climate variability, and trend interpretation",true
unit_002630,nature_remote_sensing_review_0037,Nature Communications,2025,contribution_assessment,moderate,manuscript claim or supporting evidence,"Methods, results, discussion structure, and explanatory clarity",true
unit_002631,nature_remote_sensing_review_0037,Nature Communications,2025,contribution_assessment,moderate,global generalization,"Urban, inter-city, and SDG-impact interpretation",true
unit_002632,nature_remote_sensing_review_0037,Nature Communications,2025,minor_comment,minor,"product validity, model performance","Spatial data, resolution, and product coverage",true
unit_002633,nature_remote_sensing_review_0037,Nature Communications,2025,contribution_assessment,minor,"global generalization, uncertainty claim, model performance","Figures, extended data, and evidentiary display",true
unit_002634,nature_remote_sensing_review_0037,Nature Communications,2025,moderate_concern,moderate,model performance,"Machine learning, model performance, and generalization",true
unit_002635,nature_remote_sensing_review_0037,Nature Communications,2025,moderate_concern,moderate,"global generalization, model performance","Methods, results, discussion structure, and explanatory clarity",true
unit_002636,nature_remote_sensing_review_0037,Nature Communications,2025,minor_comment,minor,product validity,"Methods, results, discussion structure, and explanatory clarity",true
unit_002637,nature_remote_sensing_review_0037,Nature Communications,2025,minor_comment,minor,manuscript claim or supporting evidence,"Methods, results, discussion structure, and explanatory clarity",true
unit_002638,nature_remote_sensing_review_0037,Nature Communications,2025,moderate_concern,moderate,manuscript claim or supporting evidence,"Methods, results, discussion structure, and explanatory clarity",true
unit_002639,nature_remote_sensing_review_0037,Nature Communications,2025,contribution_assessment,minor,manuscript claim or supporting evidence,"Figures, extended data, and evidentiary display",true
unit_002640,nature_remote_sensing_review_0037,Nature Communications,2025,contribution_assessment,moderate,"product validity, model performance","Concern resolution, code, publication readiness, and reproducibility",true
unit_002641,nature_remote_sensing_review_0037,Nature Communications,2025,moderate_concern,moderate,manuscript claim or supporting evidence,"Spatial data, resolution, and product coverage",true
unit_002642,nature_remote_sensing_review_0037,Nature Communications,2025,moderate_concern,moderate,global generalization,"Spatial data, resolution, and product coverage",true
unit_002643,nature_remote_sensing_review_0037,Nature Communications,2025,moderate_concern,moderate,manuscript claim or supporting evidence,"Methods, results, discussion structure, and explanatory clarity",true
unit_002644,nature_remote_sensing_review_0037,Nature Communications,2025,figure_or_table_comment,moderate,figure evidence,"Figures, extended data, and evidentiary display",true
unit_002645,nature_remote_sensing_review_0037,Nature Communications,2025,figure_or_table_comment,moderate,figure evidence,"Figures, extended data, and evidentiary display",true
unit_002646,nature_remote_sensing_review_0037,Nature Communications,2025,line_comment,moderate,manuscript claim or supporting evidence,"Methods, results, discussion structure, and explanatory clarity",true
unit_002647,nature_remote_sensing_review_0037,Nature Communications,2025,line_comment,minor,manuscript claim or supporting evidence,"Methods, results, discussion structure, and explanatory clarity",true
unit_002648,nature_remote_sensing_review_0037,Nature Communications,2025,line_comment,moderate,model performance,"Methods, results, discussion structure, and explanatory clarity",true
unit_002649,nature_remote_sensing_review_0037,Nature Communications,2025,minor_comment,minor,manuscript claim or supporting evidence,"Spatial data, resolution, and product coverage",true
unit_002650,nature_remote_sensing_review_0037,Nature Communications,2025,line_comment,moderate,manuscript claim or supporting evidence,"Concern resolution, code, publication readiness, and reproducibility",true
unit_002651,nature_remote_sensing_review_0037,Nature Communications,2025,minor_comment,minor,model performance,"Urban, inter-city, and SDG-impact interpretation",true
unit_002652,nature_remote_sensing_review_0037,Nature Communications,2025,moderate_concern,moderate,"product validity, model performance","Methods, results, discussion structure, and explanatory clarity",true
unit_002653,nature_remote_sensing_review_0037,Nature Communications,2025,figure_or_table_comment,minor,figure evidence,"Spatial data, resolution, and product coverage",true
unit_002654,nature_remote_sensing_review_0037,Nature Communications,2025,minor_comment,minor,manuscript claim or supporting evidence,"Concern resolution, code, publication readiness, and reproducibility",true
unit_002655,nature_remote_sensing_review_0037,Nature Communications,2025,contribution_assessment,moderate,"global generalization, methodological support","Spatial data, resolution, and product coverage",true
unit_002656,nature_remote_sensing_review_0037,Nature Communications,2025,line_comment,moderate,manuscript claim or supporting evidence,"Methods, results, discussion structure, and explanatory clarity",true
unit_002657,nature_remote_sensing_review_0037,Nature Communications,2025,line_comment,moderate,manuscript claim or supporting evidence,"Methods, results, discussion structure, and explanatory clarity",true
unit_002658,nature_remote_sensing_review_0037,Nature Communications,2025,line_comment,minor,manuscript claim or supporting evidence,"Concern resolution, code, publication readiness, and reproducibility",true
unit_002659,nature_remote_sensing_review_0037,Nature Communications,2025,line_comment,minor,manuscript claim or supporting evidence,"Spatial data, resolution, and product coverage",true
unit_002660,nature_remote_sensing_review_0037,Nature Communications,2025,line_comment,moderate,manuscript claim or supporting evidence,"Methods, results, discussion structure, and explanatory clarity",true
unit_002661,nature_remote_sensing_review_0037,Nature Communications,2025,major_concern,major,manuscript claim or supporting evidence,"Methods, results, discussion structure, and explanatory clarity",true
unit_002662,nature_remote_sensing_review_0037,Nature Communications,2025,moderate_concern,moderate,manuscript claim or supporting evidence,"Figures, extended data, and evidentiary display",true
unit_002663,nature_remote_sensing_review_0037,Nature Communications,2025,moderate_concern,moderate,manuscript claim or supporting evidence,"Remote-sensing context, citation positioning, and prior work",true
unit_002664,nature_remote_sensing_review_0037,Nature Communications,2025,moderate_concern,moderate,manuscript claim or supporting evidence,"Figures, extended data, and evidentiary display",true
unit_002665,nature_remote_sensing_review_0037,Nature Communications,2025,moderate_concern,moderate,manuscript claim or supporting evidence,"Methods, results, discussion structure, and explanatory clarity",true
unit_002666,nature_remote_sensing_review_0037,Nature Communications,2025,line_comment,major,model performance,"Machine learning, model performance, and generalization",true
unit_002667,nature_remote_sensing_review_0037,Nature Communications,2025,minor_comment,minor,manuscript claim or supporting evidence,"Spatial data, resolution, and product coverage",true
unit_002668,nature_remote_sensing_review_0037,Nature Communications,2025,contribution_assessment,minor,model performance,"Machine learning, model performance, and generalization",true
unit_002669,nature_remote_sensing_review_0037,Nature Communications,2025,moderate_concern,moderate,manuscript claim or supporting evidence,"Methods, results, discussion structure, and explanatory clarity",true
unit_002670,nature_remote_sensing_review_0037,Nature Communications,2025,moderate_concern,moderate,manuscript claim or supporting evidence,"Methods, results, discussion structure, and explanatory clarity",true
unit_002671,nature_remote_sensing_review_0037,Nature Communications,2025,moderate_concern,moderate,model performance,"Methods, results, discussion structure, and explanatory clarity",true
unit_002672,nature_remote_sensing_review_0037,Nature Communications,2025,moderate_concern,moderate,manuscript claim or supporting evidence,"Methods, results, discussion structure, and explanatory clarity",true
unit_002673,nature_remote_sensing_review_0037,Nature Communications,2025,moderate_concern,moderate,manuscript claim or supporting evidence,"Methods, results, discussion structure, and explanatory clarity",true
unit_002674,nature_remote_sensing_review_0037,Nature Communications,2025,moderate_concern,moderate,manuscript claim or supporting evidence,"Methods, results, discussion structure, and explanatory clarity",true
unit_002675,nature_remote_sensing_review_0037,Nature Communications,2025,moderate_concern,moderate,manuscript claim or supporting evidence,"Methods, results, discussion structure, and explanatory clarity",true
unit_002676,nature_remote_sensing_review_0037,Nature Communications,2025,moderate_concern,moderate,manuscript claim or supporting evidence,"Methods, results, discussion structure, and explanatory clarity",true
unit_002677,nature_remote_sensing_review_0037,Nature Communications,2025,moderate_concern,moderate,global generalization,"Machine learning, model performance, and generalization",true
unit_002678,nature_remote_sensing_review_0037,Nature Communications,2025,moderate_concern,moderate,"trend interpretation, global generalization, methodological support","Long-term time series, climate variability, and trend interpretation",true
unit_002679,nature_remote_sensing_review_0037,Nature Communications,2025,moderate_concern,moderate,"global generalization, methodological support","Figures, extended data, and evidentiary display",true
unit_002680,nature_remote_sensing_review_0037,Nature Communications,2025,moderate_concern,moderate,product validity,"Concern resolution, code, publication readiness, and reproducibility",true
unit_002681,nature_remote_sensing_review_0037,Nature Communications,2025,moderate_concern,moderate,manuscript claim or supporting evidence,"Concern resolution, code, publication readiness, and reproducibility",true
unit_002682,nature_remote_sensing_review_0037,Nature Communications,2025,moderate_concern,moderate,"product validity, figure evidence, methodological support","Spatial data, resolution, and product coverage",true
unit_002683,nature_remote_sensing_review_0037,Nature Communications,2025,contribution_assessment,moderate,product validity,"Figures, extended data, and evidentiary display",true
unit_002684,nature_remote_sensing_review_0037,Nature Communications,2025,moderate_concern,moderate,global generalization,"Spatial data, resolution, and product coverage",true
unit_002685,nature_remote_sensing_review_0037,Nature Communications,2025,contribution_assessment,major,"product validity, algorithm validity","Machine learning, model performance, and generalization",true
unit_002686,nature_remote_sensing_review_0037,Nature Communications,2025,moderate_concern,moderate,"global generalization, product validity","Figures, extended data, and evidentiary display",true
unit_002687,nature_remote_sensing_review_0037,Nature Communications,2025,moderate_concern,moderate,trend interpretation,"Long-term time series, climate variability, and trend interpretation",true
unit_002688,nature_remote_sensing_review_0037,Nature Communications,2025,moderate_concern,moderate,manuscript claim or supporting evidence,"Methods, results, discussion structure, and explanatory clarity",true
unit_002689,nature_remote_sensing_review_0037,Nature Communications,2025,line_comment,moderate,manuscript claim or supporting evidence,"Methods, results, discussion structure, and explanatory clarity",true
unit_002690,nature_remote_sensing_review_0037,Nature Communications,2025,line_comment,moderate,manuscript claim or supporting evidence,"Methods, results, discussion structure, and explanatory clarity",true
unit_002691,nature_remote_sensing_review_0037,Nature Communications,2025,line_comment,minor,manuscript claim or supporting evidence,"Methods, results, discussion structure, and explanatory clarity",true
unit_002692,nature_remote_sensing_review_0037,Nature Communications,2025,line_comment,moderate,manuscript claim or supporting evidence,"Spatial data, resolution, and product coverage",true
unit_002693,nature_remote_sensing_review_0037,Nature Communications,2025,line_comment,moderate,manuscript claim or supporting evidence,"Methods, results, discussion structure, and explanatory clarity",true
unit_002694,nature_remote_sensing_review_0037,Nature Communications,2025,moderate_concern,moderate,figure evidence,"Figures, extended data, and evidentiary display",true
unit_002695,nature_remote_sensing_review_0037,Nature Communications,2025,minor_comment,minor,manuscript claim or supporting evidence,"Methods, results, discussion structure, and explanatory clarity",true
unit_002696,nature_remote_sensing_review_0037,Nature Communications,2025,figure_or_table_comment,moderate,figure evidence,"Figures, extended data, and evidentiary display",true
unit_002697,nature_remote_sensing_review_0037,Nature Communications,2025,moderate_concern,moderate,manuscript claim or supporting evidence,"Methods, results, discussion structure, and explanatory clarity",true
unit_002698,nature_remote_sensing_review_0037,Nature Communications,2025,moderate_concern,moderate,product validity,"Methods, results, discussion structure, and explanatory clarity",true
unit_002699,nature_remote_sensing_review_0037,Nature Communications,2025,line_comment,moderate,"product validity, methodological support","Methods, results, discussion structure, and explanatory clarity",true
unit_002700,nature_remote_sensing_review_0037,Nature Communications,2025,figure_or_table_comment,moderate,figure evidence,"Figures, extended data, and evidentiary display",true
unit_002701,nature_remote_sensing_review_0037,Nature Communications,2025,revision_assessment,moderate,manuscript claim or supporting evidence,"Concern resolution, code, publication readiness, and reproducibility",true
unit_002702,nature_remote_sensing_review_0037,Nature Communications,2025,moderate_concern,moderate,manuscript claim or supporting evidence,"Methods, results, discussion structure, and explanatory clarity",true
unit_002703,nature_remote_sensing_review_0037,Nature Communications,2025,revision_assessment,major,novelty claim,"Remote-sensing context, citation positioning, and prior work",true
unit_002704,nature_remote_sensing_review_0037,Nature Communications,2025,moderate_concern,moderate,manuscript claim or supporting evidence,"Concern resolution, code, publication readiness, and reproducibility",true
unit_002705,nature_remote_sensing_review_0038,Nature Communications,2025,contribution_assessment,moderate,"global generalization, novelty claim, model performance","Spatial data, resolution, and product coverage",true
unit_002706,nature_remote_sensing_review_0038,Nature Communications,2025,contribution_assessment,major,model performance,"Machine learning, model performance, and generalization",true
unit_002707,nature_remote_sensing_review_0038,Nature Communications,2025,figure_or_table_comment,moderate,"model performance, figure evidence","Long-term time series, climate variability, and trend interpretation",true
unit_002708,nature_remote_sensing_review_0038,Nature Communications,2025,figure_or_table_comment,moderate,figure evidence,"Figures, extended data, and evidentiary display",true
unit_002709,nature_remote_sensing_review_0038,Nature Communications,2025,figure_or_table_comment,minor,"model performance, figure evidence","Figures, extended data, and evidentiary display",true
unit_002710,nature_remote_sensing_review_0038,Nature Communications,2025,moderate_concern,moderate,manuscript claim or supporting evidence,"Concern resolution, code, publication readiness, and reproducibility",true
unit_002711,nature_remote_sensing_review_0038,Nature Communications,2025,contribution_assessment,moderate,"novelty claim, model performance","Machine learning, model performance, and generalization",true
unit_002712,nature_remote_sensing_review_0038,Nature Communications,2025,major_concern,major,model performance,"Long-term time series, climate variability, and trend interpretation",true
unit_002713,nature_remote_sensing_review_0038,Nature Communications,2025,contribution_assessment,moderate,"trend interpretation, model performance, figure evidence","Long-term time series, climate variability, and trend interpretation",true
unit_002714,nature_remote_sensing_review_0038,Nature Communications,2025,moderate_concern,moderate,manuscript claim or supporting evidence,"Methods, results, discussion structure, and explanatory clarity",true
unit_002715,nature_remote_sensing_review_0038,Nature Communications,2025,moderate_concern,moderate,"global generalization, methodological support","Methods, results, discussion structure, and explanatory clarity",true
unit_002716,nature_remote_sensing_review_0038,Nature Communications,2025,moderate_concern,moderate,manuscript claim or supporting evidence,"Machine learning, model performance, and generalization",true
unit_002717,nature_remote_sensing_review_0038,Nature Communications,2025,minor_comment,minor,product validity,"Machine learning, model performance, and generalization",true
unit_002718,nature_remote_sensing_review_0038,Nature Communications,2025,moderate_concern,moderate,model performance,"Machine learning, model performance, and generalization",true
unit_002719,nature_remote_sensing_review_0038,Nature Communications,2025,moderate_concern,moderate,manuscript claim or supporting evidence,"Methods, results, discussion structure, and explanatory clarity",true
unit_002720,nature_remote_sensing_review_0038,Nature Communications,2025,moderate_concern,moderate,manuscript claim or supporting evidence,"Methods, results, discussion structure, and explanatory clarity",true
unit_002721,nature_remote_sensing_review_0038,Nature Communications,2025,moderate_concern,moderate,figure evidence,"Figures, extended data, and evidentiary display",true
unit_002722,nature_remote_sensing_review_0038,Nature Communications,2025,moderate_concern,moderate,methodological support,"Methods, results, discussion structure, and explanatory clarity",true
unit_002723,nature_remote_sensing_review_0038,Nature Communications,2025,revision_assessment,major,manuscript claim or supporting evidence,"Concern resolution, code, publication readiness, and reproducibility",true
unit_002724,nature_remote_sensing_review_0038,Nature Communications,2025,moderate_concern,moderate,manuscript claim or supporting evidence,"Methods, results, discussion structure, and explanatory clarity",true
unit_002725,nature_remote_sensing_review_0038,Nature Communications,2025,moderate_concern,moderate,model performance,"Sea level, vertical land motion, InSAR, and coastal elevation change",true
unit_002726,nature_remote_sensing_review_0038,Nature Communications,2025,moderate_concern,moderate,"causal or attribution claim, model performance, methodological support","Methods, results, discussion structure, and explanatory clarity",true
unit_002727,nature_remote_sensing_review_0038,Nature Communications,2025,moderate_concern,moderate,methodological support,"Remote-sensing context, citation positioning, and prior work",true
unit_002728,nature_remote_sensing_review_0038,Nature Communications,2025,moderate_concern,moderate,manuscript claim or supporting evidence,"Figures, extended data, and evidentiary display",true
unit_002729,nature_remote_sensing_review_0038,Nature Communications,2025,moderate_concern,moderate,manuscript claim or supporting evidence,"Methods, results, discussion structure, and explanatory clarity",true
unit_002730,nature_remote_sensing_review_0038,Nature Communications,2025,moderate_concern,moderate,manuscript claim or supporting evidence,"Spatial data, resolution, and product coverage",true
unit_002731,nature_remote_sensing_review_0038,Nature Communications,2025,line_comment,moderate,methodological support,"Spatial data, resolution, and product coverage",true
unit_002732,nature_remote_sensing_review_0038,Nature Communications,2025,contribution_assessment,minor,methodological support,"Spatial data, resolution, and product coverage",true
unit_002733,nature_remote_sensing_review_0038,Nature Communications,2025,contribution_assessment,moderate,"model performance, methodological support","Spatial data, resolution, and product coverage",true
unit_002734,nature_remote_sensing_review_0038,Nature Communications,2025,moderate_concern,moderate,manuscript claim or supporting evidence,"Methods, results, discussion structure, and explanatory clarity",true
unit_002735,nature_remote_sensing_review_0038,Nature Communications,2025,moderate_concern,moderate,methodological support,"Methods, results, discussion structure, and explanatory clarity",true
unit_002736,nature_remote_sensing_review_0038,Nature Communications,2025,moderate_concern,moderate,model performance,"Methods, results, discussion structure, and explanatory clarity",true
unit_002737,nature_remote_sensing_review_0038,Nature Communications,2025,moderate_concern,moderate,"global generalization, model performance","Methods, results, discussion structure, and explanatory clarity",true
unit_002738,nature_remote_sensing_review_0038,Nature Communications,2025,minor_comment,minor,manuscript claim or supporting evidence,"Concern resolution, code, publication readiness, and reproducibility",true
unit_002739,nature_remote_sensing_review_0038,Nature Communications,2025,moderate_concern,moderate,manuscript claim or supporting evidence,"Concern resolution, code, publication readiness, and reproducibility",true
unit_002740,nature_remote_sensing_review_0038,Nature Communications,2025,contribution_assessment,moderate,manuscript claim or supporting evidence,"Methods, results, discussion structure, and explanatory clarity",true
unit_002741,nature_remote_sensing_review_0038,Nature Communications,2025,contribution_assessment,moderate,model performance,"Spatial data, resolution, and product coverage",true
unit_002742,nature_remote_sensing_review_0038,Nature Communications,2025,moderate_concern,moderate,methodological support,"Methods, results, discussion structure, and explanatory clarity",true
unit_002743,nature_remote_sensing_review_0038,Nature Communications,2025,minor_comment,minor,model performance,"Machine learning, model performance, and generalization",true
unit_002744,nature_remote_sensing_review_0038,Nature Communications,2025,moderate_concern,moderate,manuscript claim or supporting evidence,"Concern resolution, code, publication readiness, and reproducibility",true
unit_002745,nature_remote_sensing_review_0038,Nature Communications,2025,revision_assessment,moderate,manuscript claim or supporting evidence,"Concern resolution, code, publication readiness, and reproducibility",true
unit_002746,nature_remote_sensing_review_0039,Nature Communications,2025,contribution_assessment,minor,"global generalization, novelty claim, model performance","Spatial data, resolution, and product coverage",true
unit_002747,nature_remote_sensing_review_0039,Nature Communications,2025,moderate_concern,moderate,manuscript claim or supporting evidence,"Figures, extended data, and evidentiary display",true
unit_002748,nature_remote_sensing_review_0039,Nature Communications,2025,contribution_assessment,moderate,model performance,"Spatial data, resolution, and product coverage",true
unit_002749,nature_remote_sensing_review_0039,Nature Communications,2025,moderate_concern,moderate,table evidence,"Spatial data, resolution, and product coverage",true
unit_002750,nature_remote_sensing_review_0039,Nature Communications,2025,line_comment,minor,manuscript claim or supporting evidence,"Methods, results, discussion structure, and explanatory clarity",true
unit_002751,nature_remote_sensing_review_0039,Nature Communications,2025,line_comment,moderate,global generalization,"Methods, results, discussion structure, and explanatory clarity",true
unit_002752,nature_remote_sensing_review_0039,Nature Communications,2025,line_comment,moderate,manuscript claim or supporting evidence,"Methods, results, discussion structure, and explanatory clarity",true
unit_002753,nature_remote_sensing_review_0039,Nature Communications,2025,line_comment,moderate,manuscript claim or supporting evidence,"Tree cover, land cover, land-use change, and mapping definitions",true
unit_002754,nature_remote_sensing_review_0039,Nature Communications,2025,line_comment,moderate,methodological support,"Methods, results, discussion structure, and explanatory clarity",true
unit_002755,nature_remote_sensing_review_0039,Nature Communications,2025,line_comment,minor,manuscript claim or supporting evidence,"Methods, results, discussion structure, and explanatory clarity",true
unit_002756,nature_remote_sensing_review_0039,Nature Communications,2025,line_comment,moderate,manuscript claim or supporting evidence,C3/C4 vegetation coverage and biome classification,true
unit_002757,nature_remote_sensing_review_0039,Nature Communications,2025,line_comment,moderate,manuscript claim or supporting evidence,"Methods, results, discussion structure, and explanatory clarity",true
unit_002758,nature_remote_sensing_review_0039,Nature Communications,2025,figure_or_table_comment,moderate,figure evidence,"Figures, extended data, and evidentiary display",true
unit_002759,nature_remote_sensing_review_0039,Nature Communications,2025,line_comment,moderate,manuscript claim or supporting evidence,"Spatial data, resolution, and product coverage",true
unit_002760,nature_remote_sensing_review_0039,Nature Communications,2025,line_comment,moderate,manuscript claim or supporting evidence,"Methods, results, discussion structure, and explanatory clarity",true
unit_002761,nature_remote_sensing_review_0039,Nature Communications,2025,line_comment,moderate,manuscript claim or supporting evidence,"Methods, results, discussion structure, and explanatory clarity",true
unit_002762,nature_remote_sensing_review_0039,Nature Communications,2025,line_comment,minor,manuscript claim or supporting evidence,"Spatial data, resolution, and product coverage",true
unit_002763,nature_remote_sensing_review_0039,Nature Communications,2025,line_comment,moderate,uncertainty claim,"Methods, results, discussion structure, and explanatory clarity",true
unit_002764,nature_remote_sensing_review_0039,Nature Communications,2025,figure_or_table_comment,moderate,figure evidence,"Figures, extended data, and evidentiary display",true
unit_002765,nature_remote_sensing_review_0039,Nature Communications,2025,line_comment,moderate,manuscript claim or supporting evidence,"Methods, results, discussion structure, and explanatory clarity",true
unit_002766,nature_remote_sensing_review_0039,Nature Communications,2025,figure_or_table_comment,moderate,manuscript claim or supporting evidence,"Figures, extended data, and evidentiary display",true
unit_002767,nature_remote_sensing_review_0039,Nature Communications,2025,line_comment,moderate,manuscript claim or supporting evidence,C3/C4 vegetation coverage and biome classification,true
unit_002768,nature_remote_sensing_review_0039,Nature Communications,2025,line_comment,moderate,manuscript claim or supporting evidence,"Methods, results, discussion structure, and explanatory clarity",true
unit_002769,nature_remote_sensing_review_0039,Nature Communications,2025,line_comment,minor,manuscript claim or supporting evidence,"Methods, results, discussion structure, and explanatory clarity",true
unit_002770,nature_remote_sensing_review_0039,Nature Communications,2025,line_comment,moderate,model performance,"Machine learning, model performance, and generalization",true
unit_002771,nature_remote_sensing_review_0039,Nature Communications,2025,line_comment,moderate,manuscript claim or supporting evidence,C3/C4 vegetation coverage and biome classification,true
unit_002772,nature_remote_sensing_review_0039,Nature Communications,2025,line_comment,moderate,manuscript claim or supporting evidence,"Machine learning, model performance, and generalization",true
unit_002773,nature_remote_sensing_review_0039,Nature Communications,2025,line_comment,moderate,manuscript claim or supporting evidence,"Methods, results, discussion structure, and explanatory clarity",true
unit_002774,nature_remote_sensing_review_0039,Nature Communications,2025,line_comment,moderate,manuscript claim or supporting evidence,"Methods, results, discussion structure, and explanatory clarity",true
unit_002775,nature_remote_sensing_review_0039,Nature Communications,2025,line_comment,moderate,manuscript claim or supporting evidence,"Urban, inter-city, and SDG-impact interpretation",true
unit_002776,nature_remote_sensing_review_0039,Nature Communications,2025,line_comment,moderate,manuscript claim or supporting evidence,"Concern resolution, code, publication readiness, and reproducibility",true
unit_002777,nature_remote_sensing_review_0039,Nature Communications,2025,contribution_assessment,moderate,global generalization,"Amazon, forest cover, land-use pressure, and forest resilience",true
unit_002778,nature_remote_sensing_review_0039,Nature Communications,2025,moderate_concern,moderate,model performance,"River, water storage, sediment, tidal, and hydraulic interpretation",true
unit_002779,nature_remote_sensing_review_0039,Nature Communications,2025,contribution_assessment,minor,manuscript claim or supporting evidence,"Methods, results, discussion structure, and explanatory clarity",true
unit_002780,nature_remote_sensing_review_0039,Nature Communications,2025,moderate_concern,moderate,manuscript claim or supporting evidence,"Tree cover, land cover, land-use change, and mapping definitions",true
unit_002781,nature_remote_sensing_review_0039,Nature Communications,2025,moderate_concern,moderate,manuscript claim or supporting evidence,"Methods, results, discussion structure, and explanatory clarity",true
unit_002782,nature_remote_sensing_review_0039,Nature Communications,2025,contribution_assessment,moderate,manuscript claim or supporting evidence,"Remote-sensing context, citation positioning, and prior work",true
unit_002783,nature_remote_sensing_review_0039,Nature Communications,2025,moderate_concern,moderate,methodological support,"Methods, results, discussion structure, and explanatory clarity",true
unit_002784,nature_remote_sensing_review_0039,Nature Communications,2025,moderate_concern,moderate,manuscript claim or supporting evidence,"Remote-sensing context, citation positioning, and prior work",true
unit_002785,nature_remote_sensing_review_0039,Nature Communications,2025,figure_or_table_comment,moderate,figure evidence,"Figures, extended data, and evidentiary display",true
unit_002786,nature_remote_sensing_review_0039,Nature Communications,2025,contribution_assessment,moderate,manuscript claim or supporting evidence,"Methods, results, discussion structure, and explanatory clarity",true
unit_002787,nature_remote_sensing_review_0039,Nature Communications,2025,minor_comment,minor,manuscript claim or supporting evidence,"Spatial data, resolution, and product coverage",true
unit_002788,nature_remote_sensing_review_0039,Nature Communications,2025,minor_comment,minor,manuscript claim or supporting evidence,"Concern resolution, code, publication readiness, and reproducibility",true
unit_002789,nature_remote_sensing_review_0039,Nature Communications,2025,moderate_concern,moderate,methodological support,"Methods, results, discussion structure, and explanatory clarity",true
unit_002790,nature_remote_sensing_review_0039,Nature Communications,2025,moderate_concern,moderate,manuscript claim or supporting evidence,"Concern resolution, code, publication readiness, and reproducibility",true
unit_002791,nature_remote_sensing_review_0039,Nature Communications,2025,contribution_assessment,major,manuscript claim or supporting evidence,"Methods, results, discussion structure, and explanatory clarity",true
unit_002792,nature_remote_sensing_review_0039,Nature Communications,2025,moderate_concern,moderate,manuscript claim or supporting evidence,"Methods, results, discussion structure, and explanatory clarity",true
unit_002793,nature_remote_sensing_review_0039,Nature Communications,2025,contribution_assessment,minor,uncertainty claim,"Figures, extended data, and evidentiary display",true
unit_002794,nature_remote_sensing_review_0039,Nature Communications,2025,minor_comment,minor,uncertainty claim,"Concern resolution, code, publication readiness, and reproducibility",true
unit_002795,nature_remote_sensing_review_0039,Nature Communications,2025,contribution_assessment,moderate,global generalization,"Amazon, forest cover, land-use pressure, and forest resilience",true
unit_002796,nature_remote_sensing_review_0039,Nature Communications,2025,contribution_assessment,moderate,manuscript claim or supporting evidence,"Concern resolution, code, publication readiness, and reproducibility",true
unit_002797,nature_remote_sensing_review_0039,Nature Communications,2025,moderate_concern,moderate,manuscript claim or supporting evidence,"Concern resolution, code, publication readiness, and reproducibility",true
unit_002798,nature_remote_sensing_review_0040,Nature Communications,2025,contribution_assessment,moderate,"novelty claim, figure evidence, table evidence","Spatial data, resolution, and product coverage",true
unit_002799,nature_remote_sensing_review_0040,Nature Communications,2025,revision_assessment,moderate,manuscript claim or supporting evidence,"Concern resolution, code, publication readiness, and reproducibility",true
unit_002800,nature_remote_sensing_review_0040,Nature Communications,2025,moderate_concern,moderate,methodological support,"Methods, results, discussion structure, and explanatory clarity",true
unit_002801,nature_remote_sensing_review_0040,Nature Communications,2025,minor_comment,minor,figure evidence,"Figures, extended data, and evidentiary display",true
unit_002802,nature_remote_sensing_review_0040,Nature Communications,2025,moderate_concern,moderate,methodological support,"Remote-sensing context, citation positioning, and prior work",true
unit_002803,nature_remote_sensing_review_0040,Nature Communications,2025,figure_or_table_comment,moderate,"model performance, figure evidence, methodological support","Figures, extended data, and evidentiary display",true
unit_002804,nature_remote_sensing_review_0040,Nature Communications,2025,figure_or_table_comment,moderate,table evidence,"Figures, extended data, and evidentiary display",true
unit_002805,nature_remote_sensing_review_0040,Nature Communications,2025,line_comment,moderate,manuscript claim or supporting evidence,"Concern resolution, code, publication readiness, and reproducibility",true
unit_002806,nature_remote_sensing_review_0040,Nature Communications,2025,contribution_assessment,minor,methodological support,"Methods, results, discussion structure, and explanatory clarity",true
unit_002807,nature_remote_sensing_review_0040,Nature Communications,2025,minor_comment,minor,manuscript claim or supporting evidence,"Methods, results, discussion structure, and explanatory clarity",true
unit_002808,nature_remote_sensing_review_0040,Nature Communications,2025,line_comment,moderate,manuscript claim or supporting evidence,"Methods, results, discussion structure, and explanatory clarity",true
unit_002809,nature_remote_sensing_review_0040,Nature Communications,2025,line_comment,minor,manuscript claim or supporting evidence,"Methods, results, discussion structure, and explanatory clarity",true
unit_002810,nature_remote_sensing_review_0040,Nature Communications,2025,line_comment,major,manuscript claim or supporting evidence,"Sea level, vertical land motion, InSAR, and coastal elevation change",true
unit_002811,nature_remote_sensing_review_0040,Nature Communications,2025,minor_comment,minor,"global generalization, table evidence","Spatial data, resolution, and product coverage",true
unit_002812,nature_remote_sensing_review_0040,Nature Communications,2025,contribution_assessment,moderate,"global generalization, novelty claim, methodological support","Spatial data, resolution, and product coverage",true
unit_002813,nature_remote_sensing_review_0040,Nature Communications,2025,moderate_concern,moderate,manuscript claim or supporting evidence,"Methods, results, discussion structure, and explanatory clarity",true
unit_002814,nature_remote_sensing_review_0040,Nature Communications,2025,minor_comment,minor,manuscript claim or supporting evidence,"Methods, results, discussion structure, and explanatory clarity",true
unit_002815,nature_remote_sensing_review_0040,Nature Communications,2025,contribution_assessment,moderate,manuscript claim or supporting evidence,"Methods, results, discussion structure, and explanatory clarity",true
unit_002816,nature_remote_sensing_review_0040,Nature Communications,2025,moderate_concern,moderate,manuscript claim or supporting evidence,"Sea level, vertical land motion, InSAR, and coastal elevation change",true
unit_002817,nature_remote_sensing_review_0040,Nature Communications,2025,moderate_concern,moderate,manuscript claim or supporting evidence,"Methods, results, discussion structure, and explanatory clarity",true
unit_002818,nature_remote_sensing_review_0040,Nature Communications,2025,moderate_concern,moderate,manuscript claim or supporting evidence,"Methods, results, discussion structure, and explanatory clarity",true
unit_002819,nature_remote_sensing_review_0040,Nature Communications,2025,moderate_concern,moderate,causal or attribution claim,"Remote-sensing context, citation positioning, and prior work",true
unit_002820,nature_remote_sensing_review_0040,Nature Communications,2025,minor_comment,minor,manuscript claim or supporting evidence,"Sea level, vertical land motion, InSAR, and coastal elevation change",true
unit_002821,nature_remote_sensing_review_0040,Nature Communications,2025,moderate_concern,moderate,global generalization,"Methods, results, discussion structure, and explanatory clarity",true
unit_002822,nature_remote_sensing_review_0040,Nature Communications,2025,figure_or_table_comment,moderate,table evidence,"Figures, extended data, and evidentiary display",true
unit_002823,nature_remote_sensing_review_0040,Nature Communications,2025,moderate_concern,moderate,manuscript claim or supporting evidence,"Methods, results, discussion structure, and explanatory clarity",true
unit_002824,nature_remote_sensing_review_0040,Nature Communications,2025,moderate_concern,moderate,manuscript claim or supporting evidence,"Remote-sensing context, citation positioning, and prior work",true
unit_002825,nature_remote_sensing_review_0040,Nature Communications,2025,minor_comment,minor,manuscript claim or supporting evidence,"Methods, results, discussion structure, and explanatory clarity",true
unit_002826,nature_remote_sensing_review_0040,Nature Communications,2025,figure_or_table_comment,moderate,figure evidence,"Figures, extended data, and evidentiary display",true
unit_002827,nature_remote_sensing_review_0040,Nature Communications,2025,figure_or_table_comment,minor,figure evidence,"Figures, extended data, and evidentiary display",true
unit_002828,nature_remote_sensing_review_0040,Nature Communications,2025,moderate_concern,moderate,manuscript claim or supporting evidence,"Methods, results, discussion structure, and explanatory clarity",true
unit_002829,nature_remote_sensing_review_0040,Nature Communications,2025,moderate_concern,moderate,manuscript claim or supporting evidence,"Methods, results, discussion structure, and explanatory clarity",true
unit_002830,nature_remote_sensing_review_0040,Nature Communications,2025,major_concern,major,manuscript claim or supporting evidence,"Methods, results, discussion structure, and explanatory clarity",true
unit_002831,nature_remote_sensing_review_0040,Nature Communications,2025,moderate_concern,moderate,manuscript claim or supporting evidence,"Spatial data, resolution, and product coverage",true
unit_002832,nature_remote_sensing_review_0040,Nature Communications,2025,moderate_concern,moderate,manuscript claim or supporting evidence,"Methods, results, discussion structure, and explanatory clarity",true
unit_002833,nature_remote_sensing_review_0040,Nature Communications,2025,minor_comment,minor,manuscript claim or supporting evidence,"Spatial data, resolution, and product coverage",true
unit_002834,nature_remote_sensing_review_0040,Nature Communications,2025,contribution_assessment,major,"global generalization, novelty claim, methodological support","Methods, results, discussion structure, and explanatory clarity",true
unit_002835,nature_remote_sensing_review_0040,Nature Communications,2025,moderate_concern,moderate,manuscript claim or supporting evidence,"Long-term time series, climate variability, and trend interpretation",true
unit_002836,nature_remote_sensing_review_0040,Nature Communications,2025,contribution_assessment,major,methodological support,"Methods, results, discussion structure, and explanatory clarity",true
unit_002837,nature_remote_sensing_review_0040,Nature Communications,2025,figure_or_table_comment,minor,"figure evidence, methodological support","Figures, extended data, and evidentiary display",true
unit_002838,nature_remote_sensing_review_0040,Nature Communications,2025,moderate_concern,moderate,methodological support,"Spatial data, resolution, and product coverage",true
unit_002839,nature_remote_sensing_review_0040,Nature Communications,2025,moderate_concern,moderate,methodological support,"Spatial data, resolution, and product coverage",true
unit_002840,nature_remote_sensing_review_0040,Nature Communications,2025,contribution_assessment,moderate,manuscript claim or supporting evidence,"Sea level, vertical land motion, InSAR, and coastal elevation change",true
unit_002841,nature_remote_sensing_review_0040,Nature Communications,2025,moderate_concern,moderate,manuscript claim or supporting evidence,"Methods, results, discussion structure, and explanatory clarity",true
unit_002842,nature_remote_sensing_review_0040,Nature Communications,2025,contribution_assessment,moderate,"uncertainty claim, model performance","Methods, results, discussion structure, and explanatory clarity",true
unit_002843,nature_remote_sensing_review_0040,Nature Communications,2025,line_comment,moderate,manuscript claim or supporting evidence,"Methods, results, discussion structure, and explanatory clarity",true
unit_002844,nature_remote_sensing_review_0040,Nature Communications,2025,line_comment,minor,figure evidence,"Figures, extended data, and evidentiary display",true
unit_002845,nature_remote_sensing_review_0040,Nature Communications,2025,line_comment,moderate,figure evidence,"Figures, extended data, and evidentiary display",true
unit_002846,nature_remote_sensing_review_0040,Nature Communications,2025,moderate_concern,moderate,manuscript claim or supporting evidence,"Concern resolution, code, publication readiness, and reproducibility",true
unit_002847,nature_remote_sensing_review_0040,Nature Communications,2025,moderate_concern,moderate,manuscript claim or supporting evidence,"Methods, results, discussion structure, and explanatory clarity",true
unit_002848,nature_remote_sensing_review_0040,Nature Communications,2025,minor_comment,minor,manuscript claim or supporting evidence,"Methods, results, discussion structure, and explanatory clarity",true
unit_002849,nature_remote_sensing_review_0040,Nature Communications,2025,contribution_assessment,moderate,global generalization,"Methods, results, discussion structure, and explanatory clarity",true
unit_002850,nature_remote_sensing_review_0040,Nature Communications,2025,figure_or_table_comment,minor,figure evidence,"Spatial data, resolution, and product coverage",true
unit_002851,nature_remote_sensing_review_0040,Nature Communications,2025,figure_or_table_comment,minor,figure evidence,"Figures, extended data, and evidentiary display",true
unit_002852,nature_remote_sensing_review_0040,Nature Communications,2025,moderate_concern,moderate,manuscript claim or supporting evidence,"Methods, results, discussion structure, and explanatory clarity",true
unit_002853,nature_remote_sensing_review_0040,Nature Communications,2025,figure_or_table_comment,minor,figure evidence,"Remote-sensing context, citation positioning, and prior work",true
unit_002854,nature_remote_sensing_review_0040,Nature Communications,2025,moderate_concern,moderate,manuscript claim or supporting evidence,"Concern resolution, code, publication readiness, and reproducibility",true
unit_002855,nature_remote_sensing_review_0040,Nature Communications,2025,moderate_concern,moderate,manuscript claim or supporting evidence,"Spatial data, resolution, and product coverage",true
unit_002856,nature_remote_sensing_review_0040,Nature Communications,2025,moderate_concern,moderate,manuscript claim or supporting evidence,"Sea level, vertical land motion, InSAR, and coastal elevation change",true
unit_002857,nature_remote_sensing_review_0040,Nature Communications,2025,figure_or_table_comment,moderate,"figure evidence, methodological support","Figures, extended data, and evidentiary display",true
unit_002858,nature_remote_sensing_review_0040,Nature Communications,2025,moderate_concern,moderate,manuscript claim or supporting evidence,"Concern resolution, code, publication readiness, and reproducibility",true
unit_002859,nature_remote_sensing_review_0040,Nature Communications,2025,contribution_assessment,moderate,manuscript claim or supporting evidence,"Spatial data, resolution, and product coverage",true
unit_002860,nature_remote_sensing_review_0040,Nature Communications,2025,figure_or_table_comment,minor,"figure evidence, methodological support","Figures, extended data, and evidentiary display",true
unit_002861,nature_remote_sensing_review_0041,Nature Communications,2025,contribution_assessment,moderate,"trend interpretation, causal or attribution claim, global generalization","Long-term time series, climate variability, and trend interpretation",true
unit_002862,nature_remote_sensing_review_0041,Nature Communications,2025,major_concern,major,causal or attribution claim,"Spatial data, resolution, and product coverage",true
unit_002863,nature_remote_sensing_review_0041,Nature Communications,2025,minor_comment,minor,manuscript claim or supporting evidence,"Boreal forests, burned area, fire size, and post-fire surface response",true
unit_002864,nature_remote_sensing_review_0041,Nature Communications,2025,figure_or_table_comment,minor,figure evidence,"Figures, extended data, and evidentiary display",true
unit_002865,nature_remote_sensing_review_0041,Nature Communications,2025,line_comment,minor,manuscript claim or supporting evidence,"Methods, results, discussion structure, and explanatory clarity",true
unit_002866,nature_remote_sensing_review_0041,Nature Communications,2025,line_comment,moderate,manuscript claim or supporting evidence,"Tree cover, land cover, land-use change, and mapping definitions",true
unit_002867,nature_remote_sensing_review_0041,Nature Communications,2025,line_comment,moderate,global generalization,"Methods, results, discussion structure, and explanatory clarity",true
unit_002868,nature_remote_sensing_review_0041,Nature Communications,2025,contribution_assessment,moderate,"trend interpretation, global generalization, model performance","Machine learning, model performance, and generalization",true
unit_002869,nature_remote_sensing_review_0041,Nature Communications,2025,moderate_concern,moderate,model performance,"Methods, results, discussion structure, and explanatory clarity",true
unit_002870,nature_remote_sensing_review_0041,Nature Communications,2025,moderate_concern,moderate,methodological support,"Methods, results, discussion structure, and explanatory clarity",true
unit_002871,nature_remote_sensing_review_0041,Nature Communications,2025,contribution_assessment,minor,manuscript claim or supporting evidence,"Methods, results, discussion structure, and explanatory clarity",true
unit_002872,nature_remote_sensing_review_0041,Nature Communications,2025,moderate_concern,moderate,manuscript claim or supporting evidence,"Spatial data, resolution, and product coverage",true
unit_002873,nature_remote_sensing_review_0041,Nature Communications,2025,moderate_concern,moderate,manuscript claim or supporting evidence,"Methods, results, discussion structure, and explanatory clarity",true
unit_002874,nature_remote_sensing_review_0041,Nature Communications,2025,moderate_concern,moderate,manuscript claim or supporting evidence,"Methods, results, discussion structure, and explanatory clarity",true
unit_002875,nature_remote_sensing_review_0041,Nature Communications,2025,moderate_concern,moderate,manuscript claim or supporting evidence,"Figures, extended data, and evidentiary display",true
unit_002876,nature_remote_sensing_review_0041,Nature Communications,2025,moderate_concern,moderate,manuscript claim or supporting evidence,"Methods, results, discussion structure, and explanatory clarity",true
unit_002877,nature_remote_sensing_review_0041,Nature Communications,2025,moderate_concern,moderate,manuscript claim or supporting evidence,"Figures, extended data, and evidentiary display",true
unit_002878,nature_remote_sensing_review_0041,Nature Communications,2025,major_concern,major,manuscript claim or supporting evidence,"Methods, results, discussion structure, and explanatory clarity",true
unit_002879,nature_remote_sensing_review_0041,Nature Communications,2025,moderate_concern,moderate,model performance,"Figures, extended data, and evidentiary display",true
unit_002880,nature_remote_sensing_review_0041,Nature Communications,2025,contribution_assessment,major,"global generalization, table evidence","Figures, extended data, and evidentiary display",true
unit_002881,nature_remote_sensing_review_0041,Nature Communications,2025,contribution_assessment,minor,methodological support,"Spatial data, resolution, and product coverage",true
unit_002882,nature_remote_sensing_review_0041,Nature Communications,2025,minor_comment,minor,manuscript claim or supporting evidence,"Methods, results, discussion structure, and explanatory clarity",true
unit_002883,nature_remote_sensing_review_0041,Nature Communications,2025,line_comment,moderate,manuscript claim or supporting evidence,"Methods, results, discussion structure, and explanatory clarity",true
unit_002884,nature_remote_sensing_review_0041,Nature Communications,2025,line_comment,moderate,manuscript claim or supporting evidence,"Methods, results, discussion structure, and explanatory clarity",true
unit_002885,nature_remote_sensing_review_0041,Nature Communications,2025,line_comment,moderate,manuscript claim or supporting evidence,"Methods, results, discussion structure, and explanatory clarity",true
unit_002886,nature_remote_sensing_review_0041,Nature Communications,2025,line_comment,moderate,manuscript claim or supporting evidence,"Methods, results, discussion structure, and explanatory clarity",true
unit_002887,nature_remote_sensing_review_0041,Nature Communications,2025,line_comment,moderate,manuscript claim or supporting evidence,"Methods, results, discussion structure, and explanatory clarity",true
unit_002888,nature_remote_sensing_review_0041,Nature Communications,2025,line_comment,moderate,manuscript claim or supporting evidence,"Amazon, forest cover, land-use pressure, and forest resilience",true
unit_002889,nature_remote_sensing_review_0041,Nature Communications,2025,moderate_concern,moderate,manuscript claim or supporting evidence,"Methods, results, discussion structure, and explanatory clarity",true
unit_002890,nature_remote_sensing_review_0041,Nature Communications,2025,minor_comment,minor,"model performance, methodological support","Spatial data, resolution, and product coverage",true
unit_002891,nature_remote_sensing_review_0041,Nature Communications,2025,minor_comment,minor,"product validity, uncertainty claim, model performance","Spatial data, resolution, and product coverage",true
unit_002892,nature_remote_sensing_review_0041,Nature Communications,2025,minor_comment,minor,manuscript claim or supporting evidence,"Methods, results, discussion structure, and explanatory clarity",true
unit_002893,nature_remote_sensing_review_0042,Nature Communications,2025,minor_comment,minor,manuscript claim or supporting evidence,"Methods, results, discussion structure, and explanatory clarity",true
unit_002894,nature_remote_sensing_review_0042,Nature Communications,2025,minor_comment,minor,trend interpretation,"Long-term time series, climate variability, and trend interpretation",true
unit_002895,nature_remote_sensing_review_0042,Nature Communications,2025,minor_comment,minor,trend interpretation,"Long-term time series, climate variability, and trend interpretation",true
unit_002896,nature_remote_sensing_review_0042,Nature Communications,2025,minor_comment,minor,manuscript claim or supporting evidence,"Methods, results, discussion structure, and explanatory clarity",true
unit_002897,nature_remote_sensing_review_0042,Nature Communications,2025,moderate_concern,moderate,"trend interpretation, causal or attribution claim","Long-term time series, climate variability, and trend interpretation",true
unit_002898,nature_remote_sensing_review_0042,Nature Communications,2025,moderate_concern,moderate,model performance,"Concern resolution, code, publication readiness, and reproducibility",true
unit_002899,nature_remote_sensing_review_0042,Nature Communications,2025,moderate_concern,moderate,manuscript claim or supporting evidence,"Methods, results, discussion structure, and explanatory clarity",true
unit_002900,nature_remote_sensing_review_0042,Nature Communications,2025,revision_assessment,minor,manuscript claim or supporting evidence,"Methods, results, discussion structure, and explanatory clarity",true
unit_002901,nature_remote_sensing_review_0042,Nature Communications,2025,contribution_assessment,moderate,"trend interpretation, model performance","Long-term time series, climate variability, and trend interpretation",true
unit_002902,nature_remote_sensing_review_0042,Nature Communications,2025,line_comment,minor,"trend interpretation, global generalization","Long-term time series, climate variability, and trend interpretation",true
unit_002903,nature_remote_sensing_review_0042,Nature Communications,2025,line_comment,minor,"global generalization, model performance","Spatial data, resolution, and product coverage",true
unit_002904,nature_remote_sensing_review_0043,Nature Communications,2025,contribution_assessment,moderate,"novelty claim, methodological support","Methods, results, discussion structure, and explanatory clarity",true
unit_002905,nature_remote_sensing_review_0043,Nature Communications,2025,moderate_concern,moderate,methodological support,"Methods, results, discussion structure, and explanatory clarity",true
unit_002906,nature_remote_sensing_review_0043,Nature Communications,2025,moderate_concern,moderate,manuscript claim or supporting evidence,"Methods, results, discussion structure, and explanatory clarity",true
unit_002907,nature_remote_sensing_review_0043,Nature Communications,2025,moderate_concern,moderate,manuscript claim or supporting evidence,"Methods, results, discussion structure, and explanatory clarity",true
unit_002908,nature_remote_sensing_review_0043,Nature Communications,2025,moderate_concern,moderate,manuscript claim or supporting evidence,"Remote-sensing context, citation positioning, and prior work",true
unit_002909,nature_remote_sensing_review_0043,Nature Communications,2025,contribution_assessment,moderate,"model performance, methodological support","Methods, results, discussion structure, and explanatory clarity",true
unit_002910,nature_remote_sensing_review_0043,Nature Communications,2025,moderate_concern,moderate,manuscript claim or supporting evidence,"Spatial data, resolution, and product coverage",true
unit_002911,nature_remote_sensing_review_0043,Nature Communications,2025,contribution_assessment,moderate,manuscript claim or supporting evidence,"Methods, results, discussion structure, and explanatory clarity",true
unit_002912,nature_remote_sensing_review_0043,Nature Communications,2025,moderate_concern,moderate,manuscript claim or supporting evidence,"Spatial data, resolution, and product coverage",true
unit_002913,nature_remote_sensing_review_0043,Nature Communications,2025,moderate_concern,moderate,manuscript claim or supporting evidence,"Concern resolution, code, publication readiness, and reproducibility",true
unit_002914,nature_remote_sensing_review_0043,Nature Communications,2025,moderate_concern,moderate,"model performance, methodological support","Spatial data, resolution, and product coverage",true
unit_002915,nature_remote_sensing_review_0043,Nature Communications,2025,moderate_concern,moderate,"model performance, methodological support","Machine learning, model performance, and generalization",true
unit_002916,nature_remote_sensing_review_0043,Nature Communications,2025,moderate_concern,moderate,model performance,"Methods, results, discussion structure, and explanatory clarity",true
unit_002917,nature_remote_sensing_review_0043,Nature Communications,2025,moderate_concern,moderate,model performance,"Machine learning, model performance, and generalization",true
unit_002918,nature_remote_sensing_review_0043,Nature Communications,2025,moderate_concern,moderate,methodological support,"Spatial data, resolution, and product coverage",true
unit_002919,nature_remote_sensing_review_0043,Nature Communications,2025,moderate_concern,moderate,manuscript claim or supporting evidence,"Methods, results, discussion structure, and explanatory clarity",true
unit_002920,nature_remote_sensing_review_0043,Nature Communications,2025,minor_comment,minor,methodological support,"Methods, results, discussion structure, and explanatory clarity",true
unit_002921,nature_remote_sensing_review_0043,Nature Communications,2025,moderate_concern,moderate,manuscript claim or supporting evidence,"Figures, extended data, and evidentiary display",true
unit_002922,nature_remote_sensing_review_0043,Nature Communications,2025,contribution_assessment,moderate,model performance,"Methods, results, discussion structure, and explanatory clarity",true
unit_002923,nature_remote_sensing_review_0043,Nature Communications,2025,minor_comment,minor,manuscript claim or supporting evidence,"Methods, results, discussion structure, and explanatory clarity",true
unit_002924,nature_remote_sensing_review_0043,Nature Communications,2025,minor_comment,minor,manuscript claim or supporting evidence,"Methods, results, discussion structure, and explanatory clarity",true
unit_002925,nature_remote_sensing_review_0043,Nature Communications,2025,moderate_concern,moderate,manuscript claim or supporting evidence,"Methods, results, discussion structure, and explanatory clarity",true
unit_002926,nature_remote_sensing_review_0043,Nature Communications,2025,moderate_concern,moderate,model performance,"Machine learning, model performance, and generalization",true
unit_002927,nature_remote_sensing_review_0043,Nature Communications,2025,moderate_concern,moderate,manuscript claim or supporting evidence,"Concern resolution, code, publication readiness, and reproducibility",true
unit_002928,nature_remote_sensing_review_0043,Nature Communications,2025,revision_assessment,moderate,manuscript claim or supporting evidence,"Methods, results, discussion structure, and explanatory clarity",true
unit_002929,nature_remote_sensing_review_0043,Nature Communications,2025,contribution_assessment,moderate,manuscript claim or supporting evidence,"Methods, results, discussion structure, and explanatory clarity",true
unit_002930,nature_remote_sensing_review_0043,Nature Communications,2025,moderate_concern,moderate,manuscript claim or supporting evidence,"Methods, results, discussion structure, and explanatory clarity",true
unit_002931,nature_remote_sensing_review_0043,Nature Communications,2025,contribution_assessment,moderate,"novelty claim, methodological support","Remote-sensing context, citation positioning, and prior work",true
unit_002932,nature_remote_sensing_review_0043,Nature Communications,2025,contribution_assessment,moderate,methodological support,"Methods, results, discussion structure, and explanatory clarity",true
unit_002933,nature_remote_sensing_review_0043,Nature Communications,2025,moderate_concern,moderate,manuscript claim or supporting evidence,"Urban, inter-city, and SDG-impact interpretation",true
unit_002934,nature_remote_sensing_review_0043,Nature Communications,2025,revision_assessment,minor,"novelty claim, model performance, methodological support","Remote-sensing context, citation positioning, and prior work",true
unit_002935,nature_remote_sensing_review_0043,Nature Communications,2025,contribution_assessment,major,"model performance, methodological support","Methods, results, discussion structure, and explanatory clarity",true
unit_002936,nature_remote_sensing_review_0043,Nature Communications,2025,contribution_assessment,moderate,model performance,"Urban, inter-city, and SDG-impact interpretation",true
unit_002937,nature_remote_sensing_review_0043,Nature Communications,2025,moderate_concern,moderate,model performance,"Methods, results, discussion structure, and explanatory clarity",true
unit_002938,nature_remote_sensing_review_0043,Nature Communications,2025,moderate_concern,moderate,manuscript claim or supporting evidence,"Machine learning, model performance, and generalization",true
unit_002939,nature_remote_sensing_review_0043,Nature Communications,2025,minor_comment,minor,manuscript claim or supporting evidence,"Concern resolution, code, publication readiness, and reproducibility",true
unit_002940,nature_remote_sensing_review_0043,Nature Communications,2025,moderate_concern,moderate,model performance,"Methods, results, discussion structure, and explanatory clarity",true
unit_002941,nature_remote_sensing_review_0043,Nature Communications,2025,contribution_assessment,moderate,"novelty claim, methodological support","Remote-sensing context, citation positioning, and prior work",true
unit_002942,nature_remote_sensing_review_0043,Nature Communications,2025,contribution_assessment,moderate,model performance,"Concern resolution, code, publication readiness, and reproducibility",true
unit_002943,nature_remote_sensing_review_0044,Nature Communications,2025,contribution_assessment,moderate,"global generalization, novelty claim","Remote-sensing context, citation positioning, and prior work",true
unit_002944,nature_remote_sensing_review_0044,Nature Communications,2025,moderate_concern,moderate,"product validity, model performance","Machine learning, model performance, and generalization",true
unit_002945,nature_remote_sensing_review_0044,Nature Communications,2025,contribution_assessment,moderate,product validity,"Spatial data, resolution, and product coverage",true
unit_002946,nature_remote_sensing_review_0044,Nature Communications,2025,contribution_assessment,moderate,model performance,"Machine learning, model performance, and generalization",true
unit_002947,nature_remote_sensing_review_0044,Nature Communications,2025,moderate_concern,moderate,"model performance, table evidence, methodological support","Spatial data, resolution, and product coverage",true
unit_002948,nature_remote_sensing_review_0044,Nature Communications,2025,moderate_concern,moderate,"product validity, model performance","Figures, extended data, and evidentiary display",true
unit_002949,nature_remote_sensing_review_0044,Nature Communications,2025,minor_comment,minor,methodological support,"Spatial data, resolution, and product coverage",true
unit_002950,nature_remote_sensing_review_0044,Nature Communications,2025,contribution_assessment,moderate,"global generalization, product validity, model performance","Spatial data, resolution, and product coverage",true
unit_002951,nature_remote_sensing_review_0044,Nature Communications,2025,moderate_concern,moderate,"trend interpretation, global generalization, model performance","Long-term time series, climate variability, and trend interpretation",true
unit_002952,nature_remote_sensing_review_0044,Nature Communications,2025,contribution_assessment,moderate,"trend interpretation, global generalization","Long-term time series, climate variability, and trend interpretation",true
unit_002953,nature_remote_sensing_review_0044,Nature Communications,2025,contribution_assessment,moderate,manuscript claim or supporting evidence,"Remote-sensing context, citation positioning, and prior work",true
unit_002954,nature_remote_sensing_review_0044,Nature Communications,2025,moderate_concern,moderate,global generalization,"Spatial data, resolution, and product coverage",true
unit_002955,nature_remote_sensing_review_0044,Nature Communications,2025,moderate_concern,moderate,trend interpretation,"Long-term time series, climate variability, and trend interpretation",true
unit_002956,nature_remote_sensing_review_0044,Nature Communications,2025,moderate_concern,moderate,manuscript claim or supporting evidence,"Methods, results, discussion structure, and explanatory clarity",true
unit_002957,nature_remote_sensing_review_0044,Nature Communications,2025,moderate_concern,moderate,manuscript claim or supporting evidence,"Methods, results, discussion structure, and explanatory clarity",true
unit_002958,nature_remote_sensing_review_0044,Nature Communications,2025,moderate_concern,moderate,"global generalization, methodological support, algorithm validity","Spatial data, resolution, and product coverage",true
unit_002959,nature_remote_sensing_review_0044,Nature Communications,2025,moderate_concern,moderate,"model performance, methodological support","Remote-sensing context, citation positioning, and prior work",true
unit_002960,nature_remote_sensing_review_0044,Nature Communications,2025,contribution_assessment,minor,methodological support,"Methods, results, discussion structure, and explanatory clarity",true
unit_002961,nature_remote_sensing_review_0044,Nature Communications,2025,moderate_concern,moderate,manuscript claim or supporting evidence,"Remote-sensing context, citation positioning, and prior work",true
unit_002962,nature_remote_sensing_review_0044,Nature Communications,2025,moderate_concern,moderate,manuscript claim or supporting evidence,"Remote-sensing context, citation positioning, and prior work",true
unit_002963,nature_remote_sensing_review_0044,Nature Communications,2025,moderate_concern,moderate,manuscript claim or supporting evidence,"Methods, results, discussion structure, and explanatory clarity",true
unit_002964,nature_remote_sensing_review_0044,Nature Communications,2025,moderate_concern,moderate,manuscript claim or supporting evidence,"Remote-sensing context, citation positioning, and prior work",true
unit_002965,nature_remote_sensing_review_0044,Nature Communications,2025,moderate_concern,moderate,manuscript claim or supporting evidence,"Remote-sensing context, citation positioning, and prior work",true
unit_002966,nature_remote_sensing_review_0044,Nature Communications,2025,moderate_concern,moderate,manuscript claim or supporting evidence,"Methods, results, discussion structure, and explanatory clarity",true
unit_002967,nature_remote_sensing_review_0044,Nature Communications,2025,minor_comment,minor,manuscript claim or supporting evidence,"Methods, results, discussion structure, and explanatory clarity",true
unit_002968,nature_remote_sensing_review_0044,Nature Communications,2025,moderate_concern,moderate,manuscript claim or supporting evidence,"Methods, results, discussion structure, and explanatory clarity",true
unit_002969,nature_remote_sensing_review_0044,Nature Communications,2025,minor_comment,minor,manuscript claim or supporting evidence,"Methods, results, discussion structure, and explanatory clarity",true
unit_002970,nature_remote_sensing_review_0044,Nature Communications,2025,moderate_concern,moderate,manuscript claim or supporting evidence,"Methods, results, discussion structure, and explanatory clarity",true
unit_002971,nature_remote_sensing_review_0044,Nature Communications,2025,moderate_concern,moderate,manuscript claim or supporting evidence,"Methods, results, discussion structure, and explanatory clarity",true
unit_002972,nature_remote_sensing_review_0044,Nature Communications,2025,moderate_concern,moderate,manuscript claim or supporting evidence,"Methods, results, discussion structure, and explanatory clarity",true
unit_002973,nature_remote_sensing_review_0044,Nature Communications,2025,moderate_concern,moderate,methodological support,"Methods, results, discussion structure, and explanatory clarity",true
unit_002974,nature_remote_sensing_review_0044,Nature Communications,2025,moderate_concern,moderate,manuscript claim or supporting evidence,"Machine learning, model performance, and generalization",true
unit_002975,nature_remote_sensing_review_0044,Nature Communications,2025,revision_assessment,moderate,"product validity, model performance","Concern resolution, code, publication readiness, and reproducibility",true
unit_002976,nature_remote_sensing_review_0044,Nature Communications,2025,moderate_concern,moderate,manuscript claim or supporting evidence,"Methods, results, discussion structure, and explanatory clarity",true
unit_002977,nature_remote_sensing_review_0045,Nature Communications,2025,moderate_concern,moderate,"global generalization, model performance","Emission, source attribution, and plume-like inference",true
unit_002978,nature_remote_sensing_review_0045,Nature Communications,2025,revision_assessment,minor,methodological support,"Spatial data, resolution, and product coverage",true
unit_002979,nature_remote_sensing_review_0045,Nature Communications,2025,line_comment,moderate,manuscript claim or supporting evidence,"Emission, source attribution, and plume-like inference",true
unit_002980,nature_remote_sensing_review_0045,Nature Communications,2025,line_comment,moderate,manuscript claim or supporting evidence,"Methods, results, discussion structure, and explanatory clarity",true
unit_002981,nature_remote_sensing_review_0045,Nature Communications,2025,line_comment,moderate,manuscript claim or supporting evidence,"Methods, results, discussion structure, and explanatory clarity",true
unit_002982,nature_remote_sensing_review_0045,Nature Communications,2025,line_comment,moderate,manuscript claim or supporting evidence,"Methods, results, discussion structure, and explanatory clarity",true
unit_002983,nature_remote_sensing_review_0045,Nature Communications,2025,line_comment,moderate,manuscript claim or supporting evidence,"Emission, source attribution, and plume-like inference",true
unit_002984,nature_remote_sensing_review_0045,Nature Communications,2025,line_comment,moderate,manuscript claim or supporting evidence,"Methods, results, discussion structure, and explanatory clarity",true
unit_002985,nature_remote_sensing_review_0045,Nature Communications,2025,line_comment,moderate,manuscript claim or supporting evidence,"Emission, source attribution, and plume-like inference",true
unit_002986,nature_remote_sensing_review_0045,Nature Communications,2025,line_comment,moderate,manuscript claim or supporting evidence,"Methods, results, discussion structure, and explanatory clarity",true
unit_002987,nature_remote_sensing_review_0045,Nature Communications,2025,line_comment,moderate,manuscript claim or supporting evidence,"Spatial data, resolution, and product coverage",true
unit_002988,nature_remote_sensing_review_0045,Nature Communications,2025,figure_or_table_comment,moderate,"figure evidence, table evidence","Figures, extended data, and evidentiary display",true
unit_002989,nature_remote_sensing_review_0045,Nature Communications,2025,figure_or_table_comment,moderate,figure evidence,"Figures, extended data, and evidentiary display",true
unit_002990,nature_remote_sensing_review_0045,Nature Communications,2025,minor_comment,minor,figure evidence,"Figures, extended data, and evidentiary display",true
unit_002991,nature_remote_sensing_review_0045,Nature Communications,2025,figure_or_table_comment,moderate,"figure evidence, table evidence","Spatial data, resolution, and product coverage",true
unit_002992,nature_remote_sensing_review_0045,Nature Communications,2025,line_comment,moderate,manuscript claim or supporting evidence,"Emission, source attribution, and plume-like inference",true
unit_002993,nature_remote_sensing_review_0045,Nature Communications,2025,figure_or_table_comment,moderate,figure evidence,"Figures, extended data, and evidentiary display",true
unit_002994,nature_remote_sensing_review_0045,Nature Communications,2025,line_comment,moderate,manuscript claim or supporting evidence,"Emission, source attribution, and plume-like inference",true
unit_002995,nature_remote_sensing_review_0045,Nature Communications,2025,line_comment,moderate,figure evidence,"Figures, extended data, and evidentiary display",true
unit_002996,nature_remote_sensing_review_0045,Nature Communications,2025,line_comment,minor,manuscript claim or supporting evidence,"Spatial data, resolution, and product coverage",true
unit_002997,nature_remote_sensing_review_0045,Nature Communications,2025,line_comment,moderate,model performance,"Emission, source attribution, and plume-like inference",true
unit_002998,nature_remote_sensing_review_0045,Nature Communications,2025,line_comment,moderate,"table evidence, methodological support","Spatial data, resolution, and product coverage",true
unit_002999,nature_remote_sensing_review_0045,Nature Communications,2025,line_comment,minor,"global generalization, uncertainty claim, figure evidence","Figures, extended data, and evidentiary display",true
unit_003000,nature_remote_sensing_review_0045,Nature Communications,2025,line_comment,moderate,manuscript claim or supporting evidence,"Methods, results, discussion structure, and explanatory clarity",true
unit_003001,nature_remote_sensing_review_0045,Nature Communications,2025,line_comment,moderate,manuscript claim or supporting evidence,"Methods, results, discussion structure, and explanatory clarity",true
unit_003002,nature_remote_sensing_review_0045,Nature Communications,2025,line_comment,moderate,methodological support,"Methods, results, discussion structure, and explanatory clarity",true
unit_003003,nature_remote_sensing_review_0045,Nature Communications,2025,line_comment,moderate,manuscript claim or supporting evidence,"Methods, results, discussion structure, and explanatory clarity",true
unit_003004,nature_remote_sensing_review_0045,Nature Communications,2025,line_comment,moderate,manuscript claim or supporting evidence,"Methods, results, discussion structure, and explanatory clarity",true
unit_003005,nature_remote_sensing_review_0045,Nature Communications,2025,line_comment,minor,manuscript claim or supporting evidence,"Emission, source attribution, and plume-like inference",true
unit_003006,nature_remote_sensing_review_0045,Nature Communications,2025,line_comment,minor,methodological support,"Spatial data, resolution, and product coverage",true
unit_003007,nature_remote_sensing_review_0045,Nature Communications,2025,moderate_concern,moderate,manuscript claim or supporting evidence,"Concern resolution, code, publication readiness, and reproducibility",true
unit_003008,nature_remote_sensing_review_0045,Nature Communications,2025,contribution_assessment,major,global generalization,"Spatial data, resolution, and product coverage",true
unit_003009,nature_remote_sensing_review_0045,Nature Communications,2025,moderate_concern,moderate,global generalization,"Remote-sensing context, citation positioning, and prior work",true
unit_003010,nature_remote_sensing_review_0045,Nature Communications,2025,minor_comment,minor,manuscript claim or supporting evidence,"Methods, results, discussion structure, and explanatory clarity",true
unit_003011,nature_remote_sensing_review_0045,Nature Communications,2025,moderate_concern,moderate,manuscript claim or supporting evidence,"Methods, results, discussion structure, and explanatory clarity",true
unit_003012,nature_remote_sensing_review_0045,Nature Communications,2025,contribution_assessment,moderate,manuscript claim or supporting evidence,"Emission, source attribution, and plume-like inference",true
unit_003013,nature_remote_sensing_review_0045,Nature Communications,2025,moderate_concern,moderate,manuscript claim or supporting evidence,"Methods, results, discussion structure, and explanatory clarity",true
unit_003014,nature_remote_sensing_review_0045,Nature Communications,2025,minor_comment,minor,manuscript claim or supporting evidence,"Methods, results, discussion structure, and explanatory clarity",true
unit_003015,nature_remote_sensing_review_0045,Nature Communications,2025,figure_or_table_comment,moderate,table evidence,"Spatial data, resolution, and product coverage",true
unit_003016,nature_remote_sensing_review_0045,Nature Communications,2025,minor_comment,minor,"trend interpretation, global generalization","Long-term time series, climate variability, and trend interpretation",true
unit_003017,nature_remote_sensing_review_0045,Nature Communications,2025,contribution_assessment,moderate,manuscript claim or supporting evidence,"Concern resolution, code, publication readiness, and reproducibility",true
unit_003018,nature_remote_sensing_review_0045,Nature Communications,2025,revision_assessment,moderate,figure evidence,"Spatial data, resolution, and product coverage",true
unit_003019,nature_remote_sensing_review_0045,Nature Communications,2025,minor_comment,minor,manuscript claim or supporting evidence,"Methods, results, discussion structure, and explanatory clarity",true
unit_003020,nature_remote_sensing_review_0045,Nature Communications,2025,line_comment,minor,manuscript claim or supporting evidence,"Methods, results, discussion structure, and explanatory clarity",true
unit_003021,nature_remote_sensing_review_0045,Nature Communications,2025,line_comment,moderate,"global generalization, table evidence","Figures, extended data, and evidentiary display",true
unit_003022,nature_remote_sensing_review_0045,Nature Communications,2025,line_comment,minor,"table evidence, methodological support","Figures, extended data, and evidentiary display",true
unit_003023,nature_remote_sensing_review_0045,Nature Communications,2025,moderate_concern,moderate,manuscript claim or supporting evidence,"Concern resolution, code, publication readiness, and reproducibility",true
unit_003024,nature_remote_sensing_review_0046,Nature Communications,2025,moderate_concern,moderate,global generalization,"Methods, results, discussion structure, and explanatory clarity",true
unit_003025,nature_remote_sensing_review_0046,Nature Communications,2025,moderate_concern,moderate,trend interpretation,"Long-term time series, climate variability, and trend interpretation",true
unit_003026,nature_remote_sensing_review_0046,Nature Communications,2025,contribution_assessment,moderate,global generalization,"Methods, results, discussion structure, and explanatory clarity",true
unit_003027,nature_remote_sensing_review_0046,Nature Communications,2025,contribution_assessment,moderate,global generalization,"River, water storage, sediment, tidal, and hydraulic interpretation",true
unit_003028,nature_remote_sensing_review_0046,Nature Communications,2025,contribution_assessment,moderate,global generalization,"Spatial data, resolution, and product coverage",true
unit_003029,nature_remote_sensing_review_0046,Nature Communications,2025,contribution_assessment,minor,"trend interpretation, causal or attribution claim","Long-term time series, climate variability, and trend interpretation",true
unit_003030,nature_remote_sensing_review_0046,Nature Communications,2025,moderate_concern,moderate,manuscript claim or supporting evidence,"Methods, results, discussion structure, and explanatory clarity",true
unit_003031,nature_remote_sensing_review_0046,Nature Communications,2025,major_concern,major,trend interpretation,"Long-term time series, climate variability, and trend interpretation",true
unit_003032,nature_remote_sensing_review_0046,Nature Communications,2025,moderate_concern,moderate,product validity,"Spatial data, resolution, and product coverage",true
unit_003033,nature_remote_sensing_review_0046,Nature Communications,2025,moderate_concern,moderate,"product validity, methodological support","Spatial data, resolution, and product coverage",true
unit_003034,nature_remote_sensing_review_0046,Nature Communications,2025,moderate_concern,moderate,methodological support,"Methods, results, discussion structure, and explanatory clarity",true
unit_003035,nature_remote_sensing_review_0046,Nature Communications,2025,contribution_assessment,minor,global generalization,"Concern resolution, code, publication readiness, and reproducibility",true
unit_003036,nature_remote_sensing_review_0046,Nature Communications,2025,contribution_assessment,minor,"trend interpretation, global generalization, methodological support","Long-term time series, climate variability, and trend interpretation",true
unit_003037,nature_remote_sensing_review_0046,Nature Communications,2025,moderate_concern,moderate,"figure evidence, methodological support","Figures, extended data, and evidentiary display",true
unit_003038,nature_remote_sensing_review_0046,Nature Communications,2025,moderate_concern,moderate,table evidence,"Long-term time series, climate variability, and trend interpretation",true
unit_003039,nature_remote_sensing_review_0046,Nature Communications,2025,moderate_concern,moderate,causal or attribution claim,"Methods, results, discussion structure, and explanatory clarity",true
unit_003040,nature_remote_sensing_review_0046,Nature Communications,2025,moderate_concern,moderate,manuscript claim or supporting evidence,"Methods, results, discussion structure, and explanatory clarity",true
unit_003041,nature_remote_sensing_review_0046,Nature Communications,2025,contribution_assessment,moderate,"trend interpretation, causal or attribution claim, methodological support","Long-term time series, climate variability, and trend interpretation",true
unit_003042,nature_remote_sensing_review_0046,Nature Communications,2025,moderate_concern,moderate,trend interpretation,"Long-term time series, climate variability, and trend interpretation",true
unit_003043,nature_remote_sensing_review_0046,Nature Communications,2025,minor_comment,minor,trend interpretation,"Long-term time series, climate variability, and trend interpretation",true
unit_003044,nature_remote_sensing_review_0046,Nature Communications,2025,moderate_concern,moderate,trend interpretation,"Long-term time series, climate variability, and trend interpretation",true
unit_003045,nature_remote_sensing_review_0046,Nature Communications,2025,minor_comment,minor,"trend interpretation, methodological support","Long-term time series, climate variability, and trend interpretation",true
unit_003046,nature_remote_sensing_review_0046,Nature Communications,2025,contribution_assessment,major,manuscript claim or supporting evidence,"River, water storage, sediment, tidal, and hydraulic interpretation",true
unit_003047,nature_remote_sensing_review_0046,Nature Communications,2025,major_concern,major,manuscript claim or supporting evidence,"Spatial data, resolution, and product coverage",true
unit_003048,nature_remote_sensing_review_0046,Nature Communications,2025,contribution_assessment,moderate,manuscript claim or supporting evidence,"Methods, results, discussion structure, and explanatory clarity",true
unit_003049,nature_remote_sensing_review_0046,Nature Communications,2025,moderate_concern,moderate,manuscript claim or supporting evidence,"Methods, results, discussion structure, and explanatory clarity",true
unit_003050,nature_remote_sensing_review_0046,Nature Communications,2025,moderate_concern,moderate,manuscript claim or supporting evidence,"Methods, results, discussion structure, and explanatory clarity",true
unit_003051,nature_remote_sensing_review_0046,Nature Communications,2025,minor_comment,minor,product validity,"Long-term time series, climate variability, and trend interpretation",true
unit_003052,nature_remote_sensing_review_0046,Nature Communications,2025,contribution_assessment,moderate,global generalization,"Methods, results, discussion structure, and explanatory clarity",true
unit_003053,nature_remote_sensing_review_0046,Nature Communications,2025,moderate_concern,moderate,manuscript claim or supporting evidence,"Concern resolution, code, publication readiness, and reproducibility",true
unit_003054,nature_remote_sensing_review_0046,Nature Communications,2025,moderate_concern,moderate,global generalization,"Long-term time series, climate variability, and trend interpretation",true
unit_003055,nature_remote_sensing_review_0046,Nature Communications,2025,contribution_assessment,minor,"novelty claim, figure evidence, methodological support","Remote-sensing context, citation positioning, and prior work",true
unit_003056,nature_remote_sensing_review_0046,Nature Communications,2025,moderate_concern,moderate,"global generalization, algorithm validity","Spatial data, resolution, and product coverage",true
unit_003057,nature_remote_sensing_review_0046,Nature Communications,2025,minor_comment,minor,manuscript claim or supporting evidence,"Long-term time series, climate variability, and trend interpretation",true
unit_003058,nature_remote_sensing_review_0046,Nature Communications,2025,revision_assessment,moderate,manuscript claim or supporting evidence,"Remote-sensing context, citation positioning, and prior work",true
unit_003059,nature_remote_sensing_review_0046,Nature Communications,2025,minor_comment,minor,table evidence,"Long-term time series, climate variability, and trend interpretation",true
unit_003060,nature_remote_sensing_review_0046,Nature Communications,2025,moderate_concern,moderate,manuscript claim or supporting evidence,"Methods, results, discussion structure, and explanatory clarity",true
unit_003061,nature_remote_sensing_review_0046,Nature Communications,2025,moderate_concern,moderate,manuscript claim or supporting evidence,"River, water storage, sediment, tidal, and hydraulic interpretation",true
unit_003062,nature_remote_sensing_review_0046,Nature Communications,2025,contribution_assessment,moderate,manuscript claim or supporting evidence,"Methods, results, discussion structure, and explanatory clarity",true
unit_003063,nature_remote_sensing_review_0046,Nature Communications,2025,moderate_concern,moderate,manuscript claim or supporting evidence,"Methods, results, discussion structure, and explanatory clarity",true
unit_003064,nature_remote_sensing_review_0046,Nature Communications,2025,moderate_concern,moderate,global generalization,"River, water storage, sediment, tidal, and hydraulic interpretation",true
unit_003065,nature_remote_sensing_review_0046,Nature Communications,2025,moderate_concern,moderate,manuscript claim or supporting evidence,"River, water storage, sediment, tidal, and hydraulic interpretation",true
unit_003066,nature_remote_sensing_review_0046,Nature Communications,2025,minor_comment,minor,manuscript claim or supporting evidence,"Methods, results, discussion structure, and explanatory clarity",true
unit_003067,nature_remote_sensing_review_0046,Nature Communications,2025,moderate_concern,moderate,manuscript claim or supporting evidence,"Methods, results, discussion structure, and explanatory clarity",true
unit_003068,nature_remote_sensing_review_0046,Nature Communications,2025,moderate_concern,moderate,manuscript claim or supporting evidence,"River, water storage, sediment, tidal, and hydraulic interpretation",true
unit_003069,nature_remote_sensing_review_0046,Nature Communications,2025,moderate_concern,moderate,methodological support,"Methods, results, discussion structure, and explanatory clarity",true
unit_003070,nature_remote_sensing_review_0046,Nature Communications,2025,figure_or_table_comment,minor,"figure evidence, methodological support","Figures, extended data, and evidentiary display",true
unit_003071,nature_remote_sensing_review_0046,Nature Communications,2025,minor_comment,minor,product validity,"Concern resolution, code, publication readiness, and reproducibility",true
unit_003072,nature_remote_sensing_review_0046,Nature Communications,2025,moderate_concern,moderate,manuscript claim or supporting evidence,"Methods, results, discussion structure, and explanatory clarity",true
unit_003073,nature_remote_sensing_review_0046,Nature Communications,2025,moderate_concern,moderate,product validity,"Methods, results, discussion structure, and explanatory clarity",true
unit_003074,nature_remote_sensing_review_0046,Nature Communications,2025,moderate_concern,moderate,trend interpretation,"Long-term time series, climate variability, and trend interpretation",true
unit_003075,nature_remote_sensing_review_0046,Nature Communications,2025,revision_assessment,moderate,product validity,"Concern resolution, code, publication readiness, and reproducibility",true
unit_003076,nature_remote_sensing_review_0046,Nature Communications,2025,minor_comment,minor,manuscript claim or supporting evidence,"Methods, results, discussion structure, and explanatory clarity",true
unit_003077,nature_remote_sensing_review_0046,Nature Communications,2025,revision_assessment,minor,manuscript claim or supporting evidence,"Concern resolution, code, publication readiness, and reproducibility",true
unit_003078,nature_remote_sensing_review_0046,Nature Communications,2025,revision_assessment,minor,table evidence,"Figures, extended data, and evidentiary display",true
unit_003079,nature_remote_sensing_review_0046,Nature Communications,2025,contribution_assessment,moderate,manuscript claim or supporting evidence,"Concern resolution, code, publication readiness, and reproducibility",true
unit_003080,nature_remote_sensing_review_0046,Nature Communications,2025,minor_comment,minor,table evidence,"Figures, extended data, and evidentiary display",true
unit_003081,nature_remote_sensing_review_0047,Nature,2026,moderate_concern,moderate,global generalization,"Methods, results, discussion structure, and explanatory clarity",true
unit_003082,nature_remote_sensing_review_0047,Nature,2026,moderate_concern,moderate,global generalization,"Spatial data, resolution, and product coverage",true
unit_003083,nature_remote_sensing_review_0047,Nature,2026,moderate_concern,moderate,manuscript claim or supporting evidence,"Figures, extended data, and evidentiary display",true
unit_003084,nature_remote_sensing_review_0047,Nature,2026,moderate_concern,moderate,manuscript claim or supporting evidence,"River, water storage, sediment, tidal, and hydraulic interpretation",true
unit_003085,nature_remote_sensing_review_0047,Nature,2026,moderate_concern,moderate,manuscript claim or supporting evidence,"Sea level, vertical land motion, InSAR, and coastal elevation change",true
unit_003086,nature_remote_sensing_review_0047,Nature,2026,contribution_assessment,moderate,figure evidence,"Spatial data, resolution, and product coverage",true
unit_003087,nature_remote_sensing_review_0047,Nature,2026,major_concern,major,manuscript claim or supporting evidence,"River, water storage, sediment, tidal, and hydraulic interpretation",true
unit_003088,nature_remote_sensing_review_0047,Nature,2026,moderate_concern,moderate,"trend interpretation, product validity, model performance","Long-term time series, climate variability, and trend interpretation",true
unit_003089,nature_remote_sensing_review_0047,Nature,2026,moderate_concern,moderate,manuscript claim or supporting evidence,"Spatial data, resolution, and product coverage",true
unit_003090,nature_remote_sensing_review_0047,Nature,2026,moderate_concern,moderate,manuscript claim or supporting evidence,"Methods, results, discussion structure, and explanatory clarity",true
unit_003091,nature_remote_sensing_review_0047,Nature,2026,moderate_concern,moderate,manuscript claim or supporting evidence,"Sea level, vertical land motion, InSAR, and coastal elevation change",true
unit_003092,nature_remote_sensing_review_0047,Nature,2026,moderate_concern,moderate,manuscript claim or supporting evidence,"River, water storage, sediment, tidal, and hydraulic interpretation",true
unit_003093,nature_remote_sensing_review_0047,Nature,2026,moderate_concern,moderate,global generalization,"Methods, results, discussion structure, and explanatory clarity",true
unit_003094,nature_remote_sensing_review_0047,Nature,2026,contribution_assessment,moderate,causal or attribution claim,"Spatial data, resolution, and product coverage",true
unit_003095,nature_remote_sensing_review_0047,Nature,2026,moderate_concern,moderate,global generalization,"Methods, results, discussion structure, and explanatory clarity",true
unit_003096,nature_remote_sensing_review_0047,Nature,2026,moderate_concern,moderate,manuscript claim or supporting evidence,"Sea level, vertical land motion, InSAR, and coastal elevation change",true
unit_003097,nature_remote_sensing_review_0047,Nature,2026,contribution_assessment,moderate,trend interpretation,"Long-term time series, climate variability, and trend interpretation",true
unit_003098,nature_remote_sensing_review_0047,Nature,2026,moderate_concern,moderate,methodological support,"Methods, results, discussion structure, and explanatory clarity",true
unit_003099,nature_remote_sensing_review_0047,Nature,2026,contribution_assessment,moderate,"model performance, table evidence","Machine learning, model performance, and generalization",true
unit_003100,nature_remote_sensing_review_0047,Nature,2026,contribution_assessment,moderate,manuscript claim or supporting evidence,"Figures, extended data, and evidentiary display",true
unit_003101,nature_remote_sensing_review_0047,Nature,2026,moderate_concern,moderate,manuscript claim or supporting evidence,"Methods, results, discussion structure, and explanatory clarity",true
unit_003102,nature_remote_sensing_review_0047,Nature,2026,moderate_concern,moderate,"methodological support, algorithm validity","Concern resolution, code, publication readiness, and reproducibility",true
unit_003103,nature_remote_sensing_review_0047,Nature,2026,moderate_concern,moderate,manuscript claim or supporting evidence,"Sea level, vertical land motion, InSAR, and coastal elevation change",true
unit_003104,nature_remote_sensing_review_0047,Nature,2026,major_concern,major,"product validity, model performance, algorithm validity","Methods, results, discussion structure, and explanatory clarity",true
unit_003105,nature_remote_sensing_review_0047,Nature,2026,moderate_concern,moderate,manuscript claim or supporting evidence,"Sea level, vertical land motion, InSAR, and coastal elevation change",true
unit_003106,nature_remote_sensing_review_0047,Nature,2026,contribution_assessment,major,global generalization,"Methods, results, discussion structure, and explanatory clarity",true
unit_003107,nature_remote_sensing_review_0047,Nature,2026,moderate_concern,moderate,manuscript claim or supporting evidence,"Sea level, vertical land motion, InSAR, and coastal elevation change",true
unit_003108,nature_remote_sensing_review_0047,Nature,2026,moderate_concern,moderate,"global generalization, model performance, methodological support","Spatial data, resolution, and product coverage",true
unit_003109,nature_remote_sensing_review_0047,Nature,2026,moderate_concern,moderate,manuscript claim or supporting evidence,"Sea level, vertical land motion, InSAR, and coastal elevation change",true
unit_003110,nature_remote_sensing_review_0047,Nature,2026,line_comment,moderate,manuscript claim or supporting evidence,"Spatial data, resolution, and product coverage",true
unit_003111,nature_remote_sensing_review_0047,Nature,2026,moderate_concern,moderate,manuscript claim or supporting evidence,"Methods, results, discussion structure, and explanatory clarity",true
unit_003112,nature_remote_sensing_review_0047,Nature,2026,moderate_concern,moderate,product validity,"Sea level, vertical land motion, InSAR, and coastal elevation change",true
unit_003113,nature_remote_sensing_review_0047,Nature,2026,figure_or_table_comment,moderate,figure evidence,"Spatial data, resolution, and product coverage",true
unit_003114,nature_remote_sensing_review_0047,Nature,2026,figure_or_table_comment,moderate,table evidence,"Figures, extended data, and evidentiary display",true
unit_003115,nature_remote_sensing_review_0047,Nature,2026,moderate_concern,moderate,manuscript claim or supporting evidence,"Figures, extended data, and evidentiary display",true
unit_003116,nature_remote_sensing_review_0047,Nature,2026,contribution_assessment,minor,product validity,"Methods, results, discussion structure, and explanatory clarity",true
unit_003117,nature_remote_sensing_review_0047,Nature,2026,moderate_concern,moderate,table evidence,"Figures, extended data, and evidentiary display",true
unit_003118,nature_remote_sensing_review_0047,Nature,2026,moderate_concern,moderate,algorithm validity,"Sea level, vertical land motion, InSAR, and coastal elevation change",true
unit_003119,nature_remote_sensing_review_0047,Nature,2026,moderate_concern,moderate,"figure evidence, methodological support","Spatial data, resolution, and product coverage",true
unit_003120,nature_remote_sensing_review_0047,Nature,2026,moderate_concern,moderate,table evidence,"Figures, extended data, and evidentiary display",true
unit_003121,nature_remote_sensing_review_0047,Nature,2026,contribution_assessment,major,global generalization,"River, water storage, sediment, tidal, and hydraulic interpretation",true
unit_003122,nature_remote_sensing_review_0047,Nature,2026,moderate_concern,moderate,"model performance, table evidence","Machine learning, model performance, and generalization",true
unit_003123,nature_remote_sensing_review_0047,Nature,2026,contribution_assessment,minor,"global generalization, model performance, table evidence","Machine learning, model performance, and generalization",true
unit_003124,nature_remote_sensing_review_0047,Nature,2026,moderate_concern,moderate,model performance,"Methods, results, discussion structure, and explanatory clarity",true
unit_003125,nature_remote_sensing_review_0047,Nature,2026,minor_comment,minor,"global generalization, model performance","River, water storage, sediment, tidal, and hydraulic interpretation",true
unit_003126,nature_remote_sensing_review_0047,Nature,2026,moderate_concern,moderate,manuscript claim or supporting evidence,"Methods, results, discussion structure, and explanatory clarity",true
unit_003127,nature_remote_sensing_review_0047,Nature,2026,line_comment,minor,manuscript claim or supporting evidence,"Methods, results, discussion structure, and explanatory clarity",true
unit_003128,nature_remote_sensing_review_0047,Nature,2026,contribution_assessment,moderate,"model performance, figure evidence","Figures, extended data, and evidentiary display",true
unit_003129,nature_remote_sensing_review_0047,Nature,2026,moderate_concern,moderate,model performance,"Figures, extended data, and evidentiary display",true
unit_003130,nature_remote_sensing_review_0047,Nature,2026,contribution_assessment,moderate,uncertainty claim,"Sea level, vertical land motion, InSAR, and coastal elevation change",true
unit_003131,nature_remote_sensing_review_0047,Nature,2026,revision_assessment,minor,manuscript claim or supporting evidence,"Remote-sensing context, citation positioning, and prior work",true
unit_003132,nature_remote_sensing_review_0047,Nature,2026,moderate_concern,moderate,manuscript claim or supporting evidence,"Remote-sensing context, citation positioning, and prior work",true
unit_003133,nature_remote_sensing_review_0047,Nature,2026,moderate_concern,moderate,manuscript claim or supporting evidence,"Sea level, vertical land motion, InSAR, and coastal elevation change",true
unit_003134,nature_remote_sensing_review_0047,Nature,2026,moderate_concern,moderate,manuscript claim or supporting evidence,"Methods, results, discussion structure, and explanatory clarity",true
unit_003135,nature_remote_sensing_review_0047,Nature,2026,line_comment,moderate,global generalization,"Remote-sensing context, citation positioning, and prior work",true
unit_003136,nature_remote_sensing_review_0047,Nature,2026,line_comment,moderate,manuscript claim or supporting evidence,"Remote-sensing context, citation positioning, and prior work",true
unit_003137,nature_remote_sensing_review_0047,Nature,2026,line_comment,moderate,manuscript claim or supporting evidence,"Remote-sensing context, citation positioning, and prior work",true
unit_003138,nature_remote_sensing_review_0047,Nature,2026,line_comment,moderate,global generalization,"Methods, results, discussion structure, and explanatory clarity",true
unit_003139,nature_remote_sensing_review_0047,Nature,2026,line_comment,moderate,global generalization,"Methods, results, discussion structure, and explanatory clarity",true
unit_003140,nature_remote_sensing_review_0047,Nature,2026,minor_comment,minor,global generalization,"Methods, results, discussion structure, and explanatory clarity",true
unit_003141,nature_remote_sensing_review_0047,Nature,2026,line_comment,moderate,global generalization,"Remote-sensing context, citation positioning, and prior work",true
unit_003142,nature_remote_sensing_review_0047,Nature,2026,line_comment,moderate,manuscript claim or supporting evidence,"Sea level, vertical land motion, InSAR, and coastal elevation change",true
unit_003143,nature_remote_sensing_review_0047,Nature,2026,line_comment,moderate,global generalization,"Methods, results, discussion structure, and explanatory clarity",true
unit_003144,nature_remote_sensing_review_0047,Nature,2026,major_concern,major,global generalization,"Methods, results, discussion structure, and explanatory clarity",true
unit_003145,nature_remote_sensing_review_0047,Nature,2026,contribution_assessment,moderate,figure evidence,"Figures, extended data, and evidentiary display",true
unit_003146,nature_remote_sensing_review_0047,Nature,2026,moderate_concern,moderate,manuscript claim or supporting evidence,"Methods, results, discussion structure, and explanatory clarity",true
unit_003147,nature_remote_sensing_review_0047,Nature,2026,contribution_assessment,moderate,novelty claim,"Methods, results, discussion structure, and explanatory clarity",true
unit_003148,nature_remote_sensing_review_0047,Nature,2026,contribution_assessment,moderate,methodological support,"Concern resolution, code, publication readiness, and reproducibility",true
unit_003149,nature_remote_sensing_review_0047,Nature,2026,contribution_assessment,minor,model performance,"Concern resolution, code, publication readiness, and reproducibility",true
unit_003150,nature_remote_sensing_review_0047,Nature,2026,figure_or_table_comment,minor,"uncertainty claim, figure evidence","Figures, extended data, and evidentiary display",true
unit_003151,nature_remote_sensing_review_0047,Nature,2026,moderate_concern,moderate,manuscript claim or supporting evidence,"River, water storage, sediment, tidal, and hydraulic interpretation",true
unit_003152,nature_remote_sensing_review_0047,Nature,2026,moderate_concern,moderate,manuscript claim or supporting evidence,"Methods, results, discussion structure, and explanatory clarity",true
unit_003153,nature_remote_sensing_review_0047,Nature,2026,moderate_concern,moderate,methodological support,"Methods, results, discussion structure, and explanatory clarity",true
unit_003154,nature_remote_sensing_review_0047,Nature,2026,figure_or_table_comment,moderate,figure evidence,"Remote-sensing context, citation positioning, and prior work",true
unit_003155,nature_remote_sensing_review_0047,Nature,2026,figure_or_table_comment,moderate,figure evidence,"Figures, extended data, and evidentiary display",true
unit_003156,nature_remote_sensing_review_0047,Nature,2026,moderate_concern,moderate,manuscript claim or supporting evidence,"Methods, results, discussion structure, and explanatory clarity",true
unit_003157,nature_remote_sensing_review_0047,Nature,2026,moderate_concern,moderate,manuscript claim or supporting evidence,"Methods, results, discussion structure, and explanatory clarity",true
unit_003158,nature_remote_sensing_review_0047,Nature,2026,moderate_concern,moderate,manuscript claim or supporting evidence,"Methods, results, discussion structure, and explanatory clarity",true
unit_003159,nature_remote_sensing_review_0047,Nature,2026,moderate_concern,moderate,table evidence,"Figures, extended data, and evidentiary display",true
unit_003160,nature_remote_sensing_review_0047,Nature,2026,revision_assessment,minor,manuscript claim or supporting evidence,"Remote-sensing context, citation positioning, and prior work",true
unit_003161,nature_remote_sensing_review_0047,Nature,2026,moderate_concern,moderate,manuscript claim or supporting evidence,"Remote-sensing context, citation positioning, and prior work",true
unit_003162,nature_remote_sensing_review_0047,Nature,2026,line_comment,moderate,manuscript claim or supporting evidence,"River, water storage, sediment, tidal, and hydraulic interpretation",true
unit_003163,nature_remote_sensing_review_0047,Nature,2026,line_comment,moderate,manuscript claim or supporting evidence,"Methods, results, discussion structure, and explanatory clarity",true
unit_003164,nature_remote_sensing_review_0047,Nature,2026,line_comment,moderate,manuscript claim or supporting evidence,"Methods, results, discussion structure, and explanatory clarity",true
unit_003165,nature_remote_sensing_review_0047,Nature,2026,line_comment,moderate,manuscript claim or supporting evidence,"River, water storage, sediment, tidal, and hydraulic interpretation",true
unit_003166,nature_remote_sensing_review_0047,Nature,2026,moderate_concern,moderate,manuscript claim or supporting evidence,"Methods, results, discussion structure, and explanatory clarity",true
unit_003167,nature_remote_sensing_review_0047,Nature,2026,revision_assessment,moderate,manuscript claim or supporting evidence,"Methods, results, discussion structure, and explanatory clarity",true
unit_003168,nature_remote_sensing_review_0047,Nature,2026,moderate_concern,moderate,manuscript claim or supporting evidence,"Methods, results, discussion structure, and explanatory clarity",true
unit_003169,nature_remote_sensing_review_0047,Nature,2026,moderate_concern,moderate,global generalization,"Emission, source attribution, and plume-like inference",true
unit_003170,nature_remote_sensing_review_0047,Nature,2026,contribution_assessment,moderate,manuscript claim or supporting evidence,"Machine learning, model performance, and generalization",true
unit_003171,nature_remote_sensing_review_0047,Nature,2026,moderate_concern,moderate,global generalization,"Emission, source attribution, and plume-like inference",true
unit_003172,nature_remote_sensing_review_0047,Nature,2026,moderate_concern,moderate,manuscript claim or supporting evidence,"Methods, results, discussion structure, and explanatory clarity",true
unit_003173,nature_remote_sensing_review_0047,Nature,2026,moderate_concern,moderate,manuscript claim or supporting evidence,"Methods, results, discussion structure, and explanatory clarity",true
unit_003174,nature_remote_sensing_review_0047,Nature,2026,moderate_concern,moderate,figure evidence,"Spatial data, resolution, and product coverage",true
unit_003175,nature_remote_sensing_review_0047,Nature,2026,moderate_concern,moderate,manuscript claim or supporting evidence,"Spatial data, resolution, and product coverage",true
unit_003176,nature_remote_sensing_review_0047,Nature,2026,moderate_concern,moderate,manuscript claim or supporting evidence,"Methods, results, discussion structure, and explanatory clarity",true
unit_003177,nature_remote_sensing_review_0047,Nature,2026,moderate_concern,moderate,manuscript claim or supporting evidence,"Methods, results, discussion structure, and explanatory clarity",true
unit_003178,nature_remote_sensing_review_0047,Nature,2026,moderate_concern,moderate,manuscript claim or supporting evidence,"Long-term time series, climate variability, and trend interpretation",true
unit_003179,nature_remote_sensing_review_0047,Nature,2026,minor_comment,minor,uncertainty claim,"Spatial data, resolution, and product coverage",true
unit_003180,nature_remote_sensing_review_0047,Nature,2026,moderate_concern,moderate,manuscript claim or supporting evidence,"Sea level, vertical land motion, InSAR, and coastal elevation change",true
unit_003181,nature_remote_sensing_review_0047,Nature,2026,line_comment,moderate,manuscript claim or supporting evidence,"Remote-sensing context, citation positioning, and prior work",true
unit_003182,nature_remote_sensing_review_0047,Nature,2026,moderate_concern,moderate,manuscript claim or supporting evidence,"Remote-sensing context, citation positioning, and prior work",true
unit_003183,nature_remote_sensing_review_0047,Nature,2026,line_comment,minor,manuscript claim or supporting evidence,"Spatial data, resolution, and product coverage",true
unit_003184,nature_remote_sensing_review_0047,Nature,2026,line_comment,moderate,manuscript claim or supporting evidence,"Methods, results, discussion structure, and explanatory clarity",true
unit_003185,nature_remote_sensing_review_0047,Nature,2026,line_comment,moderate,manuscript claim or supporting evidence,"Remote-sensing context, citation positioning, and prior work",true
unit_003186,nature_remote_sensing_review_0047,Nature,2026,line_comment,moderate,manuscript claim or supporting evidence,"Methods, results, discussion structure, and explanatory clarity",true
unit_003187,nature_remote_sensing_review_0047,Nature,2026,line_comment,moderate,manuscript claim or supporting evidence,"Long-term time series, climate variability, and trend interpretation",true
unit_003188,nature_remote_sensing_review_0047,Nature,2026,line_comment,minor,figure evidence,"Figures, extended data, and evidentiary display",true
unit_003189,nature_remote_sensing_review_0047,Nature,2026,line_comment,moderate,manuscript claim or supporting evidence,"Urban, inter-city, and SDG-impact interpretation",true
unit_003190,nature_remote_sensing_review_0047,Nature,2026,moderate_concern,moderate,manuscript claim or supporting evidence,"Methods, results, discussion structure, and explanatory clarity",true
unit_003191,nature_remote_sensing_review_0047,Nature,2026,line_comment,moderate,manuscript claim or supporting evidence,"Methods, results, discussion structure, and explanatory clarity",true
unit_003192,nature_remote_sensing_review_0047,Nature,2026,line_comment,minor,global generalization,"Remote-sensing context, citation positioning, and prior work",true
unit_003193,nature_remote_sensing_review_0047,Nature,2026,line_comment,moderate,manuscript claim or supporting evidence,"Sea level, vertical land motion, InSAR, and coastal elevation change",true
unit_003194,nature_remote_sensing_review_0047,Nature,2026,line_comment,minor,"product validity, algorithm validity","Long-term time series, climate variability, and trend interpretation",true
unit_003195,nature_remote_sensing_review_0047,Nature,2026,line_comment,minor,"trend interpretation, causal or attribution claim","Long-term time series, climate variability, and trend interpretation",true
unit_003196,nature_remote_sensing_review_0047,Nature,2026,line_comment,minor,causal or attribution claim,"Methods, results, discussion structure, and explanatory clarity",true
unit_003197,nature_remote_sensing_review_0047,Nature,2026,line_comment,moderate,manuscript claim or supporting evidence,"Sea level, vertical land motion, InSAR, and coastal elevation change",true
unit_003198,nature_remote_sensing_review_0047,Nature,2026,moderate_concern,moderate,manuscript claim or supporting evidence,"Remote-sensing context, citation positioning, and prior work",true
unit_003199,nature_remote_sensing_review_0047,Nature,2026,moderate_concern,moderate,manuscript claim or supporting evidence,"Methods, results, discussion structure, and explanatory clarity",true
unit_003200,nature_remote_sensing_review_0047,Nature,2026,contribution_assessment,minor,manuscript claim or supporting evidence,"Machine learning, model performance, and generalization",true
unit_003201,nature_remote_sensing_review_0047,Nature,2026,moderate_concern,moderate,manuscript claim or supporting evidence,"Methods, results, discussion structure, and explanatory clarity",true
unit_003202,nature_remote_sensing_review_0047,Nature,2026,moderate_concern,moderate,manuscript claim or supporting evidence,"Methods, results, discussion structure, and explanatory clarity",true
unit_003203,nature_remote_sensing_review_0048,Nature,2026,moderate_concern,moderate,manuscript claim or supporting evidence,"Soil moisture, wind shear, low-level circulation, and event dynamics",true
unit_003204,nature_remote_sensing_review_0048,Nature,2026,minor_comment,minor,manuscript claim or supporting evidence,"Spatial data, resolution, and product coverage",true
unit_003205,nature_remote_sensing_review_0048,Nature,2026,moderate_concern,moderate,manuscript claim or supporting evidence,"Spatial data, resolution, and product coverage",true
unit_003206,nature_remote_sensing_review_0048,Nature,2026,contribution_assessment,minor,manuscript claim or supporting evidence,"Methods, results, discussion structure, and explanatory clarity",true
unit_003207,nature_remote_sensing_review_0048,Nature,2026,moderate_concern,moderate,manuscript claim or supporting evidence,"Long-term time series, climate variability, and trend interpretation",true
unit_003208,nature_remote_sensing_review_0048,Nature,2026,moderate_concern,moderate,manuscript claim or supporting evidence,"Remote-sensing context, citation positioning, and prior work",true
unit_003209,nature_remote_sensing_review_0048,Nature,2026,line_comment,moderate,figure evidence,"Figures, extended data, and evidentiary display",true
unit_003210,nature_remote_sensing_review_0048,Nature,2026,line_comment,moderate,methodological support,"Remote-sensing context, citation positioning, and prior work",true
unit_003211,nature_remote_sensing_review_0048,Nature,2026,line_comment,moderate,manuscript claim or supporting evidence,"Methods, results, discussion structure, and explanatory clarity",true
unit_003212,nature_remote_sensing_review_0048,Nature,2026,line_comment,moderate,manuscript claim or supporting evidence,"Methods, results, discussion structure, and explanatory clarity",true
unit_003213,nature_remote_sensing_review_0048,Nature,2026,line_comment,moderate,methodological support,"Remote-sensing context, citation positioning, and prior work",true
unit_003214,nature_remote_sensing_review_0048,Nature,2026,line_comment,moderate,manuscript claim or supporting evidence,"Spatial data, resolution, and product coverage",true
unit_003215,nature_remote_sensing_review_0048,Nature,2026,line_comment,moderate,manuscript claim or supporting evidence,"Remote-sensing context, citation positioning, and prior work",true
unit_003216,nature_remote_sensing_review_0048,Nature,2026,line_comment,moderate,"global generalization, figure evidence","Figures, extended data, and evidentiary display",true
unit_003217,nature_remote_sensing_review_0048,Nature,2026,line_comment,moderate,manuscript claim or supporting evidence,"Concern resolution, code, publication readiness, and reproducibility",true
unit_003218,nature_remote_sensing_review_0048,Nature,2026,contribution_assessment,moderate,novelty claim,"Spatial data, resolution, and product coverage",true
unit_003219,nature_remote_sensing_review_0048,Nature,2026,contribution_assessment,moderate,"global generalization, model performance, methodological support","Spatial data, resolution, and product coverage",true
unit_003220,nature_remote_sensing_review_0048,Nature,2026,revision_assessment,minor,table evidence,"Spatial data, resolution, and product coverage",true
unit_003221,nature_remote_sensing_review_0048,Nature,2026,minor_comment,minor,manuscript claim or supporting evidence,"Remote-sensing context, citation positioning, and prior work",true
unit_003222,nature_remote_sensing_review_0048,Nature,2026,contribution_assessment,moderate,uncertainty claim,"Methods, results, discussion structure, and explanatory clarity",true
unit_003223,nature_remote_sensing_review_0048,Nature,2026,minor_comment,minor,manuscript claim or supporting evidence,"Methods, results, discussion structure, and explanatory clarity",true
unit_003224,nature_remote_sensing_review_0048,Nature,2026,minor_comment,minor,manuscript claim or supporting evidence,"Spatial data, resolution, and product coverage",true
unit_003225,nature_remote_sensing_review_0048,Nature,2026,moderate_concern,moderate,manuscript claim or supporting evidence,"Methods, results, discussion structure, and explanatory clarity",true
unit_003226,nature_remote_sensing_review_0048,Nature,2026,minor_comment,minor,manuscript claim or supporting evidence,"Methods, results, discussion structure, and explanatory clarity",true
unit_003227,nature_remote_sensing_review_0048,Nature,2026,minor_comment,minor,manuscript claim or supporting evidence,C3/C4 vegetation coverage and biome classification,true
unit_003228,nature_remote_sensing_review_0048,Nature,2026,moderate_concern,moderate,manuscript claim or supporting evidence,"Methods, results, discussion structure, and explanatory clarity",true
unit_003229,nature_remote_sensing_review_0048,Nature,2026,minor_comment,minor,manuscript claim or supporting evidence,"Methods, results, discussion structure, and explanatory clarity",true
unit_003230,nature_remote_sensing_review_0048,Nature,2026,figure_or_table_comment,moderate,figure evidence,"Figures, extended data, and evidentiary display",true
unit_003231,nature_remote_sensing_review_0048,Nature,2026,moderate_concern,moderate,manuscript claim or supporting evidence,"Methods, results, discussion structure, and explanatory clarity",true
unit_003232,nature_remote_sensing_review_0048,Nature,2026,revision_assessment,minor,manuscript claim or supporting evidence,"Concern resolution, code, publication readiness, and reproducibility",true
unit_003233,nature_remote_sensing_review_0048,Nature,2026,moderate_concern,moderate,causal or attribution claim,"Spatial data, resolution, and product coverage",true
unit_003234,nature_remote_sensing_review_0048,Nature,2026,contribution_assessment,minor,novelty claim,"Methods, results, discussion structure, and explanatory clarity",true
unit_003235,nature_remote_sensing_review_0048,Nature,2026,figure_or_table_comment,moderate,figure evidence,"Figures, extended data, and evidentiary display",true
unit_003236,nature_remote_sensing_review_0048,Nature,2026,minor_comment,minor,model performance,"Methods, results, discussion structure, and explanatory clarity",true
unit_003237,nature_remote_sensing_review_0048,Nature,2026,contribution_assessment,moderate,model performance,"Soil moisture, wind shear, low-level circulation, and event dynamics",true
unit_003238,nature_remote_sensing_review_0048,Nature,2026,minor_comment,minor,manuscript claim or supporting evidence,"Spatial data, resolution, and product coverage",true
unit_003239,nature_remote_sensing_review_0048,Nature,2026,minor_comment,minor,manuscript claim or supporting evidence,"Remote-sensing context, citation positioning, and prior work",true
unit_003240,nature_remote_sensing_review_0048,Nature,2026,minor_comment,minor,manuscript claim or supporting evidence,"Figures, extended data, and evidentiary display",true
unit_003241,nature_remote_sensing_review_0048,Nature,2026,contribution_assessment,minor,novelty claim,"Remote-sensing context, citation positioning, and prior work",true
unit_003242,nature_remote_sensing_review_0048,Nature,2026,moderate_concern,moderate,causal or attribution claim,"Soil moisture, wind shear, low-level circulation, and event dynamics",true
unit_003243,nature_remote_sensing_review_0048,Nature,2026,moderate_concern,moderate,manuscript claim or supporting evidence,"Methods, results, discussion structure, and explanatory clarity",true
unit_003244,nature_remote_sensing_review_0048,Nature,2026,minor_comment,minor,manuscript claim or supporting evidence,"Spatial data, resolution, and product coverage",true
unit_003245,nature_remote_sensing_review_0048,Nature,2026,contribution_assessment,moderate,manuscript claim or supporting evidence,"Remote-sensing context, citation positioning, and prior work",true
unit_003246,nature_remote_sensing_review_0048,Nature,2026,moderate_concern,moderate,manuscript claim or supporting evidence,"Methods, results, discussion structure, and explanatory clarity",true
unit_003247,nature_remote_sensing_review_0048,Nature,2026,contribution_assessment,minor,model performance,"Methods, results, discussion structure, and explanatory clarity",true
unit_003248,nature_remote_sensing_review_0048,Nature,2026,minor_comment,minor,manuscript claim or supporting evidence,"Remote-sensing context, citation positioning, and prior work",true
unit_003249,nature_remote_sensing_review_0048,Nature,2026,contribution_assessment,minor,methodological support,"Methods, results, discussion structure, and explanatory clarity",true
unit_003250,nature_remote_sensing_review_0048,Nature,2026,minor_comment,minor,manuscript claim or supporting evidence,"Methods, results, discussion structure, and explanatory clarity",true
unit_003251,nature_remote_sensing_review_0048,Nature,2026,minor_comment,minor,manuscript claim or supporting evidence,"Spatial data, resolution, and product coverage",true
unit_003252,nature_remote_sensing_review_0048,Nature,2026,minor_comment,minor,manuscript claim or supporting evidence,"Methods, results, discussion structure, and explanatory clarity",true
unit_003253,nature_remote_sensing_review_0048,Nature,2026,minor_comment,minor,manuscript claim or supporting evidence,"Soil moisture, wind shear, low-level circulation, and event dynamics",true
unit_003254,nature_remote_sensing_review_0048,Nature,2026,minor_comment,minor,global generalization,"Remote-sensing context, citation positioning, and prior work",true
unit_003255,nature_remote_sensing_review_0048,Nature,2026,contribution_assessment,minor,manuscript claim or supporting evidence,"Soil moisture, wind shear, low-level circulation, and event dynamics",true
unit_003256,nature_remote_sensing_review_0048,Nature,2026,minor_comment,minor,model performance,"Methods, results, discussion structure, and explanatory clarity",true
unit_003257,nature_remote_sensing_review_0048,Nature,2026,minor_comment,minor,"model performance, methodological support","Methods, results, discussion structure, and explanatory clarity",true
unit_003258,nature_remote_sensing_review_0048,Nature,2026,minor_comment,minor,manuscript claim or supporting evidence,C3/C4 vegetation coverage and biome classification,true
unit_003259,nature_remote_sensing_review_0048,Nature,2026,minor_comment,minor,"figure evidence, methodological support","Figures, extended data, and evidentiary display",true
unit_003260,nature_remote_sensing_review_0048,Nature,2026,moderate_concern,moderate,manuscript claim or supporting evidence,"Methods, results, discussion structure, and explanatory clarity",true
unit_003261,nature_remote_sensing_review_0048,Nature,2026,moderate_concern,moderate,figure evidence,"Figures, extended data, and evidentiary display",true
unit_003262,nature_remote_sensing_review_0048,Nature,2026,moderate_concern,moderate,manuscript claim or supporting evidence,"Methods, results, discussion structure, and explanatory clarity",true
unit_003263,nature_remote_sensing_review_0048,Nature,2026,moderate_concern,moderate,manuscript claim or supporting evidence,"Figures, extended data, and evidentiary display",true
unit_003264,nature_remote_sensing_review_0048,Nature,2026,moderate_concern,moderate,manuscript claim or supporting evidence,"Spatial data, resolution, and product coverage",true
unit_003265,nature_remote_sensing_review_0048,Nature,2026,figure_or_table_comment,moderate,manuscript claim or supporting evidence,"Spatial data, resolution, and product coverage",true
unit_003266,nature_remote_sensing_review_0048,Nature,2026,minor_comment,minor,methodological support,"Spatial data, resolution, and product coverage",true
unit_003267,nature_remote_sensing_review_0048,Nature,2026,figure_or_table_comment,moderate,figure evidence,"Figures, extended data, and evidentiary display",true
unit_003268,nature_remote_sensing_review_0048,Nature,2026,moderate_concern,moderate,manuscript claim or supporting evidence,"Figures, extended data, and evidentiary display",true
unit_003269,nature_remote_sensing_review_0048,Nature,2026,minor_comment,minor,manuscript claim or supporting evidence,"Methods, results, discussion structure, and explanatory clarity",true
unit_003270,nature_remote_sensing_review_0048,Nature,2026,moderate_concern,moderate,manuscript claim or supporting evidence,"Figures, extended data, and evidentiary display",true
unit_003271,nature_remote_sensing_review_0048,Nature,2026,contribution_assessment,moderate,manuscript claim or supporting evidence,"Soil moisture, wind shear, low-level circulation, and event dynamics",true
unit_003272,nature_remote_sensing_review_0048,Nature,2026,moderate_concern,moderate,manuscript claim or supporting evidence,"Figures, extended data, and evidentiary display",true
unit_003273,nature_remote_sensing_review_0048,Nature,2026,minor_comment,minor,manuscript claim or supporting evidence,"Soil moisture, wind shear, low-level circulation, and event dynamics",true
unit_003274,nature_remote_sensing_review_0048,Nature,2026,moderate_concern,moderate,causal or attribution claim,"Methods, results, discussion structure, and explanatory clarity",true
unit_003275,nature_remote_sensing_review_0048,Nature,2026,minor_comment,minor,manuscript claim or supporting evidence,"Figures, extended data, and evidentiary display",true
unit_003276,nature_remote_sensing_review_0048,Nature,2026,moderate_concern,moderate,causal or attribution claim,"Remote-sensing context, citation positioning, and prior work",true
unit_003277,nature_remote_sensing_review_0048,Nature,2026,contribution_assessment,moderate,manuscript claim or supporting evidence,"Methods, results, discussion structure, and explanatory clarity",true
unit_003278,nature_remote_sensing_review_0048,Nature,2026,moderate_concern,moderate,manuscript claim or supporting evidence,"Methods, results, discussion structure, and explanatory clarity",true
unit_003279,nature_remote_sensing_review_0048,Nature,2026,moderate_concern,moderate,manuscript claim or supporting evidence,"Soil moisture, wind shear, low-level circulation, and event dynamics",true
unit_003280,nature_remote_sensing_review_0048,Nature,2026,revision_assessment,moderate,uncertainty claim,"Concern resolution, code, publication readiness, and reproducibility",true
unit_003281,nature_remote_sensing_review_0048,Nature,2026,moderate_concern,moderate,manuscript claim or supporting evidence,"Remote-sensing context, citation positioning, and prior work",true
unit_003282,nature_remote_sensing_review_0048,Nature,2026,minor_comment,minor,manuscript claim or supporting evidence,"Soil moisture, wind shear, low-level circulation, and event dynamics",true
unit_003283,nature_remote_sensing_review_0048,Nature,2026,moderate_concern,moderate,manuscript claim or supporting evidence,"Methods, results, discussion structure, and explanatory clarity",true
unit_003284,nature_remote_sensing_review_0048,Nature,2026,minor_comment,minor,figure evidence,"Figures, extended data, and evidentiary display",true
unit_003285,nature_remote_sensing_review_0048,Nature,2026,minor_comment,minor,manuscript claim or supporting evidence,"Methods, results, discussion structure, and explanatory clarity",true
unit_003286,nature_remote_sensing_review_0048,Nature,2026,minor_comment,minor,manuscript claim or supporting evidence,"Methods, results, discussion structure, and explanatory clarity",true
unit_003287,nature_remote_sensing_review_0048,Nature,2026,figure_or_table_comment,minor,figure evidence,"Spatial data, resolution, and product coverage",true
unit_003288,nature_remote_sensing_review_0049,Nature,2026,moderate_concern,moderate,model performance,"Spatial data, resolution, and product coverage",true
unit_003289,nature_remote_sensing_review_0049,Nature,2026,moderate_concern,moderate,"global generalization, model performance","Spatial data, resolution, and product coverage",true
unit_003290,nature_remote_sensing_review_0049,Nature,2026,contribution_assessment,moderate,manuscript claim or supporting evidence,"Methods, results, discussion structure, and explanatory clarity",true
unit_003291,nature_remote_sensing_review_0049,Nature,2026,moderate_concern,moderate,global generalization,"Methods, results, discussion structure, and explanatory clarity",true
unit_003292,nature_remote_sensing_review_0049,Nature,2026,moderate_concern,moderate,manuscript claim or supporting evidence,"River, water storage, sediment, tidal, and hydraulic interpretation",true
unit_003293,nature_remote_sensing_review_0049,Nature,2026,minor_comment,minor,global generalization,"Spatial data, resolution, and product coverage",true
unit_003294,nature_remote_sensing_review_0049,Nature,2026,contribution_assessment,major,manuscript claim or supporting evidence,"Methods, results, discussion structure, and explanatory clarity",true
unit_003295,nature_remote_sensing_review_0049,Nature,2026,minor_comment,minor,figure evidence,"Figures, extended data, and evidentiary display",true
unit_003296,nature_remote_sensing_review_0049,Nature,2026,line_comment,moderate,manuscript claim or supporting evidence,"River, water storage, sediment, tidal, and hydraulic interpretation",true
unit_003297,nature_remote_sensing_review_0049,Nature,2026,line_comment,minor,manuscript claim or supporting evidence,"River, water storage, sediment, tidal, and hydraulic interpretation",true
unit_003298,nature_remote_sensing_review_0049,Nature,2026,figure_or_table_comment,moderate,figure evidence,"Figures, extended data, and evidentiary display",true
unit_003299,nature_remote_sensing_review_0049,Nature,2026,line_comment,moderate,manuscript claim or supporting evidence,"Methods, results, discussion structure, and explanatory clarity",true
unit_003300,nature_remote_sensing_review_0049,Nature,2026,figure_or_table_comment,minor,figure evidence,"Figures, extended data, and evidentiary display",true
unit_003301,nature_remote_sensing_review_0049,Nature,2026,figure_or_table_comment,minor,figure evidence,"Spatial data, resolution, and product coverage",true
unit_003302,nature_remote_sensing_review_0049,Nature,2026,minor_comment,minor,manuscript claim or supporting evidence,"Methods, results, discussion structure, and explanatory clarity",true
unit_003303,nature_remote_sensing_review_0049,Nature,2026,moderate_concern,moderate,manuscript claim or supporting evidence,"Concern resolution, code, publication readiness, and reproducibility",true
unit_003304,nature_remote_sensing_review_0049,Nature,2026,contribution_assessment,moderate,"global generalization, novelty claim","Spatial data, resolution, and product coverage",true
unit_003305,nature_remote_sensing_review_0049,Nature,2026,line_comment,moderate,global generalization,"Spatial data, resolution, and product coverage",true
unit_003306,nature_remote_sensing_review_0049,Nature,2026,line_comment,minor,uncertainty claim,"Figures, extended data, and evidentiary display",true
unit_003307,nature_remote_sensing_review_0049,Nature,2026,line_comment,moderate,figure evidence,"Figures, extended data, and evidentiary display",true
unit_003308,nature_remote_sensing_review_0049,Nature,2026,moderate_concern,moderate,manuscript claim or supporting evidence,"River, water storage, sediment, tidal, and hydraulic interpretation",true
unit_003309,nature_remote_sensing_review_0049,Nature,2026,line_comment,minor,"global generalization, figure evidence","Figures, extended data, and evidentiary display",true
unit_003310,nature_remote_sensing_review_0049,Nature,2026,line_comment,moderate,manuscript claim or supporting evidence,"River, water storage, sediment, tidal, and hydraulic interpretation",true
unit_003311,nature_remote_sensing_review_0049,Nature,2026,line_comment,minor,manuscript claim or supporting evidence,"Remote-sensing context, citation positioning, and prior work",true
unit_003312,nature_remote_sensing_review_0049,Nature,2026,line_comment,moderate,methodological support,"Methods, results, discussion structure, and explanatory clarity",true
unit_003313,nature_remote_sensing_review_0049,Nature,2026,line_comment,moderate,manuscript claim or supporting evidence,"Methods, results, discussion structure, and explanatory clarity",true
unit_003314,nature_remote_sensing_review_0049,Nature,2026,line_comment,moderate,manuscript claim or supporting evidence,"River, water storage, sediment, tidal, and hydraulic interpretation",true
unit_003315,nature_remote_sensing_review_0049,Nature,2026,line_comment,moderate,figure evidence,"Figures, extended data, and evidentiary display",true
unit_003316,nature_remote_sensing_review_0049,Nature,2026,line_comment,minor,methodological support,"Methods, results, discussion structure, and explanatory clarity",true
unit_003317,nature_remote_sensing_review_0049,Nature,2026,line_comment,moderate,manuscript claim or supporting evidence,"Methods, results, discussion structure, and explanatory clarity",true
unit_003318,nature_remote_sensing_review_0049,Nature,2026,line_comment,minor,manuscript claim or supporting evidence,"Figures, extended data, and evidentiary display",true
unit_003319,nature_remote_sensing_review_0049,Nature,2026,line_comment,moderate,"methodological support, algorithm validity","Methods, results, discussion structure, and explanatory clarity",true
unit_003320,nature_remote_sensing_review_0049,Nature,2026,contribution_assessment,minor,global generalization,"River, water storage, sediment, tidal, and hydraulic interpretation",true
unit_003321,nature_remote_sensing_review_0049,Nature,2026,minor_comment,minor,global generalization,"Spatial data, resolution, and product coverage",true
unit_003322,nature_remote_sensing_review_0049,Nature,2026,moderate_concern,moderate,manuscript claim or supporting evidence,"River, water storage, sediment, tidal, and hydraulic interpretation",true
unit_003323,nature_remote_sensing_review_0049,Nature,2026,line_comment,moderate,figure evidence,"Figures, extended data, and evidentiary display",true
unit_003324,nature_remote_sensing_review_0049,Nature,2026,line_comment,moderate,global generalization,"Spatial data, resolution, and product coverage",true
unit_003325,nature_remote_sensing_review_0049,Nature,2026,figure_or_table_comment,moderate,"model performance, figure evidence","Figures, extended data, and evidentiary display",true
unit_003326,nature_remote_sensing_review_0049,Nature,2026,line_comment,moderate,"model performance, figure evidence","Figures, extended data, and evidentiary display",true
unit_003327,nature_remote_sensing_review_0049,Nature,2026,moderate_concern,moderate,model performance,"Methods, results, discussion structure, and explanatory clarity",true
unit_003328,nature_remote_sensing_review_0049,Nature,2026,line_comment,minor,figure evidence,"Long-term time series, climate variability, and trend interpretation",true
unit_003329,nature_remote_sensing_review_0049,Nature,2026,minor_comment,minor,figure evidence,"Figures, extended data, and evidentiary display",true
unit_003330,nature_remote_sensing_review_0049,Nature,2026,moderate_concern,moderate,"global generalization, model performance","River, water storage, sediment, tidal, and hydraulic interpretation",true
unit_003331,nature_remote_sensing_review_0049,Nature,2026,minor_comment,minor,global generalization,"Spatial data, resolution, and product coverage",true
unit_003332,nature_remote_sensing_review_0049,Nature,2026,minor_comment,minor,"global generalization, methodological support","Spatial data, resolution, and product coverage",true
unit_003333,nature_remote_sensing_review_0049,Nature,2026,moderate_concern,moderate,global generalization,"Figures, extended data, and evidentiary display",true
unit_003334,nature_remote_sensing_review_0049,Nature,2026,moderate_concern,moderate,global generalization,"Spatial data, resolution, and product coverage",true
unit_003335,nature_remote_sensing_review_0049,Nature,2026,contribution_assessment,major,"global generalization, novelty claim, model performance","Spatial data, resolution, and product coverage",true
unit_003336,nature_remote_sensing_review_0049,Nature,2026,major_concern,major,manuscript claim or supporting evidence,"Methods, results, discussion structure, and explanatory clarity",true
unit_003337,nature_remote_sensing_review_0049,Nature,2026,contribution_assessment,moderate,"global generalization, novelty claim","Spatial data, resolution, and product coverage",true
unit_003338,nature_remote_sensing_review_0049,Nature,2026,figure_or_table_comment,major,"global generalization, model performance, figure evidence","Long-term time series, climate variability, and trend interpretation",true
unit_003339,nature_remote_sensing_review_0049,Nature,2026,minor_comment,minor,"global generalization, uncertainty claim, model performance","Methods, results, discussion structure, and explanatory clarity",true
unit_003340,nature_remote_sensing_review_0049,Nature,2026,contribution_assessment,minor,"global generalization, product validity","Machine learning, model performance, and generalization",true
unit_003341,nature_remote_sensing_review_0049,Nature,2026,minor_comment,minor,"global generalization, methodological support","Methods, results, discussion structure, and explanatory clarity",true
unit_003342,nature_remote_sensing_review_0049,Nature,2026,figure_or_table_comment,moderate,figure evidence,"Long-term time series, climate variability, and trend interpretation",true
unit_003343,nature_remote_sensing_review_0049,Nature,2026,line_comment,moderate,manuscript claim or supporting evidence,"Figures, extended data, and evidentiary display",true
unit_003344,nature_remote_sensing_review_0049,Nature,2026,line_comment,minor,manuscript claim or supporting evidence,"Spatial data, resolution, and product coverage",true
unit_003345,nature_remote_sensing_review_0049,Nature,2026,line_comment,moderate,manuscript claim or supporting evidence,"Amazon, forest cover, land-use pressure, and forest resilience",true
unit_003346,nature_remote_sensing_review_0049,Nature,2026,line_comment,major,"global generalization, model performance, methodological support","Methods, results, discussion structure, and explanatory clarity",true
unit_003347,nature_remote_sensing_review_0049,Nature,2026,line_comment,moderate,"global generalization, methodological support","Methods, results, discussion structure, and explanatory clarity",true
unit_003348,nature_remote_sensing_review_0049,Nature,2026,line_comment,moderate,"global generalization, model performance","Machine learning, model performance, and generalization",true
unit_003349,nature_remote_sensing_review_0049,Nature,2026,line_comment,minor,product validity,"Figures, extended data, and evidentiary display",true
unit_003350,nature_remote_sensing_review_0049,Nature,2026,line_comment,moderate,manuscript claim or supporting evidence,"Methods, results, discussion structure, and explanatory clarity",true
unit_003351,nature_remote_sensing_review_0049,Nature,2026,moderate_concern,moderate,global generalization,"Spatial data, resolution, and product coverage",true
unit_003352,nature_remote_sensing_review_0049,Nature,2026,line_comment,moderate,manuscript claim or supporting evidence,"Methods, results, discussion structure, and explanatory clarity",true
unit_003353,nature_remote_sensing_review_0049,Nature,2026,line_comment,minor,manuscript claim or supporting evidence,"River, water storage, sediment, tidal, and hydraulic interpretation",true
unit_003354,nature_remote_sensing_review_0049,Nature,2026,line_comment,moderate,model performance,"Methods, results, discussion structure, and explanatory clarity",true
unit_003355,nature_remote_sensing_review_0049,Nature,2026,line_comment,moderate,uncertainty claim,"Methods, results, discussion structure, and explanatory clarity",true
unit_003356,nature_remote_sensing_review_0049,Nature,2026,line_comment,minor,manuscript claim or supporting evidence,"Methods, results, discussion structure, and explanatory clarity",true
unit_003357,nature_remote_sensing_review_0049,Nature,2026,line_comment,moderate,manuscript claim or supporting evidence,"Methods, results, discussion structure, and explanatory clarity",true
unit_003358,nature_remote_sensing_review_0049,Nature,2026,moderate_concern,moderate,manuscript claim or supporting evidence,"Concern resolution, code, publication readiness, and reproducibility",true
unit_003359,nature_remote_sensing_review_0049,Nature,2026,revision_assessment,major,global generalization,"Concern resolution, code, publication readiness, and reproducibility",true
unit_003360,nature_remote_sensing_review_0049,Nature,2026,contribution_assessment,moderate,novelty claim,"Spatial data, resolution, and product coverage",true
unit_003361,nature_remote_sensing_review_0049,Nature,2026,moderate_concern,moderate,"global generalization, product validity, uncertainty claim","Spatial data, resolution, and product coverage",true
unit_003362,nature_remote_sensing_review_0049,Nature,2026,figure_or_table_comment,moderate,table evidence,"Figures, extended data, and evidentiary display",true
unit_003363,nature_remote_sensing_review_0049,Nature,2026,figure_or_table_comment,minor,figure evidence,"Figures, extended data, and evidentiary display",true
unit_003364,nature_remote_sensing_review_0049,Nature,2026,figure_or_table_comment,minor,figure evidence,"Spatial data, resolution, and product coverage",true
unit_003365,nature_remote_sensing_review_0049,Nature,2026,revision_assessment,moderate,manuscript claim or supporting evidence,"Methods, results, discussion structure, and explanatory clarity",true
unit_003366,nature_remote_sensing_review_0049,Nature,2026,contribution_assessment,minor,"global generalization, table evidence","Spatial data, resolution, and product coverage",true
unit_003367,nature_remote_sensing_review_0049,Nature,2026,moderate_concern,moderate,methodological support,"Remote-sensing context, citation positioning, and prior work",true
unit_003368,nature_remote_sensing_review_0049,Nature,2026,contribution_assessment,moderate,"global generalization, figure evidence, methodological support","Spatial data, resolution, and product coverage",true
unit_003369,nature_remote_sensing_review_0049,Nature,2026,moderate_concern,moderate,manuscript claim or supporting evidence,"Concern resolution, code, publication readiness, and reproducibility",true
unit_003370,nature_remote_sensing_review_0050,Nature,2026,moderate_concern,moderate,"global generalization, model performance, table evidence","Machine learning, model performance, and generalization",true
unit_003371,nature_remote_sensing_review_0050,Nature,2026,moderate_concern,moderate,"model performance, algorithm validity","Concern resolution, code, publication readiness, and reproducibility",true
unit_003372,nature_remote_sensing_review_0050,Nature,2026,moderate_concern,moderate,"global generalization, model performance","Machine learning, model performance, and generalization",true
unit_003373,nature_remote_sensing_review_0050,Nature,2026,minor_comment,minor,manuscript claim or supporting evidence,"Methods, results, discussion structure, and explanatory clarity",true
unit_003374,nature_remote_sensing_review_0050,Nature,2026,moderate_concern,moderate,"trend interpretation, global generalization, model performance","Machine learning, model performance, and generalization",true
unit_003375,nature_remote_sensing_review_0050,Nature,2026,moderate_concern,moderate,trend interpretation,"Long-term time series, climate variability, and trend interpretation",true
unit_003376,nature_remote_sensing_review_0050,Nature,2026,minor_comment,minor,"product validity, model performance","Machine learning, model performance, and generalization",true
unit_003377,nature_remote_sensing_review_0050,Nature,2026,major_concern,major,"global generalization, model performance","Machine learning, model performance, and generalization",true
unit_003378,nature_remote_sensing_review_0050,Nature,2026,figure_or_table_comment,moderate,figure evidence,"Figures, extended data, and evidentiary display",true
unit_003379,nature_remote_sensing_review_0050,Nature,2026,moderate_concern,moderate,model performance,"Spatial data, resolution, and product coverage",true
unit_003380,nature_remote_sensing_review_0050,Nature,2026,moderate_concern,moderate,model performance,"Methods, results, discussion structure, and explanatory clarity",true
unit_003381,nature_remote_sensing_review_0050,Nature,2026,moderate_concern,moderate,manuscript claim or supporting evidence,"Methods, results, discussion structure, and explanatory clarity",true
unit_003382,nature_remote_sensing_review_0050,Nature,2026,moderate_concern,moderate,manuscript claim or supporting evidence,"Methods, results, discussion structure, and explanatory clarity",true
unit_003383,nature_remote_sensing_review_0050,Nature,2026,moderate_concern,moderate,manuscript claim or supporting evidence,"Concern resolution, code, publication readiness, and reproducibility",true
unit_003384,nature_remote_sensing_review_0050,Nature,2026,minor_comment,minor,model performance,"Concern resolution, code, publication readiness, and reproducibility",true
unit_003385,nature_remote_sensing_review_0050,Nature,2026,moderate_concern,moderate,table evidence,"Figures, extended data, and evidentiary display",true
unit_003386,nature_remote_sensing_review_0050,Nature,2026,minor_comment,minor,model performance,"Methods, results, discussion structure, and explanatory clarity",true
unit_003387,nature_remote_sensing_review_0050,Nature,2026,moderate_concern,moderate,manuscript claim or supporting evidence,"Methods, results, discussion structure, and explanatory clarity",true
unit_003388,nature_remote_sensing_review_0050,Nature,2026,contribution_assessment,moderate,"product validity, model performance","Machine learning, model performance, and generalization",true
unit_003389,nature_remote_sensing_review_0050,Nature,2026,moderate_concern,moderate,manuscript claim or supporting evidence,"Machine learning, model performance, and generalization",true
unit_003390,nature_remote_sensing_review_0050,Nature,2026,moderate_concern,moderate,manuscript claim or supporting evidence,"Methods, results, discussion structure, and explanatory clarity",true
unit_003391,nature_remote_sensing_review_0050,Nature,2026,moderate_concern,moderate,"global generalization, product validity, model performance","Remote-sensing context, citation positioning, and prior work",true
unit_003392,nature_remote_sensing_review_0050,Nature,2026,figure_or_table_comment,moderate,"model performance, figure evidence","Machine learning, model performance, and generalization",true
unit_003393,nature_remote_sensing_review_0050,Nature,2026,moderate_concern,moderate,manuscript claim or supporting evidence,"Methods, results, discussion structure, and explanatory clarity",true
unit_003394,nature_remote_sensing_review_0050,Nature,2026,moderate_concern,moderate,manuscript claim or supporting evidence,"Methods, results, discussion structure, and explanatory clarity",true
unit_003395,nature_remote_sensing_review_0050,Nature,2026,moderate_concern,moderate,manuscript claim or supporting evidence,"Methods, results, discussion structure, and explanatory clarity",true
unit_003396,nature_remote_sensing_review_0050,Nature,2026,moderate_concern,moderate,"causal or attribution claim, product validity, model performance","Emission, source attribution, and plume-like inference",true
unit_003397,nature_remote_sensing_review_0050,Nature,2026,figure_or_table_comment,moderate,"model performance, figure evidence","Figures, extended data, and evidentiary display",true
unit_003398,nature_remote_sensing_review_0050,Nature,2026,minor_comment,minor,product validity,"Methods, results, discussion structure, and explanatory clarity",true
unit_003399,nature_remote_sensing_review_0050,Nature,2026,figure_or_table_comment,moderate,figure evidence,"Figures, extended data, and evidentiary display",true
unit_003400,nature_remote_sensing_review_0050,Nature,2026,figure_or_table_comment,moderate,figure evidence,"Figures, extended data, and evidentiary display",true
unit_003401,nature_remote_sensing_review_0050,Nature,2026,moderate_concern,moderate,methodological support,"Long-term time series, climate variability, and trend interpretation",true
unit_003402,nature_remote_sensing_review_0050,Nature,2026,moderate_concern,moderate,manuscript claim or supporting evidence,"Spatial data, resolution, and product coverage",true
unit_003403,nature_remote_sensing_review_0050,Nature,2026,contribution_assessment,moderate,"global generalization, model performance, table evidence","Machine learning, model performance, and generalization",true
unit_003404,nature_remote_sensing_review_0050,Nature,2026,moderate_concern,moderate,model performance,"Methods, results, discussion structure, and explanatory clarity",true
unit_003405,nature_remote_sensing_review_0050,Nature,2026,moderate_concern,moderate,"global generalization, model performance, methodological support","Machine learning, model performance, and generalization",true
unit_003406,nature_remote_sensing_review_0050,Nature,2026,contribution_assessment,major,model performance,"Concern resolution, code, publication readiness, and reproducibility",true
unit_003407,nature_remote_sensing_review_0050,Nature,2026,moderate_concern,moderate,manuscript claim or supporting evidence,"Methods, results, discussion structure, and explanatory clarity",true
unit_003408,nature_remote_sensing_review_0050,Nature,2026,moderate_concern,moderate,manuscript claim or supporting evidence,"Remote-sensing context, citation positioning, and prior work",true
unit_003409,nature_remote_sensing_review_0050,Nature,2026,moderate_concern,moderate,model performance,"Methods, results, discussion structure, and explanatory clarity",true
unit_003410,nature_remote_sensing_review_0050,Nature,2026,minor_comment,minor,model performance,"Machine learning, model performance, and generalization",true
unit_003411,nature_remote_sensing_review_0050,Nature,2026,moderate_concern,moderate,product validity,"Concern resolution, code, publication readiness, and reproducibility",true
unit_003412,nature_remote_sensing_review_0051,Nature,2026,line_comment,moderate,"trend interpretation, global generalization, novelty claim","Long-term time series, climate variability, and trend interpretation",true
unit_003413,nature_remote_sensing_review_0051,Nature,2026,line_comment,moderate,global generalization,"Figures, extended data, and evidentiary display",true
unit_003414,nature_remote_sensing_review_0051,Nature,2026,figure_or_table_comment,moderate,figure evidence,"Figures, extended data, and evidentiary display",true
unit_003415,nature_remote_sensing_review_0051,Nature,2026,line_comment,moderate,manuscript claim or supporting evidence,"Methods, results, discussion structure, and explanatory clarity",true
unit_003416,nature_remote_sensing_review_0051,Nature,2026,revision_assessment,moderate,"trend interpretation, global generalization","Long-term time series, climate variability, and trend interpretation",true
unit_003417,nature_remote_sensing_review_0051,Nature,2026,moderate_concern,moderate,table evidence,"Remote-sensing context, citation positioning, and prior work",true
unit_003418,nature_remote_sensing_review_0051,Nature,2026,moderate_concern,moderate,trend interpretation,"Long-term time series, climate variability, and trend interpretation",true
unit_003419,nature_remote_sensing_review_0051,Nature,2026,moderate_concern,moderate,manuscript claim or supporting evidence,"Spatial data, resolution, and product coverage",true
unit_003420,nature_remote_sensing_review_0051,Nature,2026,moderate_concern,moderate,manuscript claim or supporting evidence,"Spatial data, resolution, and product coverage",true
unit_003421,nature_remote_sensing_review_0051,Nature,2026,moderate_concern,moderate,manuscript claim or supporting evidence,"Methods, results, discussion structure, and explanatory clarity",true
unit_003422,nature_remote_sensing_review_0051,Nature,2026,moderate_concern,moderate,manuscript claim or supporting evidence,"Methods, results, discussion structure, and explanatory clarity",true
unit_003423,nature_remote_sensing_review_0051,Nature,2026,moderate_concern,moderate,manuscript claim or supporting evidence,"Methods, results, discussion structure, and explanatory clarity",true
unit_003424,nature_remote_sensing_review_0051,Nature,2026,minor_comment,minor,trend interpretation,"Long-term time series, climate variability, and trend interpretation",true
unit_003425,nature_remote_sensing_review_0051,Nature,2026,figure_or_table_comment,moderate,figure evidence,"Figures, extended data, and evidentiary display",true
unit_003426,nature_remote_sensing_review_0051,Nature,2026,figure_or_table_comment,moderate,"trend interpretation, figure evidence, table evidence","Long-term time series, climate variability, and trend interpretation",true
unit_003427,nature_remote_sensing_review_0051,Nature,2026,moderate_concern,moderate,table evidence,"Remote-sensing context, citation positioning, and prior work",true
unit_003428,nature_remote_sensing_review_0051,Nature,2026,moderate_concern,moderate,manuscript claim or supporting evidence,"Remote-sensing context, citation positioning, and prior work",true
unit_003429,nature_remote_sensing_review_0051,Nature,2026,line_comment,moderate,manuscript claim or supporting evidence,"Remote-sensing context, citation positioning, and prior work",true
unit_003430,nature_remote_sensing_review_0051,Nature,2026,revision_assessment,moderate,manuscript claim or supporting evidence,"Concern resolution, code, publication readiness, and reproducibility",true
unit_003431,nature_remote_sensing_review_0051,Nature,2026,moderate_concern,moderate,manuscript claim or supporting evidence,"Urban, inter-city, and SDG-impact interpretation",true
unit_003432,nature_remote_sensing_review_0051,Nature,2026,moderate_concern,moderate,manuscript claim or supporting evidence,"Methods, results, discussion structure, and explanatory clarity",true
unit_003433,nature_remote_sensing_review_0051,Nature,2026,contribution_assessment,major,manuscript claim or supporting evidence,"Methods, results, discussion structure, and explanatory clarity",true
unit_003434,nature_remote_sensing_review_0051,Nature,2026,moderate_concern,moderate,figure evidence,"Spatial data, resolution, and product coverage",true
unit_003435,nature_remote_sensing_review_0051,Nature,2026,moderate_concern,moderate,manuscript claim or supporting evidence,"Figures, extended data, and evidentiary display",true
unit_003436,nature_remote_sensing_review_0051,Nature,2026,figure_or_table_comment,moderate,"table evidence, methodological support","Figures, extended data, and evidentiary display",true
unit_003437,nature_remote_sensing_review_0051,Nature,2026,moderate_concern,moderate,manuscript claim or supporting evidence,"Methods, results, discussion structure, and explanatory clarity",true
unit_003438,nature_remote_sensing_review_0051,Nature,2026,figure_or_table_comment,moderate,global generalization,"Figures, extended data, and evidentiary display",true
unit_003439,nature_remote_sensing_review_0051,Nature,2026,minor_comment,minor,manuscript claim or supporting evidence,"Methods, results, discussion structure, and explanatory clarity",true
unit_003440,nature_remote_sensing_review_0051,Nature,2026,figure_or_table_comment,moderate,manuscript claim or supporting evidence,"Figures, extended data, and evidentiary display",true
unit_003441,nature_remote_sensing_review_0051,Nature,2026,moderate_concern,moderate,"novelty claim, methodological support, algorithm validity","Methods, results, discussion structure, and explanatory clarity",true
unit_003442,nature_remote_sensing_review_0051,Nature,2026,moderate_concern,moderate,product validity,"Remote-sensing context, citation positioning, and prior work",true
unit_003443,nature_remote_sensing_review_0051,Nature,2026,moderate_concern,moderate,table evidence,"Figures, extended data, and evidentiary display",true
unit_003444,nature_remote_sensing_review_0051,Nature,2026,minor_comment,minor,"table evidence, methodological support","Long-term time series, climate variability, and trend interpretation",true
unit_003445,nature_remote_sensing_review_0051,Nature,2026,moderate_concern,moderate,manuscript claim or supporting evidence,"Methods, results, discussion structure, and explanatory clarity",true
unit_003446,nature_remote_sensing_review_0051,Nature,2026,revision_assessment,moderate,manuscript claim or supporting evidence,"Concern resolution, code, publication readiness, and reproducibility",true
unit_003447,nature_remote_sensing_review_0052,Nature,2026,contribution_assessment,moderate,"global generalization, figure evidence, table evidence","Spatial data, resolution, and product coverage",true
unit_003448,nature_remote_sensing_review_0052,Nature,2026,moderate_concern,moderate,manuscript claim or supporting evidence,"Concern resolution, code, publication readiness, and reproducibility",true
unit_003449,nature_remote_sensing_review_0052,Nature,2026,moderate_concern,moderate,manuscript claim or supporting evidence,"River, water storage, sediment, tidal, and hydraulic interpretation",true
unit_003450,nature_remote_sensing_review_0052,Nature,2026,major_concern,major,global generalization,"Methods, results, discussion structure, and explanatory clarity",true
unit_003451,nature_remote_sensing_review_0052,Nature,2026,contribution_assessment,moderate,manuscript claim or supporting evidence,"Figures, extended data, and evidentiary display",true
unit_003452,nature_remote_sensing_review_0052,Nature,2026,moderate_concern,moderate,"product validity, figure evidence","Spatial data, resolution, and product coverage",true
unit_003453,nature_remote_sensing_review_0052,Nature,2026,minor_comment,minor,manuscript claim or supporting evidence,"Long-term time series, climate variability, and trend interpretation",true
unit_003454,nature_remote_sensing_review_0052,Nature,2026,moderate_concern,moderate,methodological support,"Remote-sensing context, citation positioning, and prior work",true
unit_003455,nature_remote_sensing_review_0052,Nature,2026,moderate_concern,moderate,global generalization,"Long-term time series, climate variability, and trend interpretation",true
unit_003456,nature_remote_sensing_review_0052,Nature,2026,minor_comment,minor,manuscript claim or supporting evidence,"Spatial data, resolution, and product coverage",true
unit_003457,nature_remote_sensing_review_0052,Nature,2026,figure_or_table_comment,minor,figure evidence,"Spatial data, resolution, and product coverage",true
unit_003458,nature_remote_sensing_review_0052,Nature,2026,figure_or_table_comment,minor,figure evidence,"Figures, extended data, and evidentiary display",true
unit_003459,nature_remote_sensing_review_0052,Nature,2026,minor_comment,minor,figure evidence,"Figures, extended data, and evidentiary display",true
unit_003460,nature_remote_sensing_review_0052,Nature,2026,moderate_concern,moderate,manuscript claim or supporting evidence,"Methods, results, discussion structure, and explanatory clarity",true
unit_003461,nature_remote_sensing_review_0052,Nature,2026,minor_comment,minor,manuscript claim or supporting evidence,"Methods, results, discussion structure, and explanatory clarity",true
unit_003462,nature_remote_sensing_review_0052,Nature,2026,line_comment,moderate,manuscript claim or supporting evidence,"Spatial data, resolution, and product coverage",true
unit_003463,nature_remote_sensing_review_0052,Nature,2026,line_comment,moderate,manuscript claim or supporting evidence,"Methods, results, discussion structure, and explanatory clarity",true
unit_003464,nature_remote_sensing_review_0052,Nature,2026,line_comment,moderate,methodological support,"Methods, results, discussion structure, and explanatory clarity",true
unit_003465,nature_remote_sensing_review_0052,Nature,2026,line_comment,moderate,manuscript claim or supporting evidence,"Spatial data, resolution, and product coverage",true
unit_003466,nature_remote_sensing_review_0052,Nature,2026,line_comment,moderate,manuscript claim or supporting evidence,"Methods, results, discussion structure, and explanatory clarity",true
unit_003467,nature_remote_sensing_review_0052,Nature,2026,line_comment,moderate,manuscript claim or supporting evidence,"River, water storage, sediment, tidal, and hydraulic interpretation",true
unit_003468,nature_remote_sensing_review_0052,Nature,2026,line_comment,moderate,manuscript claim or supporting evidence,"Methods, results, discussion structure, and explanatory clarity",true
unit_003469,nature_remote_sensing_review_0052,Nature,2026,line_comment,moderate,manuscript claim or supporting evidence,"River, water storage, sediment, tidal, and hydraulic interpretation",true
unit_003470,nature_remote_sensing_review_0052,Nature,2026,line_comment,minor,methodological support,"Methods, results, discussion structure, and explanatory clarity",true
unit_003471,nature_remote_sensing_review_0052,Nature,2026,line_comment,moderate,manuscript claim or supporting evidence,"Methods, results, discussion structure, and explanatory clarity",true
unit_003472,nature_remote_sensing_review_0052,Nature,2026,line_comment,minor,manuscript claim or supporting evidence,"Long-term time series, climate variability, and trend interpretation",true
unit_003473,nature_remote_sensing_review_0052,Nature,2026,line_comment,moderate,manuscript claim or supporting evidence,"Remote-sensing context, citation positioning, and prior work",true
unit_003474,nature_remote_sensing_review_0052,Nature,2026,line_comment,moderate,manuscript claim or supporting evidence,"River, water storage, sediment, tidal, and hydraulic interpretation",true
unit_003475,nature_remote_sensing_review_0052,Nature,2026,figure_or_table_comment,moderate,"global generalization, figure evidence","Figures, extended data, and evidentiary display",true
unit_003476,nature_remote_sensing_review_0052,Nature,2026,figure_or_table_comment,moderate,figure evidence,"Figures, extended data, and evidentiary display",true
unit_003477,nature_remote_sensing_review_0052,Nature,2026,figure_or_table_comment,minor,figure evidence,"Figures, extended data, and evidentiary display",true
unit_003478,nature_remote_sensing_review_0052,Nature,2026,moderate_concern,moderate,manuscript claim or supporting evidence,"Concern resolution, code, publication readiness, and reproducibility",true
unit_003479,nature_remote_sensing_review_0052,Nature,2026,moderate_concern,moderate,global generalization,"Spatial data, resolution, and product coverage",true
unit_003480,nature_remote_sensing_review_0052,Nature,2026,moderate_concern,moderate,manuscript claim or supporting evidence,"River, water storage, sediment, tidal, and hydraulic interpretation",true
unit_003481,nature_remote_sensing_review_0052,Nature,2026,moderate_concern,moderate,manuscript claim or supporting evidence,"River, water storage, sediment, tidal, and hydraulic interpretation",true
unit_003482,nature_remote_sensing_review_0052,Nature,2026,contribution_assessment,moderate,"global generalization, novelty claim, product validity","Remote-sensing context, citation positioning, and prior work",true
unit_003483,nature_remote_sensing_review_0052,Nature,2026,moderate_concern,moderate,manuscript claim or supporting evidence,"Methods, results, discussion structure, and explanatory clarity",true
unit_003484,nature_remote_sensing_review_0052,Nature,2026,contribution_assessment,moderate,product validity,"Methods, results, discussion structure, and explanatory clarity",true
unit_003485,nature_remote_sensing_review_0052,Nature,2026,moderate_concern,moderate,algorithm validity,"Spatial data, resolution, and product coverage",true
unit_003486,nature_remote_sensing_review_0052,Nature,2026,revision_assessment,moderate,manuscript claim or supporting evidence,"Concern resolution, code, publication readiness, and reproducibility",true
unit_003487,nature_remote_sensing_review_0052,Nature,2026,contribution_assessment,moderate,manuscript claim or supporting evidence,"Methods, results, discussion structure, and explanatory clarity",true
unit_003488,nature_remote_sensing_review_0052,Nature,2026,contribution_assessment,moderate,manuscript claim or supporting evidence,"Methods, results, discussion structure, and explanatory clarity",true
unit_003489,nature_remote_sensing_review_0052,Nature,2026,contribution_assessment,moderate,product validity,"River, water storage, sediment, tidal, and hydraulic interpretation",true
unit_003490,nature_remote_sensing_review_0052,Nature,2026,moderate_concern,moderate,manuscript claim or supporting evidence,"River, water storage, sediment, tidal, and hydraulic interpretation",true
unit_003491,nature_remote_sensing_review_0052,Nature,2026,figure_or_table_comment,moderate,"product validity, figure evidence","Figures, extended data, and evidentiary display",true
unit_003492,nature_remote_sensing_review_0052,Nature,2026,moderate_concern,moderate,manuscript claim or supporting evidence,"River, water storage, sediment, tidal, and hydraulic interpretation",true
unit_003493,nature_remote_sensing_review_0052,Nature,2026,moderate_concern,moderate,manuscript claim or supporting evidence,"Figures, extended data, and evidentiary display",true
unit_003494,nature_remote_sensing_review_0052,Nature,2026,moderate_concern,moderate,manuscript claim or supporting evidence,"Methods, results, discussion structure, and explanatory clarity",true
unit_003495,nature_remote_sensing_review_0052,Nature,2026,moderate_concern,moderate,"product validity, model performance","Emission, source attribution, and plume-like inference",true
unit_003496,nature_remote_sensing_review_0052,Nature,2026,figure_or_table_comment,moderate,figure evidence,"Figures, extended data, and evidentiary display",true
unit_003497,nature_remote_sensing_review_0052,Nature,2026,moderate_concern,moderate,model performance,"River, water storage, sediment, tidal, and hydraulic interpretation",true
unit_003498,nature_remote_sensing_review_0052,Nature,2026,moderate_concern,moderate,manuscript claim or supporting evidence,"Methods, results, discussion structure, and explanatory clarity",true
unit_003499,nature_remote_sensing_review_0052,Nature,2026,moderate_concern,moderate,global generalization,"Methods, results, discussion structure, and explanatory clarity",true
unit_003500,nature_remote_sensing_review_0052,Nature,2026,minor_comment,minor,manuscript claim or supporting evidence,"Concern resolution, code, publication readiness, and reproducibility",true
unit_003501,nature_remote_sensing_review_0052,Nature,2026,figure_or_table_comment,moderate,"product validity, figure evidence","Figures, extended data, and evidentiary display",true
unit_003502,nature_remote_sensing_review_0052,Nature,2026,moderate_concern,moderate,global generalization,"River, water storage, sediment, tidal, and hydraulic interpretation",true
unit_003503,nature_remote_sensing_review_0052,Nature,2026,moderate_concern,moderate,manuscript claim or supporting evidence,"Methods, results, discussion structure, and explanatory clarity",true
unit_003504,nature_remote_sensing_review_0052,Nature,2026,moderate_concern,moderate,manuscript claim or supporting evidence,"Methods, results, discussion structure, and explanatory clarity",true
unit_003505,nature_remote_sensing_review_0052,Nature,2026,figure_or_table_comment,minor,"global generalization, figure evidence","Figures, extended data, and evidentiary display",true
unit_003506,nature_remote_sensing_review_0052,Nature,2026,moderate_concern,moderate,manuscript claim or supporting evidence,"Remote-sensing context, citation positioning, and prior work",true
unit_003507,nature_remote_sensing_review_0052,Nature,2026,moderate_concern,moderate,global generalization,"Figures, extended data, and evidentiary display",true
unit_003508,nature_remote_sensing_review_0052,Nature,2026,moderate_concern,moderate,figure evidence,"Figures, extended data, and evidentiary display",true
unit_003509,nature_remote_sensing_review_0052,Nature,2026,moderate_concern,moderate,manuscript claim or supporting evidence,"Figures, extended data, and evidentiary display",true
unit_003510,nature_remote_sensing_review_0052,Nature,2026,moderate_concern,moderate,manuscript claim or supporting evidence,"Methods, results, discussion structure, and explanatory clarity",true
unit_003511,nature_remote_sensing_review_0052,Nature,2026,moderate_concern,moderate,manuscript claim or supporting evidence,"Methods, results, discussion structure, and explanatory clarity",true
unit_003512,nature_remote_sensing_review_0052,Nature,2026,moderate_concern,moderate,manuscript claim or supporting evidence,"Concern resolution, code, publication readiness, and reproducibility",true
unit_003513,nature_remote_sensing_review_0052,Nature,2026,moderate_concern,moderate,manuscript claim or supporting evidence,"Concern resolution, code, publication readiness, and reproducibility",true
unit_003514,nature_remote_sensing_review_0052,Nature,2026,moderate_concern,moderate,manuscript claim or supporting evidence,"Concern resolution, code, publication readiness, and reproducibility",true
unit_003515,nature_remote_sensing_review_0052,Nature,2026,contribution_assessment,moderate,global generalization,"Spatial data, resolution, and product coverage",true
unit_003516,nature_remote_sensing_review_0052,Nature,2026,moderate_concern,moderate,"global generalization, product validity, figure evidence","Figures, extended data, and evidentiary display",true
unit_003517,nature_remote_sensing_review_0052,Nature,2026,moderate_concern,moderate,manuscript claim or supporting evidence,"River, water storage, sediment, tidal, and hydraulic interpretation",true
unit_003518,nature_remote_sensing_review_0052,Nature,2026,contribution_assessment,moderate,global generalization,"Methods, results, discussion structure, and explanatory clarity",true
unit_003519,nature_remote_sensing_review_0052,Nature,2026,moderate_concern,moderate,manuscript claim or supporting evidence,"River, water storage, sediment, tidal, and hydraulic interpretation",true
unit_003520,nature_remote_sensing_review_0052,Nature,2026,moderate_concern,moderate,"global generalization, methodological support","Figures, extended data, and evidentiary display",true
unit_003521,nature_remote_sensing_review_0052,Nature,2026,contribution_assessment,moderate,figure evidence,"Figures, extended data, and evidentiary display",true
unit_003522,nature_remote_sensing_review_0052,Nature,2026,moderate_concern,moderate,manuscript claim or supporting evidence,"Concern resolution, code, publication readiness, and reproducibility",true
unit_003523,nature_remote_sensing_review_0052,Nature,2026,revision_assessment,moderate,table evidence,"Figures, extended data, and evidentiary display",true
unit_003524,nature_remote_sensing_review_0052,Nature,2026,major_concern,major,"product validity, methodological support","Remote-sensing context, citation positioning, and prior work",true
unit_003525,nature_remote_sensing_review_0052,Nature,2026,moderate_concern,moderate,"uncertainty claim, methodological support","Long-term time series, climate variability, and trend interpretation",true
unit_003526,nature_remote_sensing_review_0052,Nature,2026,moderate_concern,moderate,manuscript claim or supporting evidence,"Long-term time series, climate variability, and trend interpretation",true
unit_003527,nature_remote_sensing_review_0052,Nature,2026,moderate_concern,moderate,manuscript claim or supporting evidence,"Remote-sensing context, citation positioning, and prior work",true
unit_003528,nature_remote_sensing_review_0052,Nature,2026,moderate_concern,moderate,manuscript claim or supporting evidence,"Figures, extended data, and evidentiary display",true
unit_003529,nature_remote_sensing_review_0052,Nature,2026,moderate_concern,moderate,manuscript claim or supporting evidence,"Concern resolution, code, publication readiness, and reproducibility",true
unit_003530,nature_remote_sensing_review_0053,Nature Communications,2026,moderate_concern,moderate,manuscript claim or supporting evidence,"Methods, results, discussion structure, and explanatory clarity",true
unit_003531,nature_remote_sensing_review_0053,Nature Communications,2026,moderate_concern,moderate,manuscript claim or supporting evidence,"Methods, results, discussion structure, and explanatory clarity",true
unit_003532,nature_remote_sensing_review_0053,Nature Communications,2026,moderate_concern,moderate,manuscript claim or supporting evidence,"Long-term time series, climate variability, and trend interpretation",true
unit_003533,nature_remote_sensing_review_0053,Nature Communications,2026,contribution_assessment,moderate,manuscript claim or supporting evidence,"Amazon, forest cover, land-use pressure, and forest resilience",true
unit_003534,nature_remote_sensing_review_0053,Nature Communications,2026,figure_or_table_comment,moderate,"figure evidence, methodological support","Figures, extended data, and evidentiary display",true
unit_003535,nature_remote_sensing_review_0053,Nature Communications,2026,moderate_concern,moderate,manuscript claim or supporting evidence,"Methods, results, discussion structure, and explanatory clarity",true
unit_003536,nature_remote_sensing_review_0053,Nature Communications,2026,figure_or_table_comment,moderate,figure evidence,"Figures, extended data, and evidentiary display",true
unit_003537,nature_remote_sensing_review_0053,Nature Communications,2026,figure_or_table_comment,moderate,figure evidence,"Figures, extended data, and evidentiary display",true
unit_003538,nature_remote_sensing_review_0053,Nature Communications,2026,moderate_concern,moderate,manuscript claim or supporting evidence,"Methods, results, discussion structure, and explanatory clarity",true
unit_003539,nature_remote_sensing_review_0053,Nature Communications,2026,contribution_assessment,major,"novelty claim, methodological support","Methods, results, discussion structure, and explanatory clarity",true
unit_003540,nature_remote_sensing_review_0053,Nature Communications,2026,moderate_concern,moderate,manuscript claim or supporting evidence,"Methods, results, discussion structure, and explanatory clarity",true
unit_003541,nature_remote_sensing_review_0053,Nature Communications,2026,contribution_assessment,moderate,manuscript claim or supporting evidence,"Amazon, forest cover, land-use pressure, and forest resilience",true
unit_003542,nature_remote_sensing_review_0053,Nature Communications,2026,contribution_assessment,moderate,causal or attribution claim,"River, water storage, sediment, tidal, and hydraulic interpretation",true
unit_003543,nature_remote_sensing_review_0053,Nature Communications,2026,contribution_assessment,moderate,"novelty claim, methodological support","Remote-sensing context, citation positioning, and prior work",true
unit_003544,nature_remote_sensing_review_0053,Nature Communications,2026,moderate_concern,moderate,manuscript claim or supporting evidence,"Remote-sensing context, citation positioning, and prior work",true
unit_003545,nature_remote_sensing_review_0053,Nature Communications,2026,contribution_assessment,moderate,manuscript claim or supporting evidence,"Amazon, forest cover, land-use pressure, and forest resilience",true
unit_003546,nature_remote_sensing_review_0053,Nature Communications,2026,contribution_assessment,moderate,"novelty claim, model performance","Remote-sensing context, citation positioning, and prior work",true
unit_003547,nature_remote_sensing_review_0053,Nature Communications,2026,major_concern,major,"model performance, methodological support","Spatial data, resolution, and product coverage",true
unit_003548,nature_remote_sensing_review_0053,Nature Communications,2026,figure_or_table_comment,moderate,"trend interpretation, figure evidence","Long-term time series, climate variability, and trend interpretation",true
unit_003549,nature_remote_sensing_review_0053,Nature Communications,2026,minor_comment,minor,manuscript claim or supporting evidence,"Methods, results, discussion structure, and explanatory clarity",true
unit_003550,nature_remote_sensing_review_0053,Nature Communications,2026,moderate_concern,moderate,manuscript claim or supporting evidence,"Methods, results, discussion structure, and explanatory clarity",true
unit_003551,nature_remote_sensing_review_0053,Nature Communications,2026,moderate_concern,moderate,manuscript claim or supporting evidence,"Methods, results, discussion structure, and explanatory clarity",true
unit_003552,nature_remote_sensing_review_0053,Nature Communications,2026,figure_or_table_comment,moderate,figure evidence,"Figures, extended data, and evidentiary display",true
unit_003553,nature_remote_sensing_review_0053,Nature Communications,2026,figure_or_table_comment,minor,figure evidence,"Figures, extended data, and evidentiary display",true
unit_003554,nature_remote_sensing_review_0053,Nature Communications,2026,figure_or_table_comment,moderate,figure evidence,"Figures, extended data, and evidentiary display",true
unit_003555,nature_remote_sensing_review_0053,Nature Communications,2026,figure_or_table_comment,moderate,figure evidence,"Figures, extended data, and evidentiary display",true
unit_003556,nature_remote_sensing_review_0053,Nature Communications,2026,figure_or_table_comment,moderate,figure evidence,"Figures, extended data, and evidentiary display",true
unit_003557,nature_remote_sensing_review_0053,Nature Communications,2026,figure_or_table_comment,moderate,figure evidence,"Figures, extended data, and evidentiary display",true
unit_003558,nature_remote_sensing_review_0053,Nature Communications,2026,revision_assessment,moderate,manuscript claim or supporting evidence,"Concern resolution, code, publication readiness, and reproducibility",true
unit_003559,nature_remote_sensing_review_0053,Nature Communications,2026,revision_assessment,major,manuscript claim or supporting evidence,"Concern resolution, code, publication readiness, and reproducibility",true
unit_003560,nature_remote_sensing_review_0053,Nature Communications,2026,moderate_concern,moderate,"causal or attribution claim, methodological support","Methods, results, discussion structure, and explanatory clarity",true
unit_003561,nature_remote_sensing_review_0053,Nature Communications,2026,moderate_concern,moderate,methodological support,"Methods, results, discussion structure, and explanatory clarity",true
unit_003562,nature_remote_sensing_review_0053,Nature Communications,2026,contribution_assessment,moderate,manuscript claim or supporting evidence,"Spatial data, resolution, and product coverage",true
unit_003563,nature_remote_sensing_review_0053,Nature Communications,2026,major_concern,major,manuscript claim or supporting evidence,"Methods, results, discussion structure, and explanatory clarity",true
unit_003564,nature_remote_sensing_review_0053,Nature Communications,2026,moderate_concern,moderate,manuscript claim or supporting evidence,"Methods, results, discussion structure, and explanatory clarity",true
unit_003565,nature_remote_sensing_review_0053,Nature Communications,2026,moderate_concern,moderate,manuscript claim or supporting evidence,"Concern resolution, code, publication readiness, and reproducibility",true
unit_003566,nature_remote_sensing_review_0054,Nature Communications,2026,minor_comment,minor,manuscript claim or supporting evidence,"Methods, results, discussion structure, and explanatory clarity",true
unit_003567,nature_remote_sensing_review_0054,Nature Communications,2026,line_comment,minor,manuscript claim or supporting evidence,"Methods, results, discussion structure, and explanatory clarity",true
unit_003568,nature_remote_sensing_review_0054,Nature Communications,2026,line_comment,moderate,uncertainty claim,"Methods, results, discussion structure, and explanatory clarity",true
unit_003569,nature_remote_sensing_review_0054,Nature Communications,2026,line_comment,moderate,manuscript claim or supporting evidence,"Methods, results, discussion structure, and explanatory clarity",true
unit_003570,nature_remote_sensing_review_0054,Nature Communications,2026,line_comment,minor,manuscript claim or supporting evidence,"Methods, results, discussion structure, and explanatory clarity",true
unit_003571,nature_remote_sensing_review_0054,Nature Communications,2026,line_comment,minor,manuscript claim or supporting evidence,"Remote-sensing context, citation positioning, and prior work",true
unit_003572,nature_remote_sensing_review_0054,Nature Communications,2026,moderate_concern,moderate,manuscript claim or supporting evidence,"Methods, results, discussion structure, and explanatory clarity",true
unit_003573,nature_remote_sensing_review_0054,Nature Communications,2026,line_comment,major,manuscript claim or supporting evidence,"Methods, results, discussion structure, and explanatory clarity",true
unit_003574,nature_remote_sensing_review_0054,Nature Communications,2026,contribution_assessment,minor,manuscript claim or supporting evidence,"Methods, results, discussion structure, and explanatory clarity",true
unit_003575,nature_remote_sensing_review_0054,Nature Communications,2026,line_comment,moderate,product validity,"Methods, results, discussion structure, and explanatory clarity",true
unit_003576,nature_remote_sensing_review_0054,Nature Communications,2026,line_comment,minor,manuscript claim or supporting evidence,"Spatial data, resolution, and product coverage",true
unit_003577,nature_remote_sensing_review_0054,Nature Communications,2026,line_comment,minor,manuscript claim or supporting evidence,"Spatial data, resolution, and product coverage",true
unit_003578,nature_remote_sensing_review_0054,Nature Communications,2026,line_comment,moderate,manuscript claim or supporting evidence,"Emission, source attribution, and plume-like inference",true
unit_003579,nature_remote_sensing_review_0054,Nature Communications,2026,line_comment,minor,uncertainty claim,"Methods, results, discussion structure, and explanatory clarity",true
unit_003580,nature_remote_sensing_review_0054,Nature Communications,2026,line_comment,moderate,uncertainty claim,"Emission, source attribution, and plume-like inference",true
unit_003581,nature_remote_sensing_review_0054,Nature Communications,2026,line_comment,minor,manuscript claim or supporting evidence,"Methods, results, discussion structure, and explanatory clarity",true
unit_003582,nature_remote_sensing_review_0054,Nature Communications,2026,line_comment,major,figure evidence,"Figures, extended data, and evidentiary display",true
unit_003583,nature_remote_sensing_review_0054,Nature Communications,2026,line_comment,minor,manuscript claim or supporting evidence,"Spatial data, resolution, and product coverage",true
unit_003584,nature_remote_sensing_review_0054,Nature Communications,2026,line_comment,moderate,uncertainty claim,"Methods, results, discussion structure, and explanatory clarity",true
unit_003585,nature_remote_sensing_review_0054,Nature Communications,2026,line_comment,minor,uncertainty claim,"Concern resolution, code, publication readiness, and reproducibility",true
unit_003586,nature_remote_sensing_review_0054,Nature Communications,2026,moderate_concern,moderate,manuscript claim or supporting evidence,"Emission, source attribution, and plume-like inference",true
unit_003587,nature_remote_sensing_review_0054,Nature Communications,2026,revision_assessment,moderate,manuscript claim or supporting evidence,"Concern resolution, code, publication readiness, and reproducibility",true
unit_003588,nature_remote_sensing_review_0054,Nature Communications,2026,moderate_concern,moderate,manuscript claim or supporting evidence,"Emission, source attribution, and plume-like inference",true
unit_003589,nature_remote_sensing_review_0054,Nature Communications,2026,contribution_assessment,moderate,manuscript claim or supporting evidence,"Methods, results, discussion structure, and explanatory clarity",true
unit_003590,nature_remote_sensing_review_0054,Nature Communications,2026,line_comment,moderate,uncertainty claim,"Methods, results, discussion structure, and explanatory clarity",true
unit_003591,nature_remote_sensing_review_0054,Nature Communications,2026,contribution_assessment,moderate,manuscript claim or supporting evidence,"Methods, results, discussion structure, and explanatory clarity",true
unit_003592,nature_remote_sensing_review_0054,Nature Communications,2026,figure_or_table_comment,moderate,figure evidence,"Figures, extended data, and evidentiary display",true
unit_003593,nature_remote_sensing_review_0054,Nature Communications,2026,line_comment,minor,methodological support,"Methods, results, discussion structure, and explanatory clarity",true
unit_003594,nature_remote_sensing_review_0054,Nature Communications,2026,line_comment,moderate,manuscript claim or supporting evidence,"Emission, source attribution, and plume-like inference",true
unit_003595,nature_remote_sensing_review_0054,Nature Communications,2026,contribution_assessment,minor,manuscript claim or supporting evidence,"Concern resolution, code, publication readiness, and reproducibility",true
unit_003596,nature_remote_sensing_review_0054,Nature Communications,2026,moderate_concern,moderate,manuscript claim or supporting evidence,"Concern resolution, code, publication readiness, and reproducibility",true
unit_003597,nature_remote_sensing_review_0055,Nature Communications,2026,moderate_concern,moderate,manuscript claim or supporting evidence,"Methods, results, discussion structure, and explanatory clarity",true
unit_003598,nature_remote_sensing_review_0055,Nature Communications,2026,moderate_concern,moderate,"table evidence, methodological support","Figures, extended data, and evidentiary display",true
unit_003599,nature_remote_sensing_review_0055,Nature Communications,2026,minor_comment,minor,manuscript claim or supporting evidence,"Methods, results, discussion structure, and explanatory clarity",true
unit_003600,nature_remote_sensing_review_0055,Nature Communications,2026,moderate_concern,moderate,manuscript claim or supporting evidence,"Methods, results, discussion structure, and explanatory clarity",true
unit_003601,nature_remote_sensing_review_0055,Nature Communications,2026,moderate_concern,moderate,manuscript claim or supporting evidence,"Methods, results, discussion structure, and explanatory clarity",true
unit_003602,nature_remote_sensing_review_0055,Nature Communications,2026,moderate_concern,moderate,manuscript claim or supporting evidence,"Methods, results, discussion structure, and explanatory clarity",true
unit_003603,nature_remote_sensing_review_0055,Nature Communications,2026,moderate_concern,moderate,manuscript claim or supporting evidence,"Methods, results, discussion structure, and explanatory clarity",true
unit_003604,nature_remote_sensing_review_0055,Nature Communications,2026,minor_comment,minor,manuscript claim or supporting evidence,"Methods, results, discussion structure, and explanatory clarity",true
unit_003605,nature_remote_sensing_review_0055,Nature Communications,2026,minor_comment,minor,manuscript claim or supporting evidence,"Methods, results, discussion structure, and explanatory clarity",true
unit_003606,nature_remote_sensing_review_0055,Nature Communications,2026,moderate_concern,moderate,manuscript claim or supporting evidence,"Methods, results, discussion structure, and explanatory clarity",true
unit_003607,nature_remote_sensing_review_0055,Nature Communications,2026,moderate_concern,moderate,manuscript claim or supporting evidence,"Methods, results, discussion structure, and explanatory clarity",true
unit_003608,nature_remote_sensing_review_0055,Nature Communications,2026,moderate_concern,moderate,manuscript claim or supporting evidence,"Methods, results, discussion structure, and explanatory clarity",true
unit_003609,nature_remote_sensing_review_0055,Nature Communications,2026,minor_comment,minor,manuscript claim or supporting evidence,"Remote-sensing context, citation positioning, and prior work",true
unit_003610,nature_remote_sensing_review_0055,Nature Communications,2026,figure_or_table_comment,minor,table evidence,"Figures, extended data, and evidentiary display",true
unit_003611,nature_remote_sensing_review_0055,Nature Communications,2026,moderate_concern,moderate,manuscript claim or supporting evidence,"Figures, extended data, and evidentiary display",true
unit_003612,nature_remote_sensing_review_0055,Nature Communications,2026,moderate_concern,moderate,manuscript claim or supporting evidence,"Methods, results, discussion structure, and explanatory clarity",true
unit_003613,nature_remote_sensing_review_0055,Nature Communications,2026,minor_comment,minor,manuscript claim or supporting evidence,"Figures, extended data, and evidentiary display",true
unit_003614,nature_remote_sensing_review_0055,Nature Communications,2026,moderate_concern,moderate,manuscript claim or supporting evidence,"Figures, extended data, and evidentiary display",true
unit_003615,nature_remote_sensing_review_0055,Nature Communications,2026,moderate_concern,moderate,manuscript claim or supporting evidence,"Methods, results, discussion structure, and explanatory clarity",true
unit_003616,nature_remote_sensing_review_0055,Nature Communications,2026,moderate_concern,moderate,manuscript claim or supporting evidence,"Figures, extended data, and evidentiary display",true
unit_003617,nature_remote_sensing_review_0055,Nature Communications,2026,minor_comment,minor,methodological support,"Remote-sensing context, citation positioning, and prior work",true
unit_003618,nature_remote_sensing_review_0055,Nature Communications,2026,moderate_concern,moderate,product validity,"Machine learning, model performance, and generalization",true
unit_003619,nature_remote_sensing_review_0055,Nature Communications,2026,moderate_concern,moderate,manuscript claim or supporting evidence,"Methods, results, discussion structure, and explanatory clarity",true
unit_003620,nature_remote_sensing_review_0055,Nature Communications,2026,moderate_concern,moderate,manuscript claim or supporting evidence,"Figures, extended data, and evidentiary display",true
unit_003621,nature_remote_sensing_review_0055,Nature Communications,2026,moderate_concern,moderate,product validity,"Methods, results, discussion structure, and explanatory clarity",true
unit_003622,nature_remote_sensing_review_0055,Nature Communications,2026,moderate_concern,moderate,manuscript claim or supporting evidence,"Methods, results, discussion structure, and explanatory clarity",true
unit_003623,nature_remote_sensing_review_0055,Nature Communications,2026,figure_or_table_comment,moderate,figure evidence,"Figures, extended data, and evidentiary display",true
unit_003624,nature_remote_sensing_review_0055,Nature Communications,2026,moderate_concern,moderate,manuscript claim or supporting evidence,"Figures, extended data, and evidentiary display",true
unit_003625,nature_remote_sensing_review_0055,Nature Communications,2026,moderate_concern,moderate,model performance,"Methods, results, discussion structure, and explanatory clarity",true
unit_003626,nature_remote_sensing_review_0055,Nature Communications,2026,moderate_concern,moderate,manuscript claim or supporting evidence,"Methods, results, discussion structure, and explanatory clarity",true
unit_003627,nature_remote_sensing_review_0055,Nature Communications,2026,moderate_concern,moderate,manuscript claim or supporting evidence,"Machine learning, model performance, and generalization",true
unit_003628,nature_remote_sensing_review_0055,Nature Communications,2026,moderate_concern,moderate,manuscript claim or supporting evidence,"Concern resolution, code, publication readiness, and reproducibility",true
unit_003629,nature_remote_sensing_review_0055,Nature Communications,2026,moderate_concern,moderate,global generalization,"Methods, results, discussion structure, and explanatory clarity",true
unit_003630,nature_remote_sensing_review_0055,Nature Communications,2026,contribution_assessment,moderate,model performance,"Spatial data, resolution, and product coverage",true
unit_003631,nature_remote_sensing_review_0055,Nature Communications,2026,moderate_concern,moderate,model performance,"Methods, results, discussion structure, and explanatory clarity",true
unit_003632,nature_remote_sensing_review_0055,Nature Communications,2026,minor_comment,minor,"model performance, methodological support","Machine learning, model performance, and generalization",true
unit_003633,nature_remote_sensing_review_0055,Nature Communications,2026,contribution_assessment,major,"novelty claim, product validity, model performance","Spatial data, resolution, and product coverage",true
unit_003634,nature_remote_sensing_review_0055,Nature Communications,2026,moderate_concern,moderate,manuscript claim or supporting evidence,"Concern resolution, code, publication readiness, and reproducibility",true
unit_003635,nature_remote_sensing_review_0055,Nature Communications,2026,moderate_concern,moderate,manuscript claim or supporting evidence,"Concern resolution, code, publication readiness, and reproducibility",true
unit_003636,nature_remote_sensing_review_0055,Nature Communications,2026,major_concern,major,manuscript claim or supporting evidence,"Methods, results, discussion structure, and explanatory clarity",true
unit_003637,nature_remote_sensing_review_0055,Nature Communications,2026,moderate_concern,moderate,"global generalization, model performance","Methods, results, discussion structure, and explanatory clarity",true
unit_003638,nature_remote_sensing_review_0055,Nature Communications,2026,moderate_concern,moderate,manuscript claim or supporting evidence,"Methods, results, discussion structure, and explanatory clarity",true
unit_003639,nature_remote_sensing_review_0055,Nature Communications,2026,moderate_concern,moderate,model performance,"Methods, results, discussion structure, and explanatory clarity",true
unit_003640,nature_remote_sensing_review_0055,Nature Communications,2026,moderate_concern,moderate,manuscript claim or supporting evidence,"Spatial data, resolution, and product coverage",true
unit_003641,nature_remote_sensing_review_0055,Nature Communications,2026,moderate_concern,moderate,"model performance, methodological support","Machine learning, model performance, and generalization",true
unit_003642,nature_remote_sensing_review_0056,Nature Communications,2026,minor_comment,minor,manuscript claim or supporting evidence,"Methods, results, discussion structure, and explanatory clarity",true
unit_003643,nature_remote_sensing_review_0056,Nature Communications,2026,contribution_assessment,moderate,manuscript claim or supporting evidence,"Spatial data, resolution, and product coverage",true
unit_003644,nature_remote_sensing_review_0056,Nature Communications,2026,moderate_concern,moderate,manuscript claim or supporting evidence,"Remote-sensing context, citation positioning, and prior work",true
unit_003645,nature_remote_sensing_review_0056,Nature Communications,2026,line_comment,minor,manuscript claim or supporting evidence,"Glacier, ocean mass, mass balance, and cryosphere change",true
unit_003646,nature_remote_sensing_review_0056,Nature Communications,2026,contribution_assessment,moderate,"model performance, table evidence, methodological support","Figures, extended data, and evidentiary display",true
unit_003647,nature_remote_sensing_review_0056,Nature Communications,2026,major_concern,major,"model performance, methodological support","Methods, results, discussion structure, and explanatory clarity",true
unit_003648,nature_remote_sensing_review_0056,Nature Communications,2026,moderate_concern,moderate,"trend interpretation, table evidence","Long-term time series, climate variability, and trend interpretation",true
unit_003649,nature_remote_sensing_review_0056,Nature Communications,2026,contribution_assessment,minor,"novelty claim, methodological support","Remote-sensing context, citation positioning, and prior work",true
unit_003650,nature_remote_sensing_review_0056,Nature Communications,2026,contribution_assessment,moderate,methodological support,"Methods, results, discussion structure, and explanatory clarity",true
unit_003651,nature_remote_sensing_review_0056,Nature Communications,2026,moderate_concern,moderate,table evidence,"Figures, extended data, and evidentiary display",true
unit_003652,nature_remote_sensing_review_0056,Nature Communications,2026,moderate_concern,moderate,manuscript claim or supporting evidence,"Methods, results, discussion structure, and explanatory clarity",true
unit_003653,nature_remote_sensing_review_0056,Nature Communications,2026,revision_assessment,minor,manuscript claim or supporting evidence,"Concern resolution, code, publication readiness, and reproducibility",true
unit_003654,nature_remote_sensing_review_0056,Nature Communications,2026,minor_comment,minor,methodological support,"Methods, results, discussion structure, and explanatory clarity",true
unit_003655,nature_remote_sensing_review_0056,Nature Communications,2026,figure_or_table_comment,minor,"figure evidence, table evidence","Figures, extended data, and evidentiary display",true
unit_003656,nature_remote_sensing_review_0056,Nature Communications,2026,figure_or_table_comment,moderate,figure evidence,"Figures, extended data, and evidentiary display",true
unit_003657,nature_remote_sensing_review_0056,Nature Communications,2026,moderate_concern,moderate,manuscript claim or supporting evidence,"Methods, results, discussion structure, and explanatory clarity",true
unit_003658,nature_remote_sensing_review_0056,Nature Communications,2026,line_comment,moderate,methodological support,"Methods, results, discussion structure, and explanatory clarity",true
unit_003659,nature_remote_sensing_review_0056,Nature Communications,2026,line_comment,moderate,manuscript claim or supporting evidence,"Methods, results, discussion structure, and explanatory clarity",true
unit_003660,nature_remote_sensing_review_0056,Nature Communications,2026,line_comment,moderate,manuscript claim or supporting evidence,"Methods, results, discussion structure, and explanatory clarity",true
unit_003661,nature_remote_sensing_review_0056,Nature Communications,2026,line_comment,moderate,methodological support,"Methods, results, discussion structure, and explanatory clarity",true
unit_003662,nature_remote_sensing_review_0056,Nature Communications,2026,line_comment,moderate,methodological support,"Methods, results, discussion structure, and explanatory clarity",true
unit_003663,nature_remote_sensing_review_0056,Nature Communications,2026,line_comment,moderate,manuscript claim or supporting evidence,"Methods, results, discussion structure, and explanatory clarity",true
unit_003664,nature_remote_sensing_review_0056,Nature Communications,2026,line_comment,moderate,manuscript claim or supporting evidence,"Methods, results, discussion structure, and explanatory clarity",true
unit_003665,nature_remote_sensing_review_0056,Nature Communications,2026,line_comment,minor,manuscript claim or supporting evidence,"Methods, results, discussion structure, and explanatory clarity",true
unit_003666,nature_remote_sensing_review_0056,Nature Communications,2026,moderate_concern,moderate,manuscript claim or supporting evidence,"Figures, extended data, and evidentiary display",true
unit_003667,nature_remote_sensing_review_0056,Nature Communications,2026,figure_or_table_comment,moderate,figure evidence,"Figures, extended data, and evidentiary display",true
unit_003668,nature_remote_sensing_review_0056,Nature Communications,2026,moderate_concern,moderate,"trend interpretation, figure evidence","Long-term time series, climate variability, and trend interpretation",true
unit_003669,nature_remote_sensing_review_0056,Nature Communications,2026,moderate_concern,moderate,manuscript claim or supporting evidence,"Figures, extended data, and evidentiary display",true
unit_003670,nature_remote_sensing_review_0056,Nature Communications,2026,figure_or_table_comment,moderate,figure evidence,"Long-term time series, climate variability, and trend interpretation",true
unit_003671,nature_remote_sensing_review_0056,Nature Communications,2026,figure_or_table_comment,moderate,"figure evidence, table evidence","Figures, extended data, and evidentiary display",true
unit_003672,nature_remote_sensing_review_0056,Nature Communications,2026,minor_comment,minor,manuscript claim or supporting evidence,"Methods, results, discussion structure, and explanatory clarity",true
unit_003673,nature_remote_sensing_review_0056,Nature Communications,2026,line_comment,moderate,manuscript claim or supporting evidence,"Methods, results, discussion structure, and explanatory clarity",true
unit_003674,nature_remote_sensing_review_0056,Nature Communications,2026,line_comment,moderate,manuscript claim or supporting evidence,"Methods, results, discussion structure, and explanatory clarity",true
unit_003675,nature_remote_sensing_review_0056,Nature Communications,2026,line_comment,moderate,causal or attribution claim,"Methods, results, discussion structure, and explanatory clarity",true
unit_003676,nature_remote_sensing_review_0056,Nature Communications,2026,line_comment,minor,"trend interpretation, figure evidence","Long-term time series, climate variability, and trend interpretation",true
unit_003677,nature_remote_sensing_review_0056,Nature Communications,2026,moderate_concern,moderate,manuscript claim or supporting evidence,"Methods, results, discussion structure, and explanatory clarity",true
unit_003678,nature_remote_sensing_review_0057,Nature Communications,2026,contribution_assessment,minor,methodological support,"Spatial data, resolution, and product coverage",true
unit_003679,nature_remote_sensing_review_0057,Nature Communications,2026,contribution_assessment,moderate,novelty claim,"Long-term time series, climate variability, and trend interpretation",true
unit_003680,nature_remote_sensing_review_0057,Nature Communications,2026,contribution_assessment,moderate,"product validity, table evidence, methodological support","Figures, extended data, and evidentiary display",true
unit_003681,nature_remote_sensing_review_0057,Nature Communications,2026,contribution_assessment,minor,"model performance, algorithm validity","Machine learning, model performance, and generalization",true
unit_003682,nature_remote_sensing_review_0057,Nature Communications,2026,revision_assessment,moderate,model performance,"Figures, extended data, and evidentiary display",true
unit_003683,nature_remote_sensing_review_0057,Nature Communications,2026,contribution_assessment,minor,"model performance, methodological support","Methods, results, discussion structure, and explanatory clarity",true
unit_003684,nature_remote_sensing_review_0057,Nature Communications,2026,minor_comment,minor,product validity,"Spatial data, resolution, and product coverage",true
unit_003685,nature_remote_sensing_review_0057,Nature Communications,2026,figure_or_table_comment,moderate,"product validity, table evidence","Figures, extended data, and evidentiary display",true
unit_003686,nature_remote_sensing_review_0057,Nature Communications,2026,contribution_assessment,major,"global generalization, product validity, figure evidence","Spatial data, resolution, and product coverage",true
unit_003687,nature_remote_sensing_review_0057,Nature Communications,2026,moderate_concern,moderate,manuscript claim or supporting evidence,"Spatial data, resolution, and product coverage",true
unit_003688,nature_remote_sensing_review_0057,Nature Communications,2026,figure_or_table_comment,moderate,table evidence,"Figures, extended data, and evidentiary display",true
unit_003689,nature_remote_sensing_review_0057,Nature Communications,2026,moderate_concern,moderate,manuscript claim or supporting evidence,"Spatial data, resolution, and product coverage",true
unit_003690,nature_remote_sensing_review_0057,Nature Communications,2026,moderate_concern,moderate,manuscript claim or supporting evidence,"Spatial data, resolution, and product coverage",true
unit_003691,nature_remote_sensing_review_0057,Nature Communications,2026,moderate_concern,moderate,manuscript claim or supporting evidence,"Machine learning, model performance, and generalization",true
unit_003692,nature_remote_sensing_review_0057,Nature Communications,2026,figure_or_table_comment,moderate,figure evidence,"Spatial data, resolution, and product coverage",true
unit_003693,nature_remote_sensing_review_0057,Nature Communications,2026,moderate_concern,moderate,methodological support,"Methods, results, discussion structure, and explanatory clarity",true
unit_003694,nature_remote_sensing_review_0057,Nature Communications,2026,moderate_concern,moderate,manuscript claim or supporting evidence,"Spatial data, resolution, and product coverage",true
unit_003695,nature_remote_sensing_review_0057,Nature Communications,2026,moderate_concern,moderate,methodological support,"Figures, extended data, and evidentiary display",true
unit_003696,nature_remote_sensing_review_0057,Nature Communications,2026,moderate_concern,moderate,manuscript claim or supporting evidence,"Spatial data, resolution, and product coverage",true
unit_003697,nature_remote_sensing_review_0057,Nature Communications,2026,minor_comment,minor,manuscript claim or supporting evidence,"Figures, extended data, and evidentiary display",true
unit_003698,nature_remote_sensing_review_0057,Nature Communications,2026,revision_assessment,minor,table evidence,"Spatial data, resolution, and product coverage",true
unit_003699,nature_remote_sensing_review_0057,Nature Communications,2026,line_comment,minor,manuscript claim or supporting evidence,"Methods, results, discussion structure, and explanatory clarity",true
unit_003700,nature_remote_sensing_review_0057,Nature Communications,2026,line_comment,moderate,manuscript claim or supporting evidence,"Methods, results, discussion structure, and explanatory clarity",true
unit_003701,nature_remote_sensing_review_0057,Nature Communications,2026,figure_or_table_comment,moderate,figure evidence,"Figures, extended data, and evidentiary display",true
unit_003702,nature_remote_sensing_review_0057,Nature Communications,2026,line_comment,moderate,manuscript claim or supporting evidence,"Methods, results, discussion structure, and explanatory clarity",true
unit_003703,nature_remote_sensing_review_0057,Nature Communications,2026,line_comment,moderate,manuscript claim or supporting evidence,"Methods, results, discussion structure, and explanatory clarity",true
unit_003704,nature_remote_sensing_review_0057,Nature Communications,2026,line_comment,moderate,manuscript claim or supporting evidence,"Methods, results, discussion structure, and explanatory clarity",true
unit_003705,nature_remote_sensing_review_0057,Nature Communications,2026,line_comment,moderate,manuscript claim or supporting evidence,"Methods, results, discussion structure, and explanatory clarity",true
unit_003706,nature_remote_sensing_review_0057,Nature Communications,2026,line_comment,moderate,manuscript claim or supporting evidence,"Methods, results, discussion structure, and explanatory clarity",true
unit_003707,nature_remote_sensing_review_0057,Nature Communications,2026,line_comment,moderate,manuscript claim or supporting evidence,"Methods, results, discussion structure, and explanatory clarity",true
unit_003708,nature_remote_sensing_review_0057,Nature Communications,2026,line_comment,minor,manuscript claim or supporting evidence,"Methods, results, discussion structure, and explanatory clarity",true
unit_003709,nature_remote_sensing_review_0057,Nature Communications,2026,line_comment,moderate,manuscript claim or supporting evidence,"Methods, results, discussion structure, and explanatory clarity",true
unit_003710,nature_remote_sensing_review_0057,Nature Communications,2026,line_comment,moderate,manuscript claim or supporting evidence,"Methods, results, discussion structure, and explanatory clarity",true
unit_003711,nature_remote_sensing_review_0057,Nature Communications,2026,line_comment,minor,manuscript claim or supporting evidence,"Figures, extended data, and evidentiary display",true
unit_003712,nature_remote_sensing_review_0057,Nature Communications,2026,line_comment,moderate,manuscript claim or supporting evidence,"Concern resolution, code, publication readiness, and reproducibility",true
unit_003713,nature_remote_sensing_review_0057,Nature Communications,2026,line_comment,moderate,manuscript claim or supporting evidence,"Methods, results, discussion structure, and explanatory clarity",true
unit_003714,nature_remote_sensing_review_0057,Nature Communications,2026,line_comment,moderate,manuscript claim or supporting evidence,"Concern resolution, code, publication readiness, and reproducibility",true
unit_003715,nature_remote_sensing_review_0057,Nature Communications,2026,revision_assessment,moderate,product validity,"Concern resolution, code, publication readiness, and reproducibility",true
unit_003716,nature_remote_sensing_review_0057,Nature Communications,2026,figure_or_table_comment,moderate,"table evidence, methodological support","Spatial data, resolution, and product coverage",true
unit_003717,nature_remote_sensing_review_0057,Nature Communications,2026,moderate_concern,moderate,manuscript claim or supporting evidence,"Concern resolution, code, publication readiness, and reproducibility",true
unit_003718,nature_remote_sensing_review_0057,Nature Communications,2026,moderate_concern,moderate,manuscript claim or supporting evidence,"Methods, results, discussion structure, and explanatory clarity",true
unit_003719,nature_remote_sensing_review_0057,Nature Communications,2026,revision_assessment,moderate,methodological support,"Spatial data, resolution, and product coverage",true
unit_003720,nature_remote_sensing_review_0057,Nature Communications,2026,moderate_concern,moderate,manuscript claim or supporting evidence,"Concern resolution, code, publication readiness, and reproducibility",true
unit_003721,nature_remote_sensing_review_0058,Nature Communications,2026,contribution_assessment,moderate,"product validity, methodological support","Methods, results, discussion structure, and explanatory clarity",true
unit_003722,nature_remote_sensing_review_0058,Nature Communications,2026,figure_or_table_comment,moderate,figure evidence,"Spatial data, resolution, and product coverage",true
unit_003723,nature_remote_sensing_review_0058,Nature Communications,2026,moderate_concern,moderate,manuscript claim or supporting evidence,C3/C4 vegetation coverage and biome classification,true
unit_003724,nature_remote_sensing_review_0058,Nature Communications,2026,minor_comment,minor,table evidence,"Figures, extended data, and evidentiary display",true
unit_003725,nature_remote_sensing_review_0058,Nature Communications,2026,moderate_concern,moderate,manuscript claim or supporting evidence,"Methods, results, discussion structure, and explanatory clarity",true
unit_003726,nature_remote_sensing_review_0058,Nature Communications,2026,moderate_concern,moderate,manuscript claim or supporting evidence,C3/C4 vegetation coverage and biome classification,true
unit_003727,nature_remote_sensing_review_0058,Nature Communications,2026,moderate_concern,moderate,methodological support,"Methods, results, discussion structure, and explanatory clarity",true
unit_003728,nature_remote_sensing_review_0058,Nature Communications,2026,moderate_concern,moderate,manuscript claim or supporting evidence,"Methods, results, discussion structure, and explanatory clarity",true
unit_003729,nature_remote_sensing_review_0058,Nature Communications,2026,figure_or_table_comment,moderate,"model performance, figure evidence","Spatial data, resolution, and product coverage",true
unit_003730,nature_remote_sensing_review_0058,Nature Communications,2026,figure_or_table_comment,moderate,figure evidence,"Spatial data, resolution, and product coverage",true
unit_003731,nature_remote_sensing_review_0058,Nature Communications,2026,contribution_assessment,moderate,"global generalization, methodological support","Spatial data, resolution, and product coverage",true
unit_003732,nature_remote_sensing_review_0058,Nature Communications,2026,minor_comment,minor,causal or attribution claim,"Long-term time series, climate variability, and trend interpretation",true
unit_003733,nature_remote_sensing_review_0058,Nature Communications,2026,minor_comment,minor,manuscript claim or supporting evidence,C3/C4 vegetation coverage and biome classification,true
unit_003734,nature_remote_sensing_review_0058,Nature Communications,2026,moderate_concern,moderate,manuscript claim or supporting evidence,"Methods, results, discussion structure, and explanatory clarity",true
unit_003735,nature_remote_sensing_review_0058,Nature Communications,2026,moderate_concern,moderate,manuscript claim or supporting evidence,"Methods, results, discussion structure, and explanatory clarity",true
unit_003736,nature_remote_sensing_review_0058,Nature Communications,2026,moderate_concern,moderate,table evidence,"Figures, extended data, and evidentiary display",true
unit_003737,nature_remote_sensing_review_0058,Nature Communications,2026,moderate_concern,moderate,manuscript claim or supporting evidence,"Spatial data, resolution, and product coverage",true
unit_003738,nature_remote_sensing_review_0058,Nature Communications,2026,minor_comment,minor,manuscript claim or supporting evidence,"Methods, results, discussion structure, and explanatory clarity",true
unit_003739,nature_remote_sensing_review_0058,Nature Communications,2026,contribution_assessment,minor,methodological support,"Remote-sensing context, citation positioning, and prior work",true
unit_003740,nature_remote_sensing_review_0058,Nature Communications,2026,minor_comment,minor,methodological support,"Methods, results, discussion structure, and explanatory clarity",true
unit_003741,nature_remote_sensing_review_0058,Nature Communications,2026,moderate_concern,moderate,manuscript claim or supporting evidence,"Methods, results, discussion structure, and explanatory clarity",true
unit_003742,nature_remote_sensing_review_0058,Nature Communications,2026,figure_or_table_comment,moderate,manuscript claim or supporting evidence,"Figures, extended data, and evidentiary display",true
unit_003743,nature_remote_sensing_review_0058,Nature Communications,2026,moderate_concern,moderate,manuscript claim or supporting evidence,"Methods, results, discussion structure, and explanatory clarity",true
unit_003744,nature_remote_sensing_review_0058,Nature Communications,2026,moderate_concern,moderate,manuscript claim or supporting evidence,"Figures, extended data, and evidentiary display",true
unit_003745,nature_remote_sensing_review_0058,Nature Communications,2026,minor_comment,minor,manuscript claim or supporting evidence,"Urban, inter-city, and SDG-impact interpretation",true
unit_003746,nature_remote_sensing_review_0058,Nature Communications,2026,moderate_concern,moderate,manuscript claim or supporting evidence,"Figures, extended data, and evidentiary display",true
unit_003747,nature_remote_sensing_review_0058,Nature Communications,2026,figure_or_table_comment,minor,figure evidence,"Spatial data, resolution, and product coverage",true
unit_003748,nature_remote_sensing_review_0058,Nature Communications,2026,minor_comment,minor,manuscript claim or supporting evidence,"Methods, results, discussion structure, and explanatory clarity",true
unit_003749,nature_remote_sensing_review_0058,Nature Communications,2026,contribution_assessment,minor,manuscript claim or supporting evidence,"Methods, results, discussion structure, and explanatory clarity",true
unit_003750,nature_remote_sensing_review_0058,Nature Communications,2026,minor_comment,minor,manuscript claim or supporting evidence,"Remote-sensing context, citation positioning, and prior work",true
unit_003751,nature_remote_sensing_review_0058,Nature Communications,2026,moderate_concern,moderate,manuscript claim or supporting evidence,"Remote-sensing context, citation positioning, and prior work",true
unit_003752,nature_remote_sensing_review_0058,Nature Communications,2026,moderate_concern,moderate,manuscript claim or supporting evidence,"Methods, results, discussion structure, and explanatory clarity",true
unit_003753,nature_remote_sensing_review_0058,Nature Communications,2026,minor_comment,minor,manuscript claim or supporting evidence,"Figures, extended data, and evidentiary display",true
unit_003754,nature_remote_sensing_review_0058,Nature Communications,2026,revision_assessment,moderate,manuscript claim or supporting evidence,"Concern resolution, code, publication readiness, and reproducibility",true
unit_003755,nature_remote_sensing_review_0058,Nature Communications,2026,contribution_assessment,minor,manuscript claim or supporting evidence,"Spatial data, resolution, and product coverage",true
unit_003756,nature_remote_sensing_review_0058,Nature Communications,2026,moderate_concern,moderate,manuscript claim or supporting evidence,"Methods, results, discussion structure, and explanatory clarity",true
unit_003757,nature_remote_sensing_review_0058,Nature Communications,2026,major_concern,major,model performance,"Spatial data, resolution, and product coverage",true
unit_003758,nature_remote_sensing_review_0058,Nature Communications,2026,moderate_concern,moderate,methodological support,"Concern resolution, code, publication readiness, and reproducibility",true
unit_003759,nature_remote_sensing_review_0058,Nature Communications,2026,revision_assessment,moderate,manuscript claim or supporting evidence,"Concern resolution, code, publication readiness, and reproducibility",true
unit_003760,nature_remote_sensing_review_0058,Nature Communications,2026,moderate_concern,moderate,manuscript claim or supporting evidence,"Concern resolution, code, publication readiness, and reproducibility",true
unit_003761,nature_remote_sensing_review_0058,Nature Communications,2026,moderate_concern,moderate,manuscript claim or supporting evidence,"Concern resolution, code, publication readiness, and reproducibility",true
unit_003762,nature_remote_sensing_review_0059,Nature Communications,2026,contribution_assessment,moderate,global generalization,"Spatial data, resolution, and product coverage",true
unit_003763,nature_remote_sensing_review_0059,Nature Communications,2026,moderate_concern,moderate,manuscript claim or supporting evidence,"Methods, results, discussion structure, and explanatory clarity",true
unit_003764,nature_remote_sensing_review_0059,Nature Communications,2026,figure_or_table_comment,minor,"global generalization, figure evidence","Figures, extended data, and evidentiary display",true
unit_003765,nature_remote_sensing_review_0059,Nature Communications,2026,moderate_concern,moderate,global generalization,"Methods, results, discussion structure, and explanatory clarity",true
unit_003766,nature_remote_sensing_review_0059,Nature Communications,2026,moderate_concern,moderate,manuscript claim or supporting evidence,"Methods, results, discussion structure, and explanatory clarity",true
unit_003767,nature_remote_sensing_review_0059,Nature Communications,2026,moderate_concern,moderate,manuscript claim or supporting evidence,"Spatial data, resolution, and product coverage",true
unit_003768,nature_remote_sensing_review_0059,Nature Communications,2026,moderate_concern,moderate,global generalization,"Methods, results, discussion structure, and explanatory clarity",true
unit_003769,nature_remote_sensing_review_0059,Nature Communications,2026,line_comment,moderate,global generalization,"Spatial data, resolution, and product coverage",true
unit_003770,nature_remote_sensing_review_0059,Nature Communications,2026,moderate_concern,moderate,manuscript claim or supporting evidence,"Concern resolution, code, publication readiness, and reproducibility",true
unit_003771,nature_remote_sensing_review_0059,Nature Communications,2026,moderate_concern,moderate,global generalization,"Machine learning, model performance, and generalization",true
unit_003772,nature_remote_sensing_review_0059,Nature Communications,2026,contribution_assessment,major,"global generalization, methodological support","Spatial data, resolution, and product coverage",true
unit_003773,nature_remote_sensing_review_0059,Nature Communications,2026,contribution_assessment,moderate,manuscript claim or supporting evidence,"Remote-sensing context, citation positioning, and prior work",true
unit_003774,nature_remote_sensing_review_0059,Nature Communications,2026,moderate_concern,moderate,"model performance, table evidence","Machine learning, model performance, and generalization",true
unit_003775,nature_remote_sensing_review_0059,Nature Communications,2026,minor_comment,minor,manuscript claim or supporting evidence,"River, water storage, sediment, tidal, and hydraulic interpretation",true
unit_003776,nature_remote_sensing_review_0059,Nature Communications,2026,figure_or_table_comment,moderate,"uncertainty claim, figure evidence","Figures, extended data, and evidentiary display",true
unit_003777,nature_remote_sensing_review_0059,Nature Communications,2026,minor_comment,minor,trend interpretation,"Long-term time series, climate variability, and trend interpretation",true
unit_003778,nature_remote_sensing_review_0059,Nature Communications,2026,minor_comment,minor,"global generalization, table evidence","Figures, extended data, and evidentiary display",true
unit_003779,nature_remote_sensing_review_0059,Nature Communications,2026,moderate_concern,moderate,manuscript claim or supporting evidence,"Concern resolution, code, publication readiness, and reproducibility",true
unit_003780,nature_remote_sensing_review_0059,Nature Communications,2026,contribution_assessment,moderate,"global generalization, product validity, figure evidence","Machine learning, model performance, and generalization",true
unit_003781,nature_remote_sensing_review_0059,Nature Communications,2026,contribution_assessment,major,manuscript claim or supporting evidence,"Spatial data, resolution, and product coverage",true
unit_003782,nature_remote_sensing_review_0059,Nature Communications,2026,contribution_assessment,minor,manuscript claim or supporting evidence,"Methods, results, discussion structure, and explanatory clarity",true
unit_003783,nature_remote_sensing_review_0059,Nature Communications,2026,minor_comment,minor,manuscript claim or supporting evidence,"River, water storage, sediment, tidal, and hydraulic interpretation",true
unit_003784,nature_remote_sensing_review_0059,Nature Communications,2026,moderate_concern,moderate,manuscript claim or supporting evidence,"Methods, results, discussion structure, and explanatory clarity",true
unit_003785,nature_remote_sensing_review_0059,Nature Communications,2026,line_comment,moderate,manuscript claim or supporting evidence,"Methods, results, discussion structure, and explanatory clarity",true
unit_003786,nature_remote_sensing_review_0059,Nature Communications,2026,line_comment,minor,manuscript claim or supporting evidence,"River, water storage, sediment, tidal, and hydraulic interpretation",true
unit_003787,nature_remote_sensing_review_0059,Nature Communications,2026,line_comment,minor,manuscript claim or supporting evidence,"River, water storage, sediment, tidal, and hydraulic interpretation",true
unit_003788,nature_remote_sensing_review_0059,Nature Communications,2026,line_comment,moderate,figure evidence,"Spatial data, resolution, and product coverage",true
unit_003789,nature_remote_sensing_review_0059,Nature Communications,2026,line_comment,moderate,global generalization,"Methods, results, discussion structure, and explanatory clarity",true
unit_003790,nature_remote_sensing_review_0059,Nature Communications,2026,figure_or_table_comment,moderate,figure evidence,"Figures, extended data, and evidentiary display",true
unit_003791,nature_remote_sensing_review_0059,Nature Communications,2026,line_comment,moderate,manuscript claim or supporting evidence,"Methods, results, discussion structure, and explanatory clarity",true
unit_003792,nature_remote_sensing_review_0059,Nature Communications,2026,line_comment,moderate,manuscript claim or supporting evidence,"Methods, results, discussion structure, and explanatory clarity",true
unit_003793,nature_remote_sensing_review_0059,Nature Communications,2026,line_comment,moderate,manuscript claim or supporting evidence,"Methods, results, discussion structure, and explanatory clarity",true
unit_003794,nature_remote_sensing_review_0059,Nature Communications,2026,figure_or_table_comment,moderate,figure evidence,"Figures, extended data, and evidentiary display",true
unit_003795,nature_remote_sensing_review_0059,Nature Communications,2026,line_comment,minor,manuscript claim or supporting evidence,"Methods, results, discussion structure, and explanatory clarity",true
unit_003796,nature_remote_sensing_review_0059,Nature Communications,2026,line_comment,moderate,manuscript claim or supporting evidence,"Methods, results, discussion structure, and explanatory clarity",true
unit_003797,nature_remote_sensing_review_0059,Nature Communications,2026,line_comment,moderate,figure evidence,"Figures, extended data, and evidentiary display",true
unit_003798,nature_remote_sensing_review_0059,Nature Communications,2026,line_comment,moderate,table evidence,"Figures, extended data, and evidentiary display",true
unit_003799,nature_remote_sensing_review_0059,Nature Communications,2026,figure_or_table_comment,moderate,figure evidence,"Remote-sensing context, citation positioning, and prior work",true
unit_003800,nature_remote_sensing_review_0059,Nature Communications,2026,line_comment,moderate,manuscript claim or supporting evidence,"Methods, results, discussion structure, and explanatory clarity",true
unit_003801,nature_remote_sensing_review_0059,Nature Communications,2026,line_comment,moderate,manuscript claim or supporting evidence,"Methods, results, discussion structure, and explanatory clarity",true
unit_003802,nature_remote_sensing_review_0059,Nature Communications,2026,line_comment,moderate,manuscript claim or supporting evidence,"Methods, results, discussion structure, and explanatory clarity",true
unit_003803,nature_remote_sensing_review_0059,Nature Communications,2026,line_comment,major,manuscript claim or supporting evidence,"River, water storage, sediment, tidal, and hydraulic interpretation",true
unit_003804,nature_remote_sensing_review_0059,Nature Communications,2026,minor_comment,minor,manuscript claim or supporting evidence,"Methods, results, discussion structure, and explanatory clarity",true
unit_003805,nature_remote_sensing_review_0059,Nature Communications,2026,moderate_concern,moderate,manuscript claim or supporting evidence,"River, water storage, sediment, tidal, and hydraulic interpretation",true
unit_003806,nature_remote_sensing_review_0059,Nature Communications,2026,line_comment,moderate,manuscript claim or supporting evidence,"Methods, results, discussion structure, and explanatory clarity",true
unit_003807,nature_remote_sensing_review_0059,Nature Communications,2026,line_comment,moderate,manuscript claim or supporting evidence,"Methods, results, discussion structure, and explanatory clarity",true
unit_003808,nature_remote_sensing_review_0059,Nature Communications,2026,line_comment,minor,manuscript claim or supporting evidence,"Methods, results, discussion structure, and explanatory clarity",true
unit_003809,nature_remote_sensing_review_0059,Nature Communications,2026,line_comment,moderate,manuscript claim or supporting evidence,C3/C4 vegetation coverage and biome classification,true
unit_003810,nature_remote_sensing_review_0059,Nature Communications,2026,moderate_concern,moderate,methodological support,"Methods, results, discussion structure, and explanatory clarity",true
unit_003811,nature_remote_sensing_review_0059,Nature Communications,2026,line_comment,moderate,manuscript claim or supporting evidence,"Methods, results, discussion structure, and explanatory clarity",true
unit_003812,nature_remote_sensing_review_0059,Nature Communications,2026,line_comment,moderate,methodological support,"Methods, results, discussion structure, and explanatory clarity",true
unit_003813,nature_remote_sensing_review_0059,Nature Communications,2026,line_comment,moderate,manuscript claim or supporting evidence,"Remote-sensing context, citation positioning, and prior work",true
unit_003814,nature_remote_sensing_review_0059,Nature Communications,2026,line_comment,moderate,manuscript claim or supporting evidence,"Methods, results, discussion structure, and explanatory clarity",true
unit_003815,nature_remote_sensing_review_0059,Nature Communications,2026,line_comment,moderate,manuscript claim or supporting evidence,"Methods, results, discussion structure, and explanatory clarity",true
unit_003816,nature_remote_sensing_review_0059,Nature Communications,2026,line_comment,moderate,manuscript claim or supporting evidence,"Sea level, vertical land motion, InSAR, and coastal elevation change",true
unit_003817,nature_remote_sensing_review_0059,Nature Communications,2026,moderate_concern,moderate,manuscript claim or supporting evidence,"Sea level, vertical land motion, InSAR, and coastal elevation change",true
unit_003818,nature_remote_sensing_review_0059,Nature Communications,2026,contribution_assessment,moderate,manuscript claim or supporting evidence,"River, water storage, sediment, tidal, and hydraulic interpretation",true
unit_003819,nature_remote_sensing_review_0059,Nature Communications,2026,moderate_concern,moderate,manuscript claim or supporting evidence,"Methods, results, discussion structure, and explanatory clarity",true
unit_003820,nature_remote_sensing_review_0059,Nature Communications,2026,moderate_concern,moderate,manuscript claim or supporting evidence,"Methods, results, discussion structure, and explanatory clarity",true
unit_003821,nature_remote_sensing_review_0059,Nature Communications,2026,minor_comment,minor,manuscript claim or supporting evidence,"Concern resolution, code, publication readiness, and reproducibility",true
unit_003822,nature_remote_sensing_review_0059,Nature Communications,2026,minor_comment,minor,methodological support,"Methods, results, discussion structure, and explanatory clarity",true
unit_003823,nature_remote_sensing_review_0059,Nature Communications,2026,moderate_concern,moderate,manuscript claim or supporting evidence,"Concern resolution, code, publication readiness, and reproducibility",true
unit_003824,nature_remote_sensing_review_0059,Nature Communications,2026,minor_comment,minor,manuscript claim or supporting evidence,"Methods, results, discussion structure, and explanatory clarity",true
unit_003825,nature_remote_sensing_review_0059,Nature Communications,2026,moderate_concern,moderate,manuscript claim or supporting evidence,"Concern resolution, code, publication readiness, and reproducibility",true
unit_003826,nature_remote_sensing_review_0060,Nature Communications,2026,contribution_assessment,minor,manuscript claim or supporting evidence,"Methods, results, discussion structure, and explanatory clarity",true
unit_003827,nature_remote_sensing_review_0060,Nature Communications,2026,moderate_concern,moderate,manuscript claim or supporting evidence,"Remote-sensing context, citation positioning, and prior work",true
unit_003828,nature_remote_sensing_review_0060,Nature Communications,2026,moderate_concern,moderate,manuscript claim or supporting evidence,"Methods, results, discussion structure, and explanatory clarity",true
unit_003829,nature_remote_sensing_review_0060,Nature Communications,2026,moderate_concern,moderate,manuscript claim or supporting evidence,"Methods, results, discussion structure, and explanatory clarity",true
unit_003830,nature_remote_sensing_review_0060,Nature Communications,2026,moderate_concern,moderate,methodological support,"Methods, results, discussion structure, and explanatory clarity",true
unit_003831,nature_remote_sensing_review_0060,Nature Communications,2026,moderate_concern,moderate,manuscript claim or supporting evidence,"Spatial data, resolution, and product coverage",true
unit_003832,nature_remote_sensing_review_0060,Nature Communications,2026,moderate_concern,moderate,manuscript claim or supporting evidence,"Methods, results, discussion structure, and explanatory clarity",true
unit_003833,nature_remote_sensing_review_0060,Nature Communications,2026,contribution_assessment,moderate,manuscript claim or supporting evidence,"Methods, results, discussion structure, and explanatory clarity",true
unit_003834,nature_remote_sensing_review_0060,Nature Communications,2026,moderate_concern,moderate,manuscript claim or supporting evidence,"Methods, results, discussion structure, and explanatory clarity",true
unit_003835,nature_remote_sensing_review_0060,Nature Communications,2026,moderate_concern,moderate,methodological support,"Machine learning, model performance, and generalization",true
unit_003836,nature_remote_sensing_review_0060,Nature Communications,2026,moderate_concern,moderate,manuscript claim or supporting evidence,"Spatial data, resolution, and product coverage",true
unit_003837,nature_remote_sensing_review_0060,Nature Communications,2026,moderate_concern,moderate,"trend interpretation, methodological support","Long-term time series, climate variability, and trend interpretation",true
unit_003838,nature_remote_sensing_review_0060,Nature Communications,2026,moderate_concern,moderate,"product validity, uncertainty claim, model performance","Machine learning, model performance, and generalization",true
unit_003839,nature_remote_sensing_review_0060,Nature Communications,2026,minor_comment,minor,"global generalization, model performance","Remote-sensing context, citation positioning, and prior work",true
unit_003840,nature_remote_sensing_review_0060,Nature Communications,2026,moderate_concern,moderate,"trend interpretation, global generalization","Long-term time series, climate variability, and trend interpretation",true
unit_003841,nature_remote_sensing_review_0060,Nature Communications,2026,contribution_assessment,moderate,manuscript claim or supporting evidence,"Concern resolution, code, publication readiness, and reproducibility",true
unit_003842,nature_remote_sensing_review_0061,Nature Communications,2026,revision_assessment,moderate,algorithm validity,"Machine learning, model performance, and generalization",true
unit_003843,nature_remote_sensing_review_0061,Nature Communications,2026,moderate_concern,moderate,manuscript claim or supporting evidence,"Methods, results, discussion structure, and explanatory clarity",true
unit_003844,nature_remote_sensing_review_0061,Nature Communications,2026,minor_comment,minor,manuscript claim or supporting evidence,"Spatial data, resolution, and product coverage",true
unit_003845,nature_remote_sensing_review_0061,Nature Communications,2026,moderate_concern,moderate,model performance,"Remote-sensing context, citation positioning, and prior work",true
unit_003846,nature_remote_sensing_review_0061,Nature Communications,2026,line_comment,moderate,manuscript claim or supporting evidence,"River, water storage, sediment, tidal, and hydraulic interpretation",true
unit_003847,nature_remote_sensing_review_0061,Nature Communications,2026,line_comment,minor,manuscript claim or supporting evidence,"Tree cover, land cover, land-use change, and mapping definitions",true
unit_003848,nature_remote_sensing_review_0061,Nature Communications,2026,line_comment,moderate,manuscript claim or supporting evidence,"Methods, results, discussion structure, and explanatory clarity",true
unit_003849,nature_remote_sensing_review_0061,Nature Communications,2026,line_comment,moderate,manuscript claim or supporting evidence,"Methods, results, discussion structure, and explanatory clarity",true
unit_003850,nature_remote_sensing_review_0061,Nature Communications,2026,line_comment,moderate,manuscript claim or supporting evidence,"Remote-sensing context, citation positioning, and prior work",true
unit_003851,nature_remote_sensing_review_0061,Nature Communications,2026,line_comment,moderate,figure evidence,"Figures, extended data, and evidentiary display",true
unit_003852,nature_remote_sensing_review_0061,Nature Communications,2026,line_comment,moderate,manuscript claim or supporting evidence,"Methods, results, discussion structure, and explanatory clarity",true
unit_003853,nature_remote_sensing_review_0061,Nature Communications,2026,line_comment,moderate,manuscript claim or supporting evidence,"Methods, results, discussion structure, and explanatory clarity",true
unit_003854,nature_remote_sensing_review_0061,Nature Communications,2026,line_comment,moderate,manuscript claim or supporting evidence,"Amazon, forest cover, land-use pressure, and forest resilience",true
unit_003855,nature_remote_sensing_review_0061,Nature Communications,2026,line_comment,minor,manuscript claim or supporting evidence,"Remote-sensing context, citation positioning, and prior work",true
unit_003856,nature_remote_sensing_review_0061,Nature Communications,2026,line_comment,moderate,manuscript claim or supporting evidence,"Long-term time series, climate variability, and trend interpretation",true
unit_003857,nature_remote_sensing_review_0061,Nature Communications,2026,line_comment,moderate,global generalization,"Sea level, vertical land motion, InSAR, and coastal elevation change",true
unit_003858,nature_remote_sensing_review_0061,Nature Communications,2026,figure_or_table_comment,moderate,"trend interpretation, figure evidence","Long-term time series, climate variability, and trend interpretation",true
unit_003859,nature_remote_sensing_review_0061,Nature Communications,2026,moderate_concern,moderate,manuscript claim or supporting evidence,"Sea level, vertical land motion, InSAR, and coastal elevation change",true
unit_003860,nature_remote_sensing_review_0061,Nature Communications,2026,moderate_concern,moderate,manuscript claim or supporting evidence,"Long-term time series, climate variability, and trend interpretation",true
unit_003861,nature_remote_sensing_review_0061,Nature Communications,2026,moderate_concern,moderate,model performance,"River, water storage, sediment, tidal, and hydraulic interpretation",true
unit_003862,nature_remote_sensing_review_0061,Nature Communications,2026,moderate_concern,moderate,manuscript claim or supporting evidence,"Long-term time series, climate variability, and trend interpretation",true
unit_003863,nature_remote_sensing_review_0061,Nature Communications,2026,moderate_concern,moderate,manuscript claim or supporting evidence,"Methods, results, discussion structure, and explanatory clarity",true
unit_003864,nature_remote_sensing_review_0061,Nature Communications,2026,moderate_concern,moderate,"global generalization, model performance","Concern resolution, code, publication readiness, and reproducibility",true
unit_003865,nature_remote_sensing_review_0061,Nature Communications,2026,contribution_assessment,moderate,trend interpretation,"Long-term time series, climate variability, and trend interpretation",true
unit_003866,nature_remote_sensing_review_0061,Nature Communications,2026,moderate_concern,moderate,trend interpretation,"Long-term time series, climate variability, and trend interpretation",true
unit_003867,nature_remote_sensing_review_0061,Nature Communications,2026,moderate_concern,moderate,manuscript claim or supporting evidence,"Methods, results, discussion structure, and explanatory clarity",true
unit_003868,nature_remote_sensing_review_0061,Nature Communications,2026,minor_comment,minor,manuscript claim or supporting evidence,"Methods, results, discussion structure, and explanatory clarity",true
unit_003869,nature_remote_sensing_review_0061,Nature Communications,2026,line_comment,moderate,figure evidence,"Figures, extended data, and evidentiary display",true
unit_003870,nature_remote_sensing_review_0061,Nature Communications,2026,line_comment,minor,manuscript claim or supporting evidence,"Methods, results, discussion structure, and explanatory clarity",true
unit_003871,nature_remote_sensing_review_0061,Nature Communications,2026,line_comment,moderate,figure evidence,"Figures, extended data, and evidentiary display",true
unit_003872,nature_remote_sensing_review_0061,Nature Communications,2026,line_comment,minor,manuscript claim or supporting evidence,"Methods, results, discussion structure, and explanatory clarity",true
unit_003873,nature_remote_sensing_review_0061,Nature Communications,2026,line_comment,moderate,manuscript claim or supporting evidence,"Methods, results, discussion structure, and explanatory clarity",true
unit_003874,nature_remote_sensing_review_0061,Nature Communications,2026,line_comment,minor,manuscript claim or supporting evidence,"Methods, results, discussion structure, and explanatory clarity",true
unit_003875,nature_remote_sensing_review_0061,Nature Communications,2026,moderate_concern,moderate,manuscript claim or supporting evidence,"Remote-sensing context, citation positioning, and prior work",true
unit_003876,nature_remote_sensing_review_0061,Nature Communications,2026,line_comment,moderate,manuscript claim or supporting evidence,"Remote-sensing context, citation positioning, and prior work",true
unit_003877,nature_remote_sensing_review_0061,Nature Communications,2026,line_comment,moderate,manuscript claim or supporting evidence,"Methods, results, discussion structure, and explanatory clarity",true
unit_003878,nature_remote_sensing_review_0061,Nature Communications,2026,line_comment,moderate,manuscript claim or supporting evidence,"Methods, results, discussion structure, and explanatory clarity",true
unit_003879,nature_remote_sensing_review_0061,Nature Communications,2026,line_comment,moderate,manuscript claim or supporting evidence,"Concern resolution, code, publication readiness, and reproducibility",true
unit_003880,nature_remote_sensing_review_0061,Nature Communications,2026,revision_assessment,moderate,manuscript claim or supporting evidence,"Spatial data, resolution, and product coverage",true
unit_003881,nature_remote_sensing_review_0061,Nature Communications,2026,moderate_concern,moderate,global generalization,"Methods, results, discussion structure, and explanatory clarity",true
unit_003882,nature_remote_sensing_review_0061,Nature Communications,2026,contribution_assessment,moderate,"novelty claim, table evidence","Spatial data, resolution, and product coverage",true
unit_003883,nature_remote_sensing_review_0061,Nature Communications,2026,moderate_concern,moderate,manuscript claim or supporting evidence,"Remote-sensing context, citation positioning, and prior work",true
unit_003884,nature_remote_sensing_review_0061,Nature Communications,2026,revision_assessment,moderate,manuscript claim or supporting evidence,"Concern resolution, code, publication readiness, and reproducibility",true
unit_003885,nature_remote_sensing_review_0061,Nature Communications,2026,contribution_assessment,minor,novelty claim,"Concern resolution, code, publication readiness, and reproducibility",true
unit_003886,nature_remote_sensing_review_0061,Nature Communications,2026,revision_assessment,minor,global generalization,"Concern resolution, code, publication readiness, and reproducibility",true
unit_003887,nature_remote_sensing_review_0061,Nature Communications,2026,moderate_concern,moderate,global generalization,"Spatial data, resolution, and product coverage",true
unit_003888,nature_remote_sensing_review_0062,Nature Communications,2026,contribution_assessment,minor,"global generalization, methodological support","Spatial data, resolution, and product coverage",true
unit_003889,nature_remote_sensing_review_0062,Nature Communications,2026,moderate_concern,moderate,trend interpretation,"Long-term time series, climate variability, and trend interpretation",true
unit_003890,nature_remote_sensing_review_0062,Nature Communications,2026,moderate_concern,moderate,manuscript claim or supporting evidence,"Long-term time series, climate variability, and trend interpretation",true
unit_003891,nature_remote_sensing_review_0062,Nature Communications,2026,figure_or_table_comment,moderate,"global generalization, figure evidence","Spatial data, resolution, and product coverage",true
unit_003892,nature_remote_sensing_review_0062,Nature Communications,2026,moderate_concern,moderate,methodological support,"Spatial data, resolution, and product coverage",true
unit_003893,nature_remote_sensing_review_0062,Nature Communications,2026,revision_assessment,moderate,manuscript claim or supporting evidence,"Spatial data, resolution, and product coverage",true
unit_003894,nature_remote_sensing_review_0062,Nature Communications,2026,figure_or_table_comment,moderate,figure evidence,"Spatial data, resolution, and product coverage",true
unit_003895,nature_remote_sensing_review_0062,Nature Communications,2026,moderate_concern,moderate,manuscript claim or supporting evidence,"Methods, results, discussion structure, and explanatory clarity",true
unit_003896,nature_remote_sensing_review_0062,Nature Communications,2026,moderate_concern,moderate,manuscript claim or supporting evidence,"Methods, results, discussion structure, and explanatory clarity",true
unit_003897,nature_remote_sensing_review_0062,Nature Communications,2026,minor_comment,minor,manuscript claim or supporting evidence,"Methods, results, discussion structure, and explanatory clarity",true
unit_003898,nature_remote_sensing_review_0062,Nature Communications,2026,line_comment,moderate,manuscript claim or supporting evidence,"Methods, results, discussion structure, and explanatory clarity",true
unit_003899,nature_remote_sensing_review_0062,Nature Communications,2026,contribution_assessment,moderate,manuscript claim or supporting evidence,"Methods, results, discussion structure, and explanatory clarity",true
unit_003900,nature_remote_sensing_review_0062,Nature Communications,2026,revision_assessment,moderate,manuscript claim or supporting evidence,"Concern resolution, code, publication readiness, and reproducibility",true
unit_003901,nature_remote_sensing_review_0062,Nature Communications,2026,contribution_assessment,minor,manuscript claim or supporting evidence,"Spatial data, resolution, and product coverage",true
unit_003902,nature_remote_sensing_review_0062,Nature Communications,2026,minor_comment,minor,manuscript claim or supporting evidence,"Tree cover, land cover, land-use change, and mapping definitions",true
unit_003903,nature_remote_sensing_review_0062,Nature Communications,2026,contribution_assessment,moderate,manuscript claim or supporting evidence,"Methods, results, discussion structure, and explanatory clarity",true
unit_003904,nature_remote_sensing_review_0063,Nature Communications,2026,contribution_assessment,moderate,manuscript claim or supporting evidence,"Spatial data, resolution, and product coverage",true
unit_003905,nature_remote_sensing_review_0063,Nature Communications,2026,major_concern,major,trend interpretation,"Long-term time series, climate variability, and trend interpretation",true
unit_003906,nature_remote_sensing_review_0063,Nature Communications,2026,moderate_concern,moderate,methodological support,"Spatial data, resolution, and product coverage",true
unit_003907,nature_remote_sensing_review_0063,Nature Communications,2026,minor_comment,minor,manuscript claim or supporting evidence,"Methods, results, discussion structure, and explanatory clarity",true
unit_003908,nature_remote_sensing_review_0063,Nature Communications,2026,moderate_concern,moderate,methodological support,"Methods, results, discussion structure, and explanatory clarity",true
unit_003909,nature_remote_sensing_review_0063,Nature Communications,2026,contribution_assessment,moderate,methodological support,"Methods, results, discussion structure, and explanatory clarity",true
unit_003910,nature_remote_sensing_review_0063,Nature Communications,2026,minor_comment,minor,manuscript claim or supporting evidence,"Tree cover, land cover, land-use change, and mapping definitions",true
unit_003911,nature_remote_sensing_review_0063,Nature Communications,2026,moderate_concern,moderate,manuscript claim or supporting evidence,"River, water storage, sediment, tidal, and hydraulic interpretation",true
unit_003912,nature_remote_sensing_review_0063,Nature Communications,2026,moderate_concern,moderate,manuscript claim or supporting evidence,"Methods, results, discussion structure, and explanatory clarity",true
unit_003913,nature_remote_sensing_review_0063,Nature Communications,2026,moderate_concern,moderate,manuscript claim or supporting evidence,"Methods, results, discussion structure, and explanatory clarity",true
unit_003914,nature_remote_sensing_review_0063,Nature Communications,2026,minor_comment,minor,manuscript claim or supporting evidence,"Spatial data, resolution, and product coverage",true
unit_003915,nature_remote_sensing_review_0063,Nature Communications,2026,contribution_assessment,minor,manuscript claim or supporting evidence,"Spatial data, resolution, and product coverage",true
unit_003916,nature_remote_sensing_review_0063,Nature Communications,2026,moderate_concern,moderate,manuscript claim or supporting evidence,"Urban, inter-city, and SDG-impact interpretation",true
unit_003917,nature_remote_sensing_review_0063,Nature Communications,2026,figure_or_table_comment,minor,"figure evidence, table evidence","Figures, extended data, and evidentiary display",true
unit_003918,nature_remote_sensing_review_0063,Nature Communications,2026,minor_comment,minor,manuscript claim or supporting evidence,"River, water storage, sediment, tidal, and hydraulic interpretation",true
unit_003919,nature_remote_sensing_review_0063,Nature Communications,2026,contribution_assessment,moderate,methodological support,"Spatial data, resolution, and product coverage",true
unit_003920,nature_remote_sensing_review_0063,Nature Communications,2026,moderate_concern,moderate,manuscript claim or supporting evidence,"Spatial data, resolution, and product coverage",true
unit_003921,nature_remote_sensing_review_0063,Nature Communications,2026,contribution_assessment,minor,methodological support,"Spatial data, resolution, and product coverage",true
unit_003922,nature_remote_sensing_review_0063,Nature Communications,2026,moderate_concern,moderate,uncertainty claim,"Spatial data, resolution, and product coverage",true
unit_003923,nature_remote_sensing_review_0063,Nature Communications,2026,moderate_concern,moderate,manuscript claim or supporting evidence,"Methods, results, discussion structure, and explanatory clarity",true
unit_003924,nature_remote_sensing_review_0063,Nature Communications,2026,minor_comment,minor,"product validity, methodological support","Methods, results, discussion structure, and explanatory clarity",true
unit_003925,nature_remote_sensing_review_0063,Nature Communications,2026,moderate_concern,moderate,product validity,"Methods, results, discussion structure, and explanatory clarity",true
unit_003926,nature_remote_sensing_review_0063,Nature Communications,2026,contribution_assessment,minor,manuscript claim or supporting evidence,"Methods, results, discussion structure, and explanatory clarity",true
unit_003927,nature_remote_sensing_review_0063,Nature Communications,2026,moderate_concern,moderate,trend interpretation,"Long-term time series, climate variability, and trend interpretation",true
unit_003928,nature_remote_sensing_review_0063,Nature Communications,2026,line_comment,moderate,manuscript claim or supporting evidence,"Spatial data, resolution, and product coverage",true
unit_003929,nature_remote_sensing_review_0063,Nature Communications,2026,minor_comment,minor,manuscript claim or supporting evidence,"Methods, results, discussion structure, and explanatory clarity",true
unit_003930,nature_remote_sensing_review_0063,Nature Communications,2026,line_comment,moderate,manuscript claim or supporting evidence,"Tree cover, land cover, land-use change, and mapping definitions",true
unit_003931,nature_remote_sensing_review_0063,Nature Communications,2026,line_comment,moderate,manuscript claim or supporting evidence,"Methods, results, discussion structure, and explanatory clarity",true
unit_003932,nature_remote_sensing_review_0064,Nature Communications,2026,contribution_assessment,major,"causal or attribution claim, global generalization, novelty claim","Spatial data, resolution, and product coverage",true
unit_003933,nature_remote_sensing_review_0064,Nature Communications,2026,major_concern,major,manuscript claim or supporting evidence,"Methods, results, discussion structure, and explanatory clarity",true
unit_003934,nature_remote_sensing_review_0064,Nature Communications,2026,contribution_assessment,moderate,manuscript claim or supporting evidence,"Spatial data, resolution, and product coverage",true
unit_003935,nature_remote_sensing_review_0064,Nature Communications,2026,contribution_assessment,moderate,methodological support,"Methods, results, discussion structure, and explanatory clarity",true
unit_003936,nature_remote_sensing_review_0064,Nature Communications,2026,moderate_concern,moderate,trend interpretation,"Long-term time series, climate variability, and trend interpretation",true
unit_003937,nature_remote_sensing_review_0064,Nature Communications,2026,moderate_concern,moderate,manuscript claim or supporting evidence,"Methods, results, discussion structure, and explanatory clarity",true
unit_003938,nature_remote_sensing_review_0064,Nature Communications,2026,moderate_concern,moderate,manuscript claim or supporting evidence,"Concern resolution, code, publication readiness, and reproducibility",true
unit_003939,nature_remote_sensing_review_0064,Nature Communications,2026,moderate_concern,moderate,trend interpretation,"Long-term time series, climate variability, and trend interpretation",true
unit_003940,nature_remote_sensing_review_0064,Nature Communications,2026,moderate_concern,moderate,manuscript claim or supporting evidence,"Methods, results, discussion structure, and explanatory clarity",true
unit_003941,nature_remote_sensing_review_0064,Nature Communications,2026,moderate_concern,moderate,manuscript claim or supporting evidence,"River, water storage, sediment, tidal, and hydraulic interpretation",true
unit_003942,nature_remote_sensing_review_0064,Nature Communications,2026,moderate_concern,moderate,manuscript claim or supporting evidence,"River, water storage, sediment, tidal, and hydraulic interpretation",true
unit_003943,nature_remote_sensing_review_0064,Nature Communications,2026,minor_comment,minor,trend interpretation,"Long-term time series, climate variability, and trend interpretation",true
unit_003944,nature_remote_sensing_review_0064,Nature Communications,2026,moderate_concern,moderate,figure evidence,"Spatial data, resolution, and product coverage",true
unit_003945,nature_remote_sensing_review_0064,Nature Communications,2026,figure_or_table_comment,moderate,"uncertainty claim, figure evidence","Spatial data, resolution, and product coverage",true
unit_003946,nature_remote_sensing_review_0064,Nature Communications,2026,figure_or_table_comment,minor,"global generalization, figure evidence","Figures, extended data, and evidentiary display",true
unit_003947,nature_remote_sensing_review_0064,Nature Communications,2026,minor_comment,minor,model performance,"Methods, results, discussion structure, and explanatory clarity",true
unit_003948,nature_remote_sensing_review_0064,Nature Communications,2026,minor_comment,minor,manuscript claim or supporting evidence,"Methods, results, discussion structure, and explanatory clarity",true
unit_003949,nature_remote_sensing_review_0064,Nature Communications,2026,moderate_concern,moderate,manuscript claim or supporting evidence,"Spatial data, resolution, and product coverage",true
unit_003950,nature_remote_sensing_review_0064,Nature Communications,2026,figure_or_table_comment,moderate,figure evidence,"Figures, extended data, and evidentiary display",true
unit_003951,nature_remote_sensing_review_0064,Nature Communications,2026,figure_or_table_comment,minor,figure evidence,"Spatial data, resolution, and product coverage",true
unit_003952,nature_remote_sensing_review_0064,Nature Communications,2026,figure_or_table_comment,moderate,figure evidence,"Figures, extended data, and evidentiary display",true
unit_003953,nature_remote_sensing_review_0064,Nature Communications,2026,moderate_concern,moderate,manuscript claim or supporting evidence,"Machine learning, model performance, and generalization",true
unit_003954,nature_remote_sensing_review_0064,Nature Communications,2026,moderate_concern,moderate,causal or attribution claim,"Methods, results, discussion structure, and explanatory clarity",true
unit_003955,nature_remote_sensing_review_0064,Nature Communications,2026,contribution_assessment,moderate,methodological support,"Methods, results, discussion structure, and explanatory clarity",true
unit_003956,nature_remote_sensing_review_0064,Nature Communications,2026,moderate_concern,moderate,methodological support,"Methods, results, discussion structure, and explanatory clarity",true
unit_003957,nature_remote_sensing_review_0064,Nature Communications,2026,minor_comment,minor,manuscript claim or supporting evidence,"Methods, results, discussion structure, and explanatory clarity",true
unit_003958,nature_remote_sensing_review_0064,Nature Communications,2026,moderate_concern,moderate,model performance,"Spatial data, resolution, and product coverage",true
unit_003959,nature_remote_sensing_review_0064,Nature Communications,2026,moderate_concern,moderate,model performance,"Methods, results, discussion structure, and explanatory clarity",true
unit_003960,nature_remote_sensing_review_0064,Nature Communications,2026,figure_or_table_comment,minor,"model performance, table evidence","Figures, extended data, and evidentiary display",true
unit_003961,nature_remote_sensing_review_0064,Nature Communications,2026,moderate_concern,moderate,"model performance, methodological support","Machine learning, model performance, and generalization",true
unit_003962,nature_remote_sensing_review_0064,Nature Communications,2026,moderate_concern,moderate,"trend interpretation, figure evidence","Long-term time series, climate variability, and trend interpretation",true
unit_003963,nature_remote_sensing_review_0064,Nature Communications,2026,moderate_concern,moderate,methodological support,"Concern resolution, code, publication readiness, and reproducibility",true
unit_003964,nature_remote_sensing_review_0064,Nature Communications,2026,revision_assessment,minor,manuscript claim or supporting evidence,"Spatial data, resolution, and product coverage",true
unit_003965,nature_remote_sensing_review_0064,Nature Communications,2026,minor_comment,minor,global generalization,"Spatial data, resolution, and product coverage",true
unit_003966,nature_remote_sensing_review_0064,Nature Communications,2026,contribution_assessment,minor,global generalization,"Spatial data, resolution, and product coverage",true
unit_003967,nature_remote_sensing_review_0064,Nature Communications,2026,minor_comment,minor,manuscript claim or supporting evidence,"Methods, results, discussion structure, and explanatory clarity",true
unit_003968,nature_remote_sensing_review_0064,Nature Communications,2026,moderate_concern,moderate,manuscript claim or supporting evidence,"Machine learning, model performance, and generalization",true
unit_003969,nature_remote_sensing_review_0064,Nature Communications,2026,revision_assessment,moderate,manuscript claim or supporting evidence,"Concern resolution, code, publication readiness, and reproducibility",true
unit_003970,nature_remote_sensing_review_0064,Nature Communications,2026,moderate_concern,moderate,model performance,"Figures, extended data, and evidentiary display",true
unit_003971,nature_remote_sensing_review_0064,Nature Communications,2026,moderate_concern,moderate,manuscript claim or supporting evidence,"Methods, results, discussion structure, and explanatory clarity",true
unit_003972,nature_remote_sensing_review_0065,Nature Communications,2026,moderate_concern,moderate,global generalization,"Spatial data, resolution, and product coverage",true
unit_003973,nature_remote_sensing_review_0065,Nature Communications,2026,moderate_concern,moderate,"model performance, methodological support","Spatial data, resolution, and product coverage",true
unit_003974,nature_remote_sensing_review_0065,Nature Communications,2026,moderate_concern,moderate,methodological support,"Methods, results, discussion structure, and explanatory clarity",true
unit_003975,nature_remote_sensing_review_0065,Nature Communications,2026,moderate_concern,moderate,manuscript claim or supporting evidence,"Methods, results, discussion structure, and explanatory clarity",true
unit_003976,nature_remote_sensing_review_0065,Nature Communications,2026,line_comment,moderate,manuscript claim or supporting evidence,"Spatial data, resolution, and product coverage",true
unit_003977,nature_remote_sensing_review_0065,Nature Communications,2026,line_comment,moderate,manuscript claim or supporting evidence,C3/C4 vegetation coverage and biome classification,true
unit_003978,nature_remote_sensing_review_0065,Nature Communications,2026,line_comment,moderate,methodological support,"Methods, results, discussion structure, and explanatory clarity",true
unit_003979,nature_remote_sensing_review_0065,Nature Communications,2026,line_comment,moderate,manuscript claim or supporting evidence,"Methods, results, discussion structure, and explanatory clarity",true
unit_003980,nature_remote_sensing_review_0065,Nature Communications,2026,line_comment,minor,manuscript claim or supporting evidence,"Remote-sensing context, citation positioning, and prior work",true
unit_003981,nature_remote_sensing_review_0065,Nature Communications,2026,line_comment,moderate,manuscript claim or supporting evidence,"Methods, results, discussion structure, and explanatory clarity",true
unit_003982,nature_remote_sensing_review_0065,Nature Communications,2026,figure_or_table_comment,minor,figure evidence,"Spatial data, resolution, and product coverage",true
unit_003983,nature_remote_sensing_review_0065,Nature Communications,2026,line_comment,moderate,manuscript claim or supporting evidence,"Amazon, forest cover, land-use pressure, and forest resilience",true
unit_003984,nature_remote_sensing_review_0065,Nature Communications,2026,line_comment,moderate,figure evidence,"Figures, extended data, and evidentiary display",true
unit_003985,nature_remote_sensing_review_0065,Nature Communications,2026,line_comment,moderate,manuscript claim or supporting evidence,"Methods, results, discussion structure, and explanatory clarity",true
unit_003986,nature_remote_sensing_review_0065,Nature Communications,2026,moderate_concern,moderate,"global generalization, methodological support","Spatial data, resolution, and product coverage",true
unit_003987,nature_remote_sensing_review_0065,Nature Communications,2026,contribution_assessment,moderate,"global generalization, novelty claim","Spatial data, resolution, and product coverage",true
unit_003988,nature_remote_sensing_review_0065,Nature Communications,2026,contribution_assessment,moderate,model performance,"Spatial data, resolution, and product coverage",true
unit_003989,nature_remote_sensing_review_0065,Nature Communications,2026,contribution_assessment,major,uncertainty claim,"Long-term time series, climate variability, and trend interpretation",true
unit_003990,nature_remote_sensing_review_0065,Nature Communications,2026,figure_or_table_comment,minor,"uncertainty claim, model performance, figure evidence","Machine learning, model performance, and generalization",true
unit_003991,nature_remote_sensing_review_0065,Nature Communications,2026,contribution_assessment,minor,"uncertainty claim, model performance","Spatial data, resolution, and product coverage",true
unit_003992,nature_remote_sensing_review_0065,Nature Communications,2026,figure_or_table_comment,minor,"global generalization, figure evidence, table evidence","Figures, extended data, and evidentiary display",true
unit_003993,nature_remote_sensing_review_0065,Nature Communications,2026,contribution_assessment,moderate,"global generalization, novelty claim, methodological support","Spatial data, resolution, and product coverage",true
unit_003994,nature_remote_sensing_review_0065,Nature Communications,2026,moderate_concern,moderate,product validity,"Figures, extended data, and evidentiary display",true
unit_003995,nature_remote_sensing_review_0065,Nature Communications,2026,moderate_concern,moderate,product validity,"Spatial data, resolution, and product coverage",true
unit_003996,nature_remote_sensing_review_0065,Nature Communications,2026,minor_comment,minor,manuscript claim or supporting evidence,"Figures, extended data, and evidentiary display",true
unit_003997,nature_remote_sensing_review_0065,Nature Communications,2026,minor_comment,minor,"product validity, model performance, methodological support","Machine learning, model performance, and generalization",true
unit_003998,nature_remote_sensing_review_0065,Nature Communications,2026,moderate_concern,moderate,product validity,"Spatial data, resolution, and product coverage",true
unit_003999,nature_remote_sensing_review_0065,Nature Communications,2026,minor_comment,minor,methodological support,"Figures, extended data, and evidentiary display",true
unit_004000,nature_remote_sensing_review_0065,Nature Communications,2026,figure_or_table_comment,moderate,figure evidence,"Spatial data, resolution, and product coverage",true
unit_004001,nature_remote_sensing_review_0065,Nature Communications,2026,contribution_assessment,moderate,product validity,"Spatial data, resolution, and product coverage",true
unit_004002,nature_remote_sensing_review_0065,Nature Communications,2026,moderate_concern,moderate,"global generalization, product validity","Figures, extended data, and evidentiary display",true
unit_004003,nature_remote_sensing_review_0065,Nature Communications,2026,moderate_concern,moderate,global generalization,"Figures, extended data, and evidentiary display",true
unit_004004,nature_remote_sensing_review_0065,Nature Communications,2026,minor_comment,minor,product validity,"Figures, extended data, and evidentiary display",true
unit_004005,nature_remote_sensing_review_0065,Nature Communications,2026,moderate_concern,moderate,model performance,"Machine learning, model performance, and generalization",true
unit_004006,nature_remote_sensing_review_0065,Nature Communications,2026,figure_or_table_comment,minor,"model performance, figure evidence","Spatial data, resolution, and product coverage",true
unit_004007,nature_remote_sensing_review_0065,Nature Communications,2026,figure_or_table_comment,moderate,figure evidence,"Figures, extended data, and evidentiary display",true
unit_004008,nature_remote_sensing_review_0065,Nature Communications,2026,moderate_concern,moderate,model performance,"Spatial data, resolution, and product coverage",true
unit_004009,nature_remote_sensing_review_0065,Nature Communications,2026,contribution_assessment,moderate,global generalization,"Figures, extended data, and evidentiary display",true
unit_004010,nature_remote_sensing_review_0065,Nature Communications,2026,minor_comment,minor,"model performance, methodological support","Figures, extended data, and evidentiary display",true
unit_004011,nature_remote_sensing_review_0065,Nature Communications,2026,figure_or_table_comment,minor,"product validity, model performance, figure evidence","Spatial data, resolution, and product coverage",true
unit_004012,nature_remote_sensing_review_0065,Nature Communications,2026,figure_or_table_comment,moderate,"model performance, figure evidence","Figures, extended data, and evidentiary display",true
unit_004013,nature_remote_sensing_review_0065,Nature Communications,2026,figure_or_table_comment,minor,figure evidence,"Figures, extended data, and evidentiary display",true
unit_004014,nature_remote_sensing_review_0065,Nature Communications,2026,figure_or_table_comment,minor,"product validity, figure evidence","Spatial data, resolution, and product coverage",true
unit_004015,nature_remote_sensing_review_0065,Nature Communications,2026,moderate_concern,moderate,"product validity, methodological support","Methods, results, discussion structure, and explanatory clarity",true
unit_004016,nature_remote_sensing_review_0065,Nature Communications,2026,major_concern,major,model performance,"Spatial data, resolution, and product coverage",true
unit_004017,nature_remote_sensing_review_0065,Nature Communications,2026,moderate_concern,moderate,manuscript claim or supporting evidence,"Spatial data, resolution, and product coverage",true
unit_004018,nature_remote_sensing_review_0065,Nature Communications,2026,moderate_concern,moderate,methodological support,"Figures, extended data, and evidentiary display",true
unit_004019,nature_remote_sensing_review_0065,Nature Communications,2026,contribution_assessment,moderate,"product validity, methodological support","Figures, extended data, and evidentiary display",true
unit_004020,nature_remote_sensing_review_0065,Nature Communications,2026,contribution_assessment,moderate,methodological support,"Methods, results, discussion structure, and explanatory clarity",true
unit_004021,nature_remote_sensing_review_0065,Nature Communications,2026,moderate_concern,moderate,uncertainty claim,"Spatial data, resolution, and product coverage",true
unit_004022,nature_remote_sensing_review_0065,Nature Communications,2026,moderate_concern,moderate,manuscript claim or supporting evidence,"Methods, results, discussion structure, and explanatory clarity",true
unit_004023,nature_remote_sensing_review_0065,Nature Communications,2026,minor_comment,minor,model performance,"Methods, results, discussion structure, and explanatory clarity",true
unit_004024,nature_remote_sensing_review_0065,Nature Communications,2026,moderate_concern,moderate,methodological support,"Methods, results, discussion structure, and explanatory clarity",true
unit_004025,nature_remote_sensing_review_0065,Nature Communications,2026,revision_assessment,major,manuscript claim or supporting evidence,"Concern resolution, code, publication readiness, and reproducibility",true
unit_004026,nature_remote_sensing_review_0065,Nature Communications,2026,revision_assessment,major,"model performance, methodological support","Machine learning, model performance, and generalization",true
unit_004027,nature_remote_sensing_review_0065,Nature Communications,2026,moderate_concern,moderate,manuscript claim or supporting evidence,"Methods, results, discussion structure, and explanatory clarity",true
unit_004028,nature_remote_sensing_review_0065,Nature Communications,2026,moderate_concern,moderate,product validity,"Spatial data, resolution, and product coverage",true
unit_004029,nature_remote_sensing_review_0065,Nature Communications,2026,moderate_concern,moderate,product validity,"Figures, extended data, and evidentiary display",true
unit_004030,nature_remote_sensing_review_0065,Nature Communications,2026,moderate_concern,moderate,manuscript claim or supporting evidence,"Methods, results, discussion structure, and explanatory clarity",true
unit_004031,nature_remote_sensing_review_0065,Nature Communications,2026,moderate_concern,moderate,product validity,"Spatial data, resolution, and product coverage",true
unit_004032,nature_remote_sensing_review_0065,Nature Communications,2026,minor_comment,minor,product validity,"Spatial data, resolution, and product coverage",true
unit_004033,nature_remote_sensing_review_0065,Nature Communications,2026,major_concern,major,manuscript claim or supporting evidence,"Figures, extended data, and evidentiary display",true
unit_004034,nature_remote_sensing_review_0065,Nature Communications,2026,minor_comment,minor,product validity,"Long-term time series, climate variability, and trend interpretation",true
unit_004035,nature_remote_sensing_review_0065,Nature Communications,2026,moderate_concern,moderate,model performance,"Figures, extended data, and evidentiary display",true
unit_004036,nature_remote_sensing_review_0065,Nature Communications,2026,major_concern,major,product validity,"Figures, extended data, and evidentiary display",true
unit_004037,nature_remote_sensing_review_0065,Nature Communications,2026,minor_comment,minor,global generalization,"Tree cover, land cover, land-use change, and mapping definitions",true
unit_004038,nature_remote_sensing_review_0065,Nature Communications,2026,moderate_concern,moderate,manuscript claim or supporting evidence,"Methods, results, discussion structure, and explanatory clarity",true
unit_004039,nature_remote_sensing_review_0065,Nature Communications,2026,contribution_assessment,minor,product validity,"Remote-sensing context, citation positioning, and prior work",true
unit_004040,nature_remote_sensing_review_0065,Nature Communications,2026,moderate_concern,moderate,global generalization,"Figures, extended data, and evidentiary display",true
unit_004041,nature_remote_sensing_review_0065,Nature Communications,2026,moderate_concern,moderate,manuscript claim or supporting evidence,"Figures, extended data, and evidentiary display",true
unit_004042,nature_remote_sensing_review_0065,Nature Communications,2026,major_concern,major,product validity,"Spatial data, resolution, and product coverage",true
unit_004043,nature_remote_sensing_review_0065,Nature Communications,2026,minor_comment,minor,methodological support,"Spatial data, resolution, and product coverage",true
unit_004044,nature_remote_sensing_review_0065,Nature Communications,2026,minor_comment,minor,manuscript claim or supporting evidence,"Methods, results, discussion structure, and explanatory clarity",true
unit_004045,nature_remote_sensing_review_0065,Nature Communications,2026,moderate_concern,moderate,product validity,"Methods, results, discussion structure, and explanatory clarity",true
unit_004046,nature_remote_sensing_review_0065,Nature Communications,2026,moderate_concern,moderate,manuscript claim or supporting evidence,"Methods, results, discussion structure, and explanatory clarity",true
unit_004047,nature_remote_sensing_review_0065,Nature Communications,2026,contribution_assessment,moderate,product validity,"Figures, extended data, and evidentiary display",true
unit_004048,nature_remote_sensing_review_0065,Nature Communications,2026,moderate_concern,moderate,manuscript claim or supporting evidence,"Figures, extended data, and evidentiary display",true
unit_004049,nature_remote_sensing_review_0065,Nature Communications,2026,figure_or_table_comment,minor,"model performance, figure evidence","Spatial data, resolution, and product coverage",true
unit_004050,nature_remote_sensing_review_0065,Nature Communications,2026,moderate_concern,moderate,manuscript claim or supporting evidence,"Spatial data, resolution, and product coverage",true
unit_004051,nature_remote_sensing_review_0065,Nature Communications,2026,moderate_concern,moderate,manuscript claim or supporting evidence,"Methods, results, discussion structure, and explanatory clarity",true
unit_004052,nature_remote_sensing_review_0065,Nature Communications,2026,moderate_concern,moderate,model performance,"Figures, extended data, and evidentiary display",true
unit_004053,nature_remote_sensing_review_0065,Nature Communications,2026,contribution_assessment,major,methodological support,"Methods, results, discussion structure, and explanatory clarity",true
unit_004054,nature_remote_sensing_review_0065,Nature Communications,2026,revision_assessment,moderate,manuscript claim or supporting evidence,"Figures, extended data, and evidentiary display",true
unit_004055,nature_remote_sensing_review_0066,Nature Communications,2026,contribution_assessment,major,model performance,"Long-term time series, climate variability, and trend interpretation",true
unit_004056,nature_remote_sensing_review_0066,Nature Communications,2026,contribution_assessment,moderate,"trend interpretation, product validity, uncertainty claim","Long-term time series, climate variability, and trend interpretation",true
unit_004057,nature_remote_sensing_review_0066,Nature Communications,2026,moderate_concern,moderate,manuscript claim or supporting evidence,"Concern resolution, code, publication readiness, and reproducibility",true
unit_004058,nature_remote_sensing_review_0066,Nature Communications,2026,contribution_assessment,moderate,"novelty claim, table evidence","Figures, extended data, and evidentiary display",true
unit_004059,nature_remote_sensing_review_0066,Nature Communications,2026,moderate_concern,moderate,causal or attribution claim,"Methods, results, discussion structure, and explanatory clarity",true
unit_004060,nature_remote_sensing_review_0066,Nature Communications,2026,revision_assessment,moderate,manuscript claim or supporting evidence,"Concern resolution, code, publication readiness, and reproducibility",true
unit_004061,nature_remote_sensing_review_0066,Nature Communications,2026,contribution_assessment,minor,manuscript claim or supporting evidence,"Methods, results, discussion structure, and explanatory clarity",true
unit_004062,nature_remote_sensing_review_0066,Nature Communications,2026,contribution_assessment,minor,manuscript claim or supporting evidence,"Figures, extended data, and evidentiary display",true
unit_004063,nature_remote_sensing_review_0066,Nature Communications,2026,minor_comment,minor,manuscript claim or supporting evidence,"Methods, results, discussion structure, and explanatory clarity",true
unit_004064,nature_remote_sensing_review_0066,Nature Communications,2026,moderate_concern,moderate,manuscript claim or supporting evidence,"Methods, results, discussion structure, and explanatory clarity",true
unit_004065,nature_remote_sensing_review_0066,Nature Communications,2026,moderate_concern,moderate,causal or attribution claim,"Methods, results, discussion structure, and explanatory clarity",true
unit_004066,nature_remote_sensing_review_0066,Nature Communications,2026,moderate_concern,moderate,manuscript claim or supporting evidence,"Methods, results, discussion structure, and explanatory clarity",true
unit_004067,nature_remote_sensing_review_0066,Nature Communications,2026,moderate_concern,moderate,manuscript claim or supporting evidence,"Methods, results, discussion structure, and explanatory clarity",true
unit_004068,nature_remote_sensing_review_0066,Nature Communications,2026,minor_comment,minor,manuscript claim or supporting evidence,"Methods, results, discussion structure, and explanatory clarity",true
unit_004069,nature_remote_sensing_review_0066,Nature Communications,2026,moderate_concern,moderate,manuscript claim or supporting evidence,"Long-term time series, climate variability, and trend interpretation",true
unit_004070,nature_remote_sensing_review_0066,Nature Communications,2026,revision_assessment,minor,manuscript claim or supporting evidence,"Methods, results, discussion structure, and explanatory clarity",true
unit_004071,nature_remote_sensing_review_0066,Nature Communications,2026,contribution_assessment,moderate,manuscript claim or supporting evidence,"Methods, results, discussion structure, and explanatory clarity",true
unit_004072,nature_remote_sensing_review_0066,Nature Communications,2026,moderate_concern,moderate,manuscript claim or supporting evidence,"Spatial data, resolution, and product coverage",true
unit_004073,nature_remote_sensing_review_0066,Nature Communications,2026,minor_comment,minor,manuscript claim or supporting evidence,"Long-term time series, climate variability, and trend interpretation",true
unit_004074,nature_remote_sensing_review_0066,Nature Communications,2026,moderate_concern,moderate,manuscript claim or supporting evidence,"Methods, results, discussion structure, and explanatory clarity",true
unit_004075,nature_remote_sensing_review_0066,Nature Communications,2026,figure_or_table_comment,minor,figure evidence,"Figures, extended data, and evidentiary display",true
unit_004076,nature_remote_sensing_review_0066,Nature Communications,2026,contribution_assessment,moderate,"novelty claim, table evidence","Figures, extended data, and evidentiary display",true
unit_004077,nature_remote_sensing_review_0066,Nature Communications,2026,contribution_assessment,moderate,product validity,"Remote-sensing context, citation positioning, and prior work",true
unit_004078,nature_remote_sensing_review_0066,Nature Communications,2026,minor_comment,minor,causal or attribution claim,"Methods, results, discussion structure, and explanatory clarity",true
unit_004079,nature_remote_sensing_review_0066,Nature Communications,2026,minor_comment,minor,manuscript claim or supporting evidence,"Spatial data, resolution, and product coverage",true
unit_004080,nature_remote_sensing_review_0066,Nature Communications,2026,contribution_assessment,minor,manuscript claim or supporting evidence,"Machine learning, model performance, and generalization",true
unit_004081,nature_remote_sensing_review_0066,Nature Communications,2026,revision_assessment,moderate,table evidence,"Figures, extended data, and evidentiary display",true
unit_004082,nature_remote_sensing_review_0066,Nature Communications,2026,moderate_concern,moderate,manuscript claim or supporting evidence,"Concern resolution, code, publication readiness, and reproducibility",true
unit_004083,nature_remote_sensing_review_0066,Nature Communications,2026,contribution_assessment,moderate,manuscript claim or supporting evidence,"Remote-sensing context, citation positioning, and prior work",true
unit_004084,nature_remote_sensing_review_0066,Nature Communications,2026,minor_comment,minor,manuscript claim or supporting evidence,"Spatial data, resolution, and product coverage",true
unit_004085,nature_remote_sensing_review_0066,Nature Communications,2026,contribution_assessment,minor,manuscript claim or supporting evidence,"Machine learning, model performance, and generalization",true
unit_004086,nature_remote_sensing_review_0066,Nature Communications,2026,contribution_assessment,minor,causal or attribution claim,"Methods, results, discussion structure, and explanatory clarity",true
unit_004087,nature_remote_sensing_review_0066,Nature Communications,2026,contribution_assessment,minor,causal or attribution claim,"Concern resolution, code, publication readiness, and reproducibility",true
unit_004088,nature_remote_sensing_review_0066,Nature Communications,2026,revision_assessment,moderate,manuscript claim or supporting evidence,"Concern resolution, code, publication readiness, and reproducibility",true
unit_004089,nature_remote_sensing_review_0066,Nature Communications,2026,contribution_assessment,moderate,manuscript claim or supporting evidence,"Concern resolution, code, publication readiness, and reproducibility",true
unit_004090,nature_remote_sensing_review_0067,Nature Communications,2026,contribution_assessment,moderate,methodological support,"Methods, results, discussion structure, and explanatory clarity",true
unit_004091,nature_remote_sensing_review_0067,Nature Communications,2026,moderate_concern,moderate,manuscript claim or supporting evidence,"Methods, results, discussion structure, and explanatory clarity",true
unit_004092,nature_remote_sensing_review_0067,Nature Communications,2026,moderate_concern,moderate,model performance,"Methods, results, discussion structure, and explanatory clarity",true
unit_004093,nature_remote_sensing_review_0067,Nature Communications,2026,revision_assessment,moderate,manuscript claim or supporting evidence,"Concern resolution, code, publication readiness, and reproducibility",true
unit_004094,nature_remote_sensing_review_0067,Nature Communications,2026,moderate_concern,moderate,manuscript claim or supporting evidence,"Emission, source attribution, and plume-like inference",true
unit_004095,nature_remote_sensing_review_0067,Nature Communications,2026,moderate_concern,moderate,model performance,"Methods, results, discussion structure, and explanatory clarity",true
unit_004096,nature_remote_sensing_review_0067,Nature Communications,2026,minor_comment,minor,model performance,"Emission, source attribution, and plume-like inference",true
unit_004097,nature_remote_sensing_review_0067,Nature Communications,2026,moderate_concern,moderate,methodological support,"Methods, results, discussion structure, and explanatory clarity",true
unit_004098,nature_remote_sensing_review_0067,Nature Communications,2026,moderate_concern,moderate,manuscript claim or supporting evidence,"Methods, results, discussion structure, and explanatory clarity",true
unit_004099,nature_remote_sensing_review_0067,Nature Communications,2026,contribution_assessment,moderate,manuscript claim or supporting evidence,"Methods, results, discussion structure, and explanatory clarity",true
unit_004100,nature_remote_sensing_review_0067,Nature Communications,2026,moderate_concern,moderate,manuscript claim or supporting evidence,"Emission, source attribution, and plume-like inference",true
unit_004101,nature_remote_sensing_review_0067,Nature Communications,2026,moderate_concern,moderate,manuscript claim or supporting evidence,"Emission, source attribution, and plume-like inference",true
unit_004102,nature_remote_sensing_review_0067,Nature Communications,2026,major_concern,major,manuscript claim or supporting evidence,"Methods, results, discussion structure, and explanatory clarity",true
unit_004103,nature_remote_sensing_review_0067,Nature Communications,2026,moderate_concern,moderate,model performance,"Methods, results, discussion structure, and explanatory clarity",true
unit_004104,nature_remote_sensing_review_0067,Nature Communications,2026,figure_or_table_comment,moderate,"figure evidence, table evidence","Figures, extended data, and evidentiary display",true
unit_004105,nature_remote_sensing_review_0067,Nature Communications,2026,moderate_concern,moderate,figure evidence,"Remote-sensing context, citation positioning, and prior work",true
unit_004106,nature_remote_sensing_review_0067,Nature Communications,2026,minor_comment,minor,model performance,"Methods, results, discussion structure, and explanatory clarity",true
unit_004107,nature_remote_sensing_review_0067,Nature Communications,2026,minor_comment,minor,model performance,"Emission, source attribution, and plume-like inference",true
unit_004108,nature_remote_sensing_review_0067,Nature Communications,2026,moderate_concern,moderate,model performance,"Methods, results, discussion structure, and explanatory clarity",true
unit_004109,nature_remote_sensing_review_0067,Nature Communications,2026,contribution_assessment,moderate,model performance,"Remote-sensing context, citation positioning, and prior work",true
unit_004110,nature_remote_sensing_review_0067,Nature Communications,2026,moderate_concern,moderate,manuscript claim or supporting evidence,"Methods, results, discussion structure, and explanatory clarity",true
unit_004111,nature_remote_sensing_review_0067,Nature Communications,2026,contribution_assessment,minor,manuscript claim or supporting evidence,"Methods, results, discussion structure, and explanatory clarity",true
unit_004112,nature_remote_sensing_review_0067,Nature Communications,2026,contribution_assessment,moderate,model performance,"Methods, results, discussion structure, and explanatory clarity",true
unit_004113,nature_remote_sensing_review_0067,Nature Communications,2026,minor_comment,minor,model performance,"Emission, source attribution, and plume-like inference",true
unit_004114,nature_remote_sensing_review_0067,Nature Communications,2026,moderate_concern,moderate,table evidence,"Figures, extended data, and evidentiary display",true
unit_004115,nature_remote_sensing_review_0067,Nature Communications,2026,moderate_concern,moderate,manuscript claim or supporting evidence,"Methods, results, discussion structure, and explanatory clarity",true
unit_004116,nature_remote_sensing_review_0067,Nature Communications,2026,figure_or_table_comment,moderate,"model performance, figure evidence","Figures, extended data, and evidentiary display",true
unit_004117,nature_remote_sensing_review_0067,Nature Communications,2026,line_comment,moderate,manuscript claim or supporting evidence,"Methods, results, discussion structure, and explanatory clarity",true
unit_004118,nature_remote_sensing_review_0067,Nature Communications,2026,line_comment,minor,manuscript claim or supporting evidence,"Remote-sensing context, citation positioning, and prior work",true
unit_004119,nature_remote_sensing_review_0067,Nature Communications,2026,moderate_concern,moderate,model performance,"Emission, source attribution, and plume-like inference",true
unit_004120,nature_remote_sensing_review_0067,Nature Communications,2026,moderate_concern,moderate,manuscript claim or supporting evidence,"Emission, source attribution, and plume-like inference",true
unit_004121,nature_remote_sensing_review_0067,Nature Communications,2026,moderate_concern,moderate,manuscript claim or supporting evidence,"Emission, source attribution, and plume-like inference",true
unit_004122,nature_remote_sensing_review_0067,Nature Communications,2026,moderate_concern,moderate,manuscript claim or supporting evidence,"Emission, source attribution, and plume-like inference",true
unit_004123,nature_remote_sensing_review_0067,Nature Communications,2026,contribution_assessment,minor,model performance,"Methods, results, discussion structure, and explanatory clarity",true
unit_004124,nature_remote_sensing_review_0067,Nature Communications,2026,contribution_assessment,minor,methodological support,"Methods, results, discussion structure, and explanatory clarity",true
unit_004125,nature_remote_sensing_review_0067,Nature Communications,2026,moderate_concern,moderate,manuscript claim or supporting evidence,"Emission, source attribution, and plume-like inference",true
unit_004126,nature_remote_sensing_review_0067,Nature Communications,2026,moderate_concern,moderate,manuscript claim or supporting evidence,"Methods, results, discussion structure, and explanatory clarity",true
unit_004127,nature_remote_sensing_review_0067,Nature Communications,2026,line_comment,moderate,manuscript claim or supporting evidence,"Remote-sensing context, citation positioning, and prior work",true
unit_004128,nature_remote_sensing_review_0067,Nature Communications,2026,line_comment,moderate,manuscript claim or supporting evidence,"Methods, results, discussion structure, and explanatory clarity",true
unit_004129,nature_remote_sensing_review_0067,Nature Communications,2026,figure_or_table_comment,minor,"figure evidence, methodological support","Figures, extended data, and evidentiary display",true
unit_004130,nature_remote_sensing_review_0067,Nature Communications,2026,line_comment,moderate,manuscript claim or supporting evidence,"Emission, source attribution, and plume-like inference",true
unit_004131,nature_remote_sensing_review_0067,Nature Communications,2026,line_comment,moderate,manuscript claim or supporting evidence,"Emission, source attribution, and plume-like inference",true
unit_004132,nature_remote_sensing_review_0067,Nature Communications,2026,line_comment,moderate,manuscript claim or supporting evidence,"Methods, results, discussion structure, and explanatory clarity",true
unit_004133,nature_remote_sensing_review_0067,Nature Communications,2026,moderate_concern,moderate,"model performance, table evidence","Figures, extended data, and evidentiary display",true
unit_004134,nature_remote_sensing_review_0067,Nature Communications,2026,figure_or_table_comment,minor,"figure evidence, table evidence","Figures, extended data, and evidentiary display",true
unit_004135,nature_remote_sensing_review_0067,Nature Communications,2026,line_comment,moderate,manuscript claim or supporting evidence,"Methods, results, discussion structure, and explanatory clarity",true
unit_004136,nature_remote_sensing_review_0067,Nature Communications,2026,line_comment,moderate,manuscript claim or supporting evidence,"Methods, results, discussion structure, and explanatory clarity",true
unit_004137,nature_remote_sensing_review_0067,Nature Communications,2026,line_comment,moderate,manuscript claim or supporting evidence,"Methods, results, discussion structure, and explanatory clarity",true
unit_004138,nature_remote_sensing_review_0067,Nature Communications,2026,line_comment,moderate,manuscript claim or supporting evidence,"Methods, results, discussion structure, and explanatory clarity",true
unit_004139,nature_remote_sensing_review_0067,Nature Communications,2026,line_comment,moderate,manuscript claim or supporting evidence,"Methods, results, discussion structure, and explanatory clarity",true
unit_004140,nature_remote_sensing_review_0067,Nature Communications,2026,line_comment,moderate,manuscript claim or supporting evidence,"Methods, results, discussion structure, and explanatory clarity",true
unit_004141,nature_remote_sensing_review_0067,Nature Communications,2026,line_comment,moderate,manuscript claim or supporting evidence,"Methods, results, discussion structure, and explanatory clarity",true
unit_004142,nature_remote_sensing_review_0067,Nature Communications,2026,line_comment,moderate,manuscript claim or supporting evidence,"Methods, results, discussion structure, and explanatory clarity",true
unit_004143,nature_remote_sensing_review_0067,Nature Communications,2026,line_comment,moderate,manuscript claim or supporting evidence,"Methods, results, discussion structure, and explanatory clarity",true
unit_004144,nature_remote_sensing_review_0067,Nature Communications,2026,line_comment,moderate,manuscript claim or supporting evidence,"Methods, results, discussion structure, and explanatory clarity",true
unit_004145,nature_remote_sensing_review_0067,Nature Communications,2026,line_comment,moderate,manuscript claim or supporting evidence,"Methods, results, discussion structure, and explanatory clarity",true
unit_004146,nature_remote_sensing_review_0067,Nature Communications,2026,line_comment,moderate,"uncertainty claim, methodological support","Methods, results, discussion structure, and explanatory clarity",true
unit_004147,nature_remote_sensing_review_0067,Nature Communications,2026,line_comment,moderate,manuscript claim or supporting evidence,"Remote-sensing context, citation positioning, and prior work",true
unit_004148,nature_remote_sensing_review_0067,Nature Communications,2026,moderate_concern,moderate,manuscript claim or supporting evidence,"Emission, source attribution, and plume-like inference",true
unit_004149,nature_remote_sensing_review_0067,Nature Communications,2026,moderate_concern,moderate,manuscript claim or supporting evidence,"Emission, source attribution, and plume-like inference",true
unit_004150,nature_remote_sensing_review_0067,Nature Communications,2026,revision_assessment,moderate,manuscript claim or supporting evidence,"Methods, results, discussion structure, and explanatory clarity",true
unit_004151,nature_remote_sensing_review_0067,Nature Communications,2026,moderate_concern,moderate,model performance,"Methods, results, discussion structure, and explanatory clarity",true
unit_004152,nature_remote_sensing_review_0067,Nature Communications,2026,figure_or_table_comment,minor,figure evidence,"Figures, extended data, and evidentiary display",true
unit_004153,nature_remote_sensing_review_0068,Nature Communications,2026,moderate_concern,moderate,causal or attribution claim,"Sea level, vertical land motion, InSAR, and coastal elevation change",true
unit_004154,nature_remote_sensing_review_0068,Nature Communications,2026,moderate_concern,moderate,manuscript claim or supporting evidence,"Sea level, vertical land motion, InSAR, and coastal elevation change",true
unit_004155,nature_remote_sensing_review_0068,Nature Communications,2026,revision_assessment,moderate,manuscript claim or supporting evidence,"Concern resolution, code, publication readiness, and reproducibility",true
unit_004156,nature_remote_sensing_review_0068,Nature Communications,2026,figure_or_table_comment,moderate,"trend interpretation, figure evidence","Long-term time series, climate variability, and trend interpretation",true
unit_004157,nature_remote_sensing_review_0068,Nature Communications,2026,figure_or_table_comment,moderate,"uncertainty claim, table evidence","Figures, extended data, and evidentiary display",true
unit_004158,nature_remote_sensing_review_0068,Nature Communications,2026,moderate_concern,moderate,manuscript claim or supporting evidence,"Methods, results, discussion structure, and explanatory clarity",true
unit_004159,nature_remote_sensing_review_0068,Nature Communications,2026,moderate_concern,moderate,trend interpretation,"Long-term time series, climate variability, and trend interpretation",true
unit_004160,nature_remote_sensing_review_0068,Nature Communications,2026,contribution_assessment,moderate,model performance,"Figures, extended data, and evidentiary display",true
unit_004161,nature_remote_sensing_review_0068,Nature Communications,2026,moderate_concern,moderate,model performance,"Sea level, vertical land motion, InSAR, and coastal elevation change",true
unit_004162,nature_remote_sensing_review_0068,Nature Communications,2026,moderate_concern,moderate,manuscript claim or supporting evidence,"Methods, results, discussion structure, and explanatory clarity",true
unit_004163,nature_remote_sensing_review_0068,Nature Communications,2026,moderate_concern,moderate,manuscript claim or supporting evidence,"Spatial data, resolution, and product coverage",true
unit_004164,nature_remote_sensing_review_0068,Nature Communications,2026,moderate_concern,moderate,uncertainty claim,"Methods, results, discussion structure, and explanatory clarity",true
unit_004165,nature_remote_sensing_review_0068,Nature Communications,2026,contribution_assessment,moderate,global generalization,"Methods, results, discussion structure, and explanatory clarity",true
unit_004166,nature_remote_sensing_review_0068,Nature Communications,2026,contribution_assessment,moderate,causal or attribution claim,"Methods, results, discussion structure, and explanatory clarity",true
unit_004167,nature_remote_sensing_review_0068,Nature Communications,2026,moderate_concern,moderate,methodological support,"Spatial data, resolution, and product coverage",true
unit_004168,nature_remote_sensing_review_0068,Nature Communications,2026,moderate_concern,moderate,methodological support,"Spatial data, resolution, and product coverage",true
unit_004169,nature_remote_sensing_review_0068,Nature Communications,2026,contribution_assessment,moderate,"causal or attribution claim, methodological support","Spatial data, resolution, and product coverage",true
unit_004170,nature_remote_sensing_review_0068,Nature Communications,2026,contribution_assessment,moderate,"global generalization, uncertainty claim","Spatial data, resolution, and product coverage",true
unit_004171,nature_remote_sensing_review_0068,Nature Communications,2026,line_comment,moderate,manuscript claim or supporting evidence,"Spatial data, resolution, and product coverage",true
unit_004172,nature_remote_sensing_review_0068,Nature Communications,2026,moderate_concern,moderate,product validity,"Spatial data, resolution, and product coverage",true
unit_004173,nature_remote_sensing_review_0068,Nature Communications,2026,contribution_assessment,moderate,manuscript claim or supporting evidence,"River, water storage, sediment, tidal, and hydraulic interpretation",true
unit_004174,nature_remote_sensing_review_0068,Nature Communications,2026,line_comment,minor,methodological support,"Figures, extended data, and evidentiary display",true
unit_004175,nature_remote_sensing_review_0068,Nature Communications,2026,line_comment,moderate,manuscript claim or supporting evidence,"Methods, results, discussion structure, and explanatory clarity",true
unit_004176,nature_remote_sensing_review_0068,Nature Communications,2026,line_comment,moderate,manuscript claim or supporting evidence,"Methods, results, discussion structure, and explanatory clarity",true
unit_004177,nature_remote_sensing_review_0068,Nature Communications,2026,moderate_concern,moderate,uncertainty claim,"Spatial data, resolution, and product coverage",true
unit_004178,nature_remote_sensing_review_0068,Nature Communications,2026,contribution_assessment,minor,manuscript claim or supporting evidence,"Spatial data, resolution, and product coverage",true
unit_004179,nature_remote_sensing_review_0068,Nature Communications,2026,figure_or_table_comment,moderate,"uncertainty claim, figure evidence","Figures, extended data, and evidentiary display",true
unit_004180,nature_remote_sensing_review_0068,Nature Communications,2026,moderate_concern,moderate,trend interpretation,"Long-term time series, climate variability, and trend interpretation",true
unit_004181,nature_remote_sensing_review_0068,Nature Communications,2026,line_comment,minor,manuscript claim or supporting evidence,"Methods, results, discussion structure, and explanatory clarity",true
unit_004182,nature_remote_sensing_review_0068,Nature Communications,2026,figure_or_table_comment,moderate,figure evidence,"Figures, extended data, and evidentiary display",true
unit_004183,nature_remote_sensing_review_0068,Nature Communications,2026,line_comment,minor,manuscript claim or supporting evidence,"Remote-sensing context, citation positioning, and prior work",true
unit_004184,nature_remote_sensing_review_0068,Nature Communications,2026,figure_or_table_comment,moderate,manuscript claim or supporting evidence,"Figures, extended data, and evidentiary display",true
unit_004185,nature_remote_sensing_review_0068,Nature Communications,2026,moderate_concern,moderate,"global generalization, model performance","Sea level, vertical land motion, InSAR, and coastal elevation change",true
unit_004186,nature_remote_sensing_review_0068,Nature Communications,2026,contribution_assessment,moderate,model performance,"Sea level, vertical land motion, InSAR, and coastal elevation change",true
unit_004187,nature_remote_sensing_review_0068,Nature Communications,2026,figure_or_table_comment,moderate,"trend interpretation, table evidence","Long-term time series, climate variability, and trend interpretation",true
unit_004188,nature_remote_sensing_review_0068,Nature Communications,2026,moderate_concern,moderate,causal or attribution claim,"Sea level, vertical land motion, InSAR, and coastal elevation change",true
unit_004189,nature_remote_sensing_review_0068,Nature Communications,2026,minor_comment,minor,manuscript claim or supporting evidence,"Sea level, vertical land motion, InSAR, and coastal elevation change",true
unit_004190,nature_remote_sensing_review_0068,Nature Communications,2026,major_concern,major,global generalization,"Spatial data, resolution, and product coverage",true
unit_004191,nature_remote_sensing_review_0068,Nature Communications,2026,line_comment,minor,manuscript claim or supporting evidence,"Sea level, vertical land motion, InSAR, and coastal elevation change",true
unit_004192,nature_remote_sensing_review_0068,Nature Communications,2026,contribution_assessment,moderate,"trend interpretation, methodological support","Long-term time series, climate variability, and trend interpretation",true
unit_004193,nature_remote_sensing_review_0068,Nature Communications,2026,moderate_concern,moderate,manuscript claim or supporting evidence,"Methods, results, discussion structure, and explanatory clarity",true
unit_004194,nature_remote_sensing_review_0068,Nature Communications,2026,moderate_concern,moderate,manuscript claim or supporting evidence,"Remote-sensing context, citation positioning, and prior work",true
unit_004195,nature_remote_sensing_review_0068,Nature Communications,2026,moderate_concern,moderate,manuscript claim or supporting evidence,"Remote-sensing context, citation positioning, and prior work",true
unit_004196,nature_remote_sensing_review_0068,Nature Communications,2026,moderate_concern,moderate,manuscript claim or supporting evidence,"Methods, results, discussion structure, and explanatory clarity",true
unit_004197,nature_remote_sensing_review_0068,Nature Communications,2026,moderate_concern,moderate,manuscript claim or supporting evidence,"Remote-sensing context, citation positioning, and prior work",true
unit_004198,nature_remote_sensing_review_0068,Nature Communications,2026,figure_or_table_comment,minor,figure evidence,"Figures, extended data, and evidentiary display",true
unit_004199,nature_remote_sensing_review_0068,Nature Communications,2026,figure_or_table_comment,moderate,figure evidence,"Figures, extended data, and evidentiary display",true
unit_004200,nature_remote_sensing_review_0068,Nature Communications,2026,figure_or_table_comment,moderate,figure evidence,"Spatial data, resolution, and product coverage",true
unit_004201,nature_remote_sensing_review_0068,Nature Communications,2026,figure_or_table_comment,moderate,figure evidence,"Figures, extended data, and evidentiary display",true
unit_004202,nature_remote_sensing_review_0068,Nature Communications,2026,moderate_concern,moderate,manuscript claim or supporting evidence,"Remote-sensing context, citation positioning, and prior work",true
unit_004203,nature_remote_sensing_review_0068,Nature Communications,2026,moderate_concern,moderate,methodological support,"Spatial data, resolution, and product coverage",true
unit_004204,nature_remote_sensing_review_0068,Nature Communications,2026,figure_or_table_comment,moderate,figure evidence,"Figures, extended data, and evidentiary display",true
unit_004205,nature_remote_sensing_review_0068,Nature Communications,2026,figure_or_table_comment,moderate,figure evidence,"Figures, extended data, and evidentiary display",true
unit_004206,nature_remote_sensing_review_0068,Nature Communications,2026,moderate_concern,moderate,manuscript claim or supporting evidence,"Methods, results, discussion structure, and explanatory clarity",true
unit_004207,nature_remote_sensing_review_0068,Nature Communications,2026,figure_or_table_comment,moderate,figure evidence,"Figures, extended data, and evidentiary display",true
unit_004208,nature_remote_sensing_review_0068,Nature Communications,2026,contribution_assessment,major,manuscript claim or supporting evidence,"Spatial data, resolution, and product coverage",true
unit_004209,nature_remote_sensing_review_0068,Nature Communications,2026,moderate_concern,moderate,manuscript claim or supporting evidence,"Methods, results, discussion structure, and explanatory clarity",true
unit_004210,nature_remote_sensing_review_0068,Nature Communications,2026,moderate_concern,moderate,manuscript claim or supporting evidence,"Methods, results, discussion structure, and explanatory clarity",true
unit_004211,nature_remote_sensing_review_0068,Nature Communications,2026,moderate_concern,moderate,manuscript claim or supporting evidence,"Methods, results, discussion structure, and explanatory clarity",true
unit_004212,nature_remote_sensing_review_0068,Nature Communications,2026,moderate_concern,moderate,global generalization,"Figures, extended data, and evidentiary display",true
unit_004213,nature_remote_sensing_review_0068,Nature Communications,2026,moderate_concern,moderate,manuscript claim or supporting evidence,"Methods, results, discussion structure, and explanatory clarity",true
unit_004214,nature_remote_sensing_review_0068,Nature Communications,2026,moderate_concern,moderate,manuscript claim or supporting evidence,"Methods, results, discussion structure, and explanatory clarity",true
unit_004215,nature_remote_sensing_review_0069,Nature Communications,2026,revision_assessment,moderate,"global generalization, model performance","Spatial data, resolution, and product coverage",true
unit_004216,nature_remote_sensing_review_0069,Nature Communications,2026,contribution_assessment,minor,manuscript claim or supporting evidence,"Emission, source attribution, and plume-like inference",true
unit_004217,nature_remote_sensing_review_0069,Nature Communications,2026,line_comment,minor,manuscript claim or supporting evidence,"River, water storage, sediment, tidal, and hydraulic interpretation",true
unit_004218,nature_remote_sensing_review_0069,Nature Communications,2026,line_comment,moderate,manuscript claim or supporting evidence,"Emission, source attribution, and plume-like inference",true
unit_004219,nature_remote_sensing_review_0069,Nature Communications,2026,line_comment,moderate,table evidence,"Figures, extended data, and evidentiary display",true
unit_004220,nature_remote_sensing_review_0069,Nature Communications,2026,moderate_concern,moderate,"trend interpretation, global generalization","Long-term time series, climate variability, and trend interpretation",true
unit_004221,nature_remote_sensing_review_0069,Nature Communications,2026,revision_assessment,moderate,manuscript claim or supporting evidence,"Methods, results, discussion structure, and explanatory clarity",true
unit_004222,nature_remote_sensing_review_0069,Nature Communications,2026,moderate_concern,moderate,manuscript claim or supporting evidence,"Long-term time series, climate variability, and trend interpretation",true
unit_004223,nature_remote_sensing_review_0069,Nature Communications,2026,moderate_concern,moderate,manuscript claim or supporting evidence,"Methods, results, discussion structure, and explanatory clarity",true
unit_004224,nature_remote_sensing_review_0070,Nature Communications,2026,moderate_concern,moderate,manuscript claim or supporting evidence,"Machine learning, model performance, and generalization",true
unit_004225,nature_remote_sensing_review_0070,Nature Communications,2026,contribution_assessment,moderate,"novelty claim, model performance, methodological support","Remote-sensing context, citation positioning, and prior work",true
unit_004226,nature_remote_sensing_review_0070,Nature Communications,2026,figure_or_table_comment,minor,"figure evidence, table evidence, methodological support","Figures, extended data, and evidentiary display",true
unit_004227,nature_remote_sensing_review_0070,Nature Communications,2026,minor_comment,minor,methodological support,"Figures, extended data, and evidentiary display",true
unit_004228,nature_remote_sensing_review_0070,Nature Communications,2026,contribution_assessment,minor,"global generalization, methodological support","Methods, results, discussion structure, and explanatory clarity",true
unit_004229,nature_remote_sensing_review_0070,Nature Communications,2026,contribution_assessment,minor,manuscript claim or supporting evidence,"Methods, results, discussion structure, and explanatory clarity",true
unit_004230,nature_remote_sensing_review_0070,Nature Communications,2026,contribution_assessment,moderate,manuscript claim or supporting evidence,"Methods, results, discussion structure, and explanatory clarity",true
unit_004231,nature_remote_sensing_review_0070,Nature Communications,2026,moderate_concern,moderate,manuscript claim or supporting evidence,"Methods, results, discussion structure, and explanatory clarity",true
unit_004232,nature_remote_sensing_review_0070,Nature Communications,2026,figure_or_table_comment,moderate,figure evidence,"Spatial data, resolution, and product coverage",true
unit_004233,nature_remote_sensing_review_0070,Nature Communications,2026,minor_comment,minor,manuscript claim or supporting evidence,"Methods, results, discussion structure, and explanatory clarity",true
unit_004234,nature_remote_sensing_review_0070,Nature Communications,2026,moderate_concern,moderate,manuscript claim or supporting evidence,"Spatial data, resolution, and product coverage",true
unit_004235,nature_remote_sensing_review_0070,Nature Communications,2026,minor_comment,minor,manuscript claim or supporting evidence,"Concern resolution, code, publication readiness, and reproducibility",true
unit_004236,nature_remote_sensing_review_0070,Nature Communications,2026,moderate_concern,moderate,"trend interpretation, product validity","Long-term time series, climate variability, and trend interpretation",true
unit_004237,nature_remote_sensing_review_0070,Nature Communications,2026,moderate_concern,moderate,manuscript claim or supporting evidence,"Remote-sensing context, citation positioning, and prior work",true
unit_004238,nature_remote_sensing_review_0070,Nature Communications,2026,moderate_concern,moderate,"table evidence, methodological support","Figures, extended data, and evidentiary display",true
unit_004239,nature_remote_sensing_review_0070,Nature Communications,2026,moderate_concern,moderate,"product validity, methodological support","Spatial data, resolution, and product coverage",true
unit_004240,nature_remote_sensing_review_0070,Nature Communications,2026,minor_comment,minor,methodological support,"Methods, results, discussion structure, and explanatory clarity",true
unit_004241,nature_remote_sensing_review_0070,Nature Communications,2026,moderate_concern,moderate,methodological support,"Figures, extended data, and evidentiary display",true
unit_004242,nature_remote_sensing_review_0070,Nature Communications,2026,moderate_concern,moderate,manuscript claim or supporting evidence,"Concern resolution, code, publication readiness, and reproducibility",true
unit_004243,nature_remote_sensing_review_0070,Nature Communications,2026,minor_comment,minor,product validity,"Methods, results, discussion structure, and explanatory clarity",true
unit_004244,nature_remote_sensing_review_0070,Nature Communications,2026,minor_comment,minor,product validity,"Methods, results, discussion structure, and explanatory clarity",true
unit_004245,nature_remote_sensing_review_0070,Nature Communications,2026,minor_comment,minor,product validity,"Methods, results, discussion structure, and explanatory clarity",true
unit_004246,nature_remote_sensing_review_0070,Nature Communications,2026,minor_comment,minor,manuscript claim or supporting evidence,"Figures, extended data, and evidentiary display",true
unit_004247,nature_remote_sensing_review_0070,Nature Communications,2026,minor_comment,minor,manuscript claim or supporting evidence,"Methods, results, discussion structure, and explanatory clarity",true
unit_004248,nature_remote_sensing_review_0070,Nature Communications,2026,moderate_concern,moderate,manuscript claim or supporting evidence,"Long-term time series, climate variability, and trend interpretation",true
unit_004249,nature_remote_sensing_review_0070,Nature Communications,2026,moderate_concern,moderate,manuscript claim or supporting evidence,"Spatial data, resolution, and product coverage",true
unit_004250,nature_remote_sensing_review_0070,Nature Communications,2026,minor_comment,minor,manuscript claim or supporting evidence,"Figures, extended data, and evidentiary display",true
unit_004251,nature_remote_sensing_review_0070,Nature Communications,2026,moderate_concern,moderate,manuscript claim or supporting evidence,"Figures, extended data, and evidentiary display",true
unit_004252,nature_remote_sensing_review_0070,Nature Communications,2026,moderate_concern,moderate,manuscript claim or supporting evidence,"Remote-sensing context, citation positioning, and prior work",true
unit_004253,nature_remote_sensing_review_0070,Nature Communications,2026,figure_or_table_comment,moderate,"figure evidence, table evidence, methodological support","Spatial data, resolution, and product coverage",true
unit_004254,nature_remote_sensing_review_0070,Nature Communications,2026,revision_assessment,minor,table evidence,"Figures, extended data, and evidentiary display",true
unit_004255,nature_remote_sensing_review_0070,Nature Communications,2026,contribution_assessment,minor,methodological support,"Methods, results, discussion structure, and explanatory clarity",true
unit_004256,nature_remote_sensing_review_0070,Nature Communications,2026,contribution_assessment,moderate,manuscript claim or supporting evidence,"Methods, results, discussion structure, and explanatory clarity",true
unit_004257,nature_remote_sensing_review_0070,Nature Communications,2026,contribution_assessment,moderate,methodological support,"Methods, results, discussion structure, and explanatory clarity",true
unit_004258,nature_remote_sensing_review_0070,Nature Communications,2026,revision_assessment,moderate,manuscript claim or supporting evidence,"Concern resolution, code, publication readiness, and reproducibility",true
unit_004259,nature_remote_sensing_review_0070,Nature Communications,2026,moderate_concern,moderate,manuscript claim or supporting evidence,"Machine learning, model performance, and generalization",true
unit_004260,nature_remote_sensing_review_0070,Nature Communications,2026,major_concern,major,manuscript claim or supporting evidence,"Methods, results, discussion structure, and explanatory clarity",true
unit_004261,nature_remote_sensing_review_0070,Nature Communications,2026,contribution_assessment,moderate,methodological support,"Concern resolution, code, publication readiness, and reproducibility",true
unit_004262,nature_remote_sensing_review_0070,Nature Communications,2026,revision_assessment,moderate,manuscript claim or supporting evidence,"Concern resolution, code, publication readiness, and reproducibility",true
unit_004263,nature_remote_sensing_review_0071,Nature Communications,2026,line_comment,moderate,manuscript claim or supporting evidence,"Urban, inter-city, and SDG-impact interpretation",true
unit_004264,nature_remote_sensing_review_0071,Nature Communications,2026,line_comment,moderate,methodological support,"Methods, results, discussion structure, and explanatory clarity",true
unit_004265,nature_remote_sensing_review_0071,Nature Communications,2026,figure_or_table_comment,moderate,"figure evidence, methodological support","Figures, extended data, and evidentiary display",true
unit_004266,nature_remote_sensing_review_0071,Nature Communications,2026,figure_or_table_comment,minor,"causal or attribution claim, figure evidence","Figures, extended data, and evidentiary display",true
unit_004267,nature_remote_sensing_review_0071,Nature Communications,2026,contribution_assessment,moderate,manuscript claim or supporting evidence,"Emission, source attribution, and plume-like inference",true
unit_004268,nature_remote_sensing_review_0071,Nature Communications,2026,moderate_concern,moderate,"global generalization, model performance","Spatial data, resolution, and product coverage",true
unit_004269,nature_remote_sensing_review_0071,Nature Communications,2026,moderate_concern,moderate,"causal or attribution claim, figure evidence","Figures, extended data, and evidentiary display",true
unit_004270,nature_remote_sensing_review_0071,Nature Communications,2026,contribution_assessment,moderate,causal or attribution claim,"Urban, inter-city, and SDG-impact interpretation",true
unit_004271,nature_remote_sensing_review_0071,Nature Communications,2026,moderate_concern,moderate,global generalization,"Spatial data, resolution, and product coverage",true
unit_004272,nature_remote_sensing_review_0071,Nature Communications,2026,contribution_assessment,moderate,manuscript claim or supporting evidence,"Methods, results, discussion structure, and explanatory clarity",true
unit_004273,nature_remote_sensing_review_0071,Nature Communications,2026,moderate_concern,moderate,manuscript claim or supporting evidence,"Spatial data, resolution, and product coverage",true
unit_004274,nature_remote_sensing_review_0071,Nature Communications,2026,moderate_concern,moderate,manuscript claim or supporting evidence,"Urban, inter-city, and SDG-impact interpretation",true
unit_004275,nature_remote_sensing_review_0071,Nature Communications,2026,moderate_concern,moderate,manuscript claim or supporting evidence,"Spatial data, resolution, and product coverage",true
unit_004276,nature_remote_sensing_review_0071,Nature Communications,2026,moderate_concern,moderate,"causal or attribution claim, global generalization","Methods, results, discussion structure, and explanatory clarity",true
unit_004277,nature_remote_sensing_review_0071,Nature Communications,2026,figure_or_table_comment,moderate,figure evidence,"Figures, extended data, and evidentiary display",true
unit_004278,nature_remote_sensing_review_0071,Nature Communications,2026,moderate_concern,moderate,manuscript claim or supporting evidence,"Methods, results, discussion structure, and explanatory clarity",true
unit_004279,nature_remote_sensing_review_0071,Nature Communications,2026,minor_comment,minor,global generalization,"Spatial data, resolution, and product coverage",true
unit_004280,nature_remote_sensing_review_0071,Nature Communications,2026,contribution_assessment,moderate,manuscript claim or supporting evidence,"Methods, results, discussion structure, and explanatory clarity",true
unit_004281,nature_remote_sensing_review_0071,Nature Communications,2026,figure_or_table_comment,minor,figure evidence,"Spatial data, resolution, and product coverage",true
unit_004282,nature_remote_sensing_review_0071,Nature Communications,2026,figure_or_table_comment,moderate,figure evidence,"Figures, extended data, and evidentiary display",true
unit_004283,nature_remote_sensing_review_0071,Nature Communications,2026,figure_or_table_comment,moderate,table evidence,"Spatial data, resolution, and product coverage",true
unit_004284,nature_remote_sensing_review_0071,Nature Communications,2026,minor_comment,minor,"causal or attribution claim, global generalization, methodological support","Spatial data, resolution, and product coverage",true
unit_004285,nature_remote_sensing_review_0071,Nature Communications,2026,moderate_concern,moderate,manuscript claim or supporting evidence,"Methods, results, discussion structure, and explanatory clarity",true
unit_004286,nature_remote_sensing_review_0071,Nature Communications,2026,moderate_concern,moderate,manuscript claim or supporting evidence,"Machine learning, model performance, and generalization",true
unit_004287,nature_remote_sensing_review_0071,Nature Communications,2026,contribution_assessment,moderate,"global generalization, novelty claim, methodological support","Figures, extended data, and evidentiary display",true
unit_004288,nature_remote_sensing_review_0071,Nature Communications,2026,moderate_concern,moderate,model performance,"Remote-sensing context, citation positioning, and prior work",true
unit_004289,nature_remote_sensing_review_0071,Nature Communications,2026,moderate_concern,moderate,methodological support,"Methods, results, discussion structure, and explanatory clarity",true
unit_004290,nature_remote_sensing_review_0071,Nature Communications,2026,line_comment,moderate,"model performance, table evidence","Figures, extended data, and evidentiary display",true
unit_004291,nature_remote_sensing_review_0071,Nature Communications,2026,line_comment,moderate,methodological support,"Methods, results, discussion structure, and explanatory clarity",true
unit_004292,nature_remote_sensing_review_0071,Nature Communications,2026,line_comment,moderate,"model performance, methodological support","Spatial data, resolution, and product coverage",true
unit_004293,nature_remote_sensing_review_0071,Nature Communications,2026,line_comment,moderate,"causal or attribution claim, global generalization, model performance","Spatial data, resolution, and product coverage",true
unit_004294,nature_remote_sensing_review_0071,Nature Communications,2026,line_comment,moderate,manuscript claim or supporting evidence,"Methods, results, discussion structure, and explanatory clarity",true
unit_004295,nature_remote_sensing_review_0071,Nature Communications,2026,line_comment,moderate,manuscript claim or supporting evidence,"Methods, results, discussion structure, and explanatory clarity",true
unit_004296,nature_remote_sensing_review_0071,Nature Communications,2026,contribution_assessment,moderate,methodological support,"Spatial data, resolution, and product coverage",true
unit_004297,nature_remote_sensing_review_0071,Nature Communications,2026,moderate_concern,moderate,manuscript claim or supporting evidence,"Methods, results, discussion structure, and explanatory clarity",true
unit_004298,nature_remote_sensing_review_0071,Nature Communications,2026,moderate_concern,moderate,causal or attribution claim,"Urban, inter-city, and SDG-impact interpretation",true
unit_004299,nature_remote_sensing_review_0071,Nature Communications,2026,moderate_concern,moderate,manuscript claim or supporting evidence,"Methods, results, discussion structure, and explanatory clarity",true
